stock_code,corp_code,bsns_year,reprt_code,rcept_no,period_end,filing_date,report_title,corp_name,corp_cls_reported,outside_directors,total_directors,g_value,source_hash,filing_list_hash,source_url,is_amendment,status,reason
017800,00164724,2024,11011,20250318000920,2024-12-31,2025-03-18,사업보고서 (2024.12),현대엘리베이터,Y,4.0,7.0,0.5714285714285714,71911898e4cbcc40d068966b4b6fdc7858684d0281dcc81fb5ef2ff92b8681ca,b32374e40ed42d87d186a2d152d57f47a29c03b09b3af38a76ca15683bdb3bd7,https://dart.fss.or.kr/dsaf001/main.do?rcpNo=20250318000920,False,PASS,
017800,00164724,2025,11011,20260318001372,2025-12-31,2026-03-18,사업보고서 (2025.12),현대엘리베이터,Y,4.0,7.0,0.5714285714285714,dcc25a81730a36bd55471f1d77054479485f3723eaca97d7aad89b4ba622b8b0,b32374e40ed42d87d186a2d152d57f47a29c03b09b3af38a76ca15683bdb3bd7,https://dart.fss.or.kr/dsaf001/main.do?rcpNo=20260318001372,False,PASS,
068270,00413046,2024,11011,20250317000929,2024-12-31,2025-03-17,사업보고서 (2024.12),셀트리온,Y,8.0,12.0,0.6666666666666666,5f1a728a4d1314151438c3017cb5444ea46974be3971674be2784c021cfd5fdc,a03ced3363cebd6046def2df3b8cd96b23222439edb81bce90573fd4b8c473b7,https://dart.fss.or.kr/dsaf001/main.do?rcpNo=20250317000929,False,PASS,
035720,00258801,2024,11011,20250324000901,2024-12-31,2025-03-24,[기재정정]사업보고서 (2024.12),카카오,Y,5.0,8.0,0.625,dd066e6ffc45f60a2c6cfb2ba36d2f5b2e485b281886b8201ecd95a98ea7b91b,a7f641685859b7792a92a499133aaff7bb0df0b3fb44a2b288aa755ceb7c6e8c,https://dart.fss.or.kr/dsaf001/main.do?rcpNo=20250324000901,True,PASS,
000850,00166519,2024,11011,20250312000803,2024-12-31,2025-03-12,사업보고서 (2024.12),화천기공,Y,2.0,7.0,0.2857142857142857,ad118e24a58e3d34be114e3d2338da40c3b85f94326d10182c974ef3c51c42b0,604cdbadb2037c1c7477442a29c43b3169460928fa5e47e09311687e12929d39,https://dart.fss.or.kr/dsaf001/main.do?rcpNo=20250312000803,False,PASS,
035720,00258801,2025,11011,20260318001423,2025-12-31,2026-03-18,사업보고서 (2025.12),카카오,Y,5.0,8.0,0.625,ff17dfefc33238b3977b7b0d8937f558b6fd6894e188b3d601bf6e1a2ae55b14,a7f641685859b7792a92a499133aaff7bb0df0b3fb44a2b288aa755ceb7c6e8c,https://dart.fss.or.kr/dsaf001/main.do?rcpNo=20260318001423,False,PASS,
035720,00258801,2022,11011,20240320000393,2022-12-31,2024-03-20,[기재정정]사업보고서 (2022.12),카카오,Y,4.0,6.0,0.6666666666666666,4d7ac6f5d40937216f6acd598fd630ae0446125ab7142774d39a49bfd87fb72b,a7f641685859b7792a92a499133aaff7bb0df0b3fb44a2b288aa755ceb7c6e8c,https://dart.fss.or.kr/dsaf001/main.do?rcpNo=20240320000393,True,PASS,
005930,00126380,2024,11011,20250311001085,2024-12-31,2025-03-11,사업보고서 (2024.12),삼성전자,Y,6.0,9.0,0.6666666666666666,0631597fe95b9f6909afed7149c3d0460e2398347d94932c07d37cb41f9a643c,d4a86b3c9647e183488c74821943c5329202a2e19df94fd22760ab6808f7bb44,https://dart.fss.or.kr/dsaf001/main.do?rcpNo=20250311001085,False,PASS,
017800,00164724,2022,11011,20230321001479,2022-12-31,2023-03-21,사업보고서 (2022.12),현대엘리베이터,Y,4.0,7.0,0.5714285714285714,818575841ff53ab07f78aacf7ed8800fa86fab0d70651420e9e42f88ba1e26a5,b32374e40ed42d87d186a2d152d57f47a29c03b09b3af38a76ca15683bdb3bd7,https://dart.fss.or.kr/dsaf001/main.do?rcpNo=20230321001479,False,PASS,
017800,00164724,2025,11013,20250515002909,2025-03-31,2025-05-15,분기보고서 (2025.03),현대엘리베이터,Y,4.0,7.0,0.5714285714285714,fb2b2121b349d0434ad84d5934bf1b4d48e49309dcb1b87eff35428d46e1eec3,b32374e40ed42d87d186a2d152d57f47a29c03b09b3af38a76ca15683bdb3bd7,https://dart.fss.or.kr/dsaf001/main.do?rcpNo=20250515002909,False,PASS,
000850,00166519,2025,11011,20260318000857,2025-12-31,2026-03-18,사업보고서 (2025.12),화천기공,Y,2.0,5.0,0.4,d374ab3232e776472c697d847a115dc3bfd24069def36ff0fd47dfb045f46451,604cdbadb2037c1c7477442a29c43b3169460928fa5e47e09311687e12929d39,https://dart.fss.or.kr/dsaf001/main.do?rcpNo=20260318000857,False,PASS,
005930,00126380,2022,11011,20230307000542,2022-12-31,2023-03-07,사업보고서 (2022.12),삼성전자,Y,6.0,11.0,0.5454545454545454,d7738055642808e0cc6906e2d1410802a4c6861ebee20ec3c7295f02b58fe743,d4a86b3c9647e183488c74821943c5329202a2e19df94fd22760ab6808f7bb44,https://dart.fss.or.kr/dsaf001/main.do?rcpNo=20230307000542,False,PASS,
005930,00126380,2024,11012,20240814003284,2024-06-30,2024-08-14,반기보고서 (2024.06),삼성전자,Y,6.0,10.0,0.6,87e79393f966c98581e71d37d4d3da6e181a40562442b2d188c576cf8213678a,d4a86b3c9647e183488c74821943c5329202a2e19df94fd22760ab6808f7bb44,https://dart.fss.or.kr/dsaf001/main.do?rcpNo=20240814003284,False,PASS,
000850,00166519,2022,11011,20230315000315,2022-12-31,2023-03-15,사업보고서 (2022.12),화천기공,Y,2.0,8.0,0.25,550ddc36d8c06610e162ac9c89b49f1d14f5a3791a9d63dcd94883b71b9765f5,604cdbadb2037c1c7477442a29c43b3169460928fa5e47e09311687e12929d39,https://dart.fss.or.kr/dsaf001/main.do?rcpNo=20230315000315,False,PASS,
005930,00126380,2025,11011,20260310002820,2025-12-31,2026-03-10,사업보고서 (2025.12),삼성전자,Y,6.0,9.0,0.6666666666666666,9a271dcef6d2cbd9ec858f0525198e34bf04623e33806e8f77cf016722912c4f,d4a86b3c9647e183488c74821943c5329202a2e19df94fd22760ab6808f7bb44,https://dart.fss.or.kr/dsaf001/main.do?rcpNo=20260310002820,False,PASS,
017800,00164724,2024,11012,20240814002987,2024-06-30,2024-08-14,반기보고서 (2024.06),현대엘리베이터,Y,4.0,7.0,0.5714285714285714,3b0b45ca26dca9a63ef6d50210c11001ee0a686f7fe518cb0294e1240825b6bb,b32374e40ed42d87d186a2d152d57f47a29c03b09b3af38a76ca15683bdb3bd7,https://dart.fss.or.kr/dsaf001/main.do?rcpNo=20240814002987,False,PASS,
068270,00413046,2022,11011,20230320000842,2022-12-31,2023-03-20,사업보고서 (2022.12),셀트리온,Y,5.0,9.0,0.5555555555555556,f77c73e1afa109261f16199eb2efd2d61470a3ead275abfdc3f66bafc25149d4,a03ced3363cebd6046def2df3b8cd96b23222439edb81bce90573fd4b8c473b7,https://dart.fss.or.kr/dsaf001/main.do?rcpNo=20230320000842,False,PASS,
068270,00413046,2025,11011,20260316001415,2025-12-31,2026-03-16,사업보고서 (2025.12),셀트리온,Y,8.0,12.0,0.6666666666666666,52fc938c955b9892f8e4422d07575cb4808d1dcf7e1a0401a5bacfc21a238718,a03ced3363cebd6046def2df3b8cd96b23222439edb81bce90573fd4b8c473b7,https://dart.fss.or.kr/dsaf001/main.do?rcpNo=20260316001415,False,PASS,
