stock_code,name,first_month,last_month,corp_code,first_filing,last_filing,filings,corp_codes_per_ticker,status
000020,동화약품,1999-12-01,2026-05-01,00119195,20150331,20260318,15.0,1.0,UNIQUE_OFFICIAL
000040,KR모터스,1999-12-01,2026-05-01,00112378,20150331,20260320,20.0,1.0,UNIQUE_OFFICIAL
000050,경방,1999-12-01,2026-05-01,00101628,20150331,20260318,14.0,1.0,UNIQUE_OFFICIAL
000070,삼양홀딩스,1999-12-01,2026-05-01,00126937,20150331,20260323,15.0,1.0,UNIQUE_OFFICIAL
000080,하이트진로,1999-12-01,2026-05-01,00150244,20150331,20260318,17.0,1.0,UNIQUE_OFFICIAL
000100,유한양행,1999-12-01,2026-05-01,00145109,20150331,20260312,12.0,1.0,UNIQUE_OFFICIAL
000120,CJ대한통운,1999-12-01,2026-05-01,00113410,20150331,20260316,15.0,1.0,UNIQUE_OFFICIAL
000140,하이트진로홀딩스,1999-12-01,2026-05-01,00148993,20150331,20260318,17.0,1.0,UNIQUE_OFFICIAL
000150,두산,1999-12-01,2026-05-01,00117212,20150331,20260323,24.0,1.0,UNIQUE_OFFICIAL
000180,성창기업지주,1999-12-01,2026-05-01,00133335,20150331,20260318,12.0,1.0,UNIQUE_OFFICIAL
000200,대우중공업,1999-12-01,2001-04-01,,,,,,NO_OFFICIAL_MAPPING
000210,DL,1999-12-01,2026-05-01,00109693,20150331,20260318,20.0,1.0,UNIQUE_OFFICIAL
000220,유유제약,1999-12-01,2026-05-01,00144818,20150629,20260318,12.0,1.0,UNIQUE_OFFICIAL
000230,일동홀딩스,1999-12-01,2026-05-01,00146083,20150331,20260318,12.0,1.0,UNIQUE_OFFICIAL
000240,한국앤컴퍼니,1999-12-01,2026-05-01,00160047,20150331,20260318,22.0,1.0,UNIQUE_OFFICIAL
000270,기아,1999-12-01,2026-05-01,00106641,20150331,20260312,22.0,1.0,UNIQUE_OFFICIAL
000280,동아건설산업(주),1999-12-01,2001-05-01,,,,,,NO_OFFICIAL_MAPPING
000300,DH오토넥스,1999-12-01,2026-05-01,00126089,20150331,20260410,30.0,1.0,UNIQUE_OFFICIAL
000310,하이콘테크(주),1999-12-01,2001-10-01,,,,,,NO_OFFICIAL_MAPPING
000320,노루홀딩스,1999-12-01,2026-05-01,00113508,20150331,20260312,15.0,1.0,UNIQUE_OFFICIAL
000360,삼환기업(주),1999-12-01,2015-03-01,00129411,20150331,20190401,5.0,1.0,UNIQUE_OFFICIAL
000390,SP삼화,1999-12-01,2026-05-01,00129387,20150330,20260318,13.0,1.0,UNIQUE_OFFICIAL
000420,(주)로케트전기,1999-12-01,2015-01-01,00120377,20150331,20160330,3.0,1.0,UNIQUE_OFFICIAL
000430,대원강업,1999-12-01,2026-05-01,00111847,20150331,20260318,15.0,1.0,UNIQUE_OFFICIAL
000480,CR홀딩스,1999-12-01,2026-05-01,00148984,20150331,20260319,17.0,1.0,UNIQUE_OFFICIAL
000490,대동,1999-12-01,2026-05-01,00109286,20150330,20260318,13.0,1.0,UNIQUE_OFFICIAL
000500,가온전선,1999-12-01,2026-05-01,00104768,20150331,20260316,16.0,1.0,UNIQUE_OFFICIAL
000520,삼일제약,1999-12-01,2026-05-01,00128032,20150330,20260318,15.0,1.0,UNIQUE_OFFICIAL
000540,흥국화재,1999-12-01,2026-05-01,00103176,20150330,20260319,15.0,1.0,UNIQUE_OFFICIAL
000590,CS홀딩스,1999-12-01,2026-05-01,00149026,20150331,20260323,16.0,1.0,UNIQUE_OFFICIAL
000610,제일화재,1999-12-01,2009-12-01,,,,,,NO_OFFICIAL_MAPPING
000640,동아쏘시오홀딩스,1999-12-01,2026-05-01,00116824,20150331,20260318,13.0,1.0,UNIQUE_OFFICIAL
000650,천일고속,1999-12-01,2026-05-01,00151395,20150331,20260319,15.0,1.0,UNIQUE_OFFICIAL
000660,SK하이닉스,1999-12-01,2026-05-01,00164779,20150331,20260317,17.0,1.0,UNIQUE_OFFICIAL
000670,영풍,1999-12-01,2026-05-01,00141307,20150331,20260317,18.0,1.0,UNIQUE_OFFICIAL
000680,LS네트웍스,1999-12-01,2026-05-01,00104698,20150331,20260318,18.0,1.0,UNIQUE_OFFICIAL
000700,유수홀딩스,1999-12-01,2026-05-01,00163691,20150331,20260323,16.0,1.0,UNIQUE_OFFICIAL
000720,현대건설,1999-12-01,2026-05-01,00164478,20150331,20260318,20.0,1.0,UNIQUE_OFFICIAL
000760,이화산업,1999-12-01,2026-05-01,00145686,20150626,20260319,17.0,1.0,UNIQUE_OFFICIAL
000790,씨앤상선,1999-12-01,2011-04-01,,,,,,NO_OFFICIAL_MAPPING
000800,경남기업,1999-12-01,2026-04-01,00101257,20150331,20260327,13.0,1.0,UNIQUE_OFFICIAL
000810,삼성화재,1999-12-01,2026-05-01,00139214,20150331,20260313,15.0,1.0,UNIQUE_OFFICIAL
000830,삼성물산,1999-12-01,2015-08-01,00126229,20150331,20150331,1.0,1.0,UNIQUE_OFFICIAL
000840,한국벨트,1999-12-01,2000-05-01,,,,,,NO_OFFICIAL_MAPPING
000850,화천기공,1999-12-01,2026-05-01,00166519,20150330,20260515,46.0,1.0,UNIQUE_OFFICIAL
000860,강남제비스코,1999-12-01,2026-05-01,00100939,20150331,20260318,19.0,1.0,UNIQUE_OFFICIAL
000880,한화,1999-12-01,2026-05-01,00160588,20150331,20260331,25.0,1.0,UNIQUE_OFFICIAL
000890,보해양조,1999-12-01,2026-05-01,00123541,20150330,20260318,16.0,1.0,UNIQUE_OFFICIAL
000900,강원산업,1999-12-01,2000-03-01,,,,,,NO_OFFICIAL_MAPPING
000910,유니온,1999-12-01,2026-05-01,00144252,20150331,20260319,14.0,1.0,UNIQUE_OFFICIAL
000950,전방,1999-12-01,2026-05-01,00147222,20150331,20260319,18.0,1.0,UNIQUE_OFFICIAL
000970,한국주철관,1999-12-01,2026-05-01,00159573,20150629,20260319,12.0,1.0,UNIQUE_OFFICIAL
000980,극동건설,1999-12-01,2018-04-01,,,,,,NO_OFFICIAL_MAPPING
000990,DB하이텍,1999-12-01,2026-05-01,00160843,20150327,20260316,14.0,1.0,UNIQUE_OFFICIAL
001020,페이퍼코리아,1999-12-01,2026-05-01,00134723,20150331,20260323,16.0,1.0,UNIQUE_OFFICIAL
001040,CJ,1999-12-01,2026-05-01,00148540,20150331,20260318,14.0,1.0,UNIQUE_OFFICIAL
001060,JW중외제약,1999-12-01,2026-05-01,00149947,20150331,20260318,21.0,1.0,UNIQUE_OFFICIAL
001070,대한방직,1999-12-01,2026-05-01,00112970,20150331,20260319,20.0,1.0,UNIQUE_OFFICIAL
001080,만호제강,1999-12-01,2026-05-01,00120872,20150930,20250930,14.0,1.0,UNIQUE_OFFICIAL
001110,(주)대농,1999-12-01,2002-03-01,,,,,,NO_OFFICIAL_MAPPING
001120,LX인터내셔널,1999-12-01,2026-05-01,00120076,20150331,20260318,13.0,1.0,UNIQUE_OFFICIAL
001130,대한제분,1999-12-01,2026-05-01,00113243,20150330,20260319,15.0,1.0,UNIQUE_OFFICIAL
001140,국보,1999-12-01,2025-12-01,00104519,20150331,20260330,18.0,1.0,UNIQUE_OFFICIAL
001150,(주)서통,1999-12-01,2003-09-01,,,,,,NO_OFFICIAL_MAPPING
001190,마이크로닉스,1999-12-01,2009-03-01,,,,,,NO_OFFICIAL_MAPPING
001210,금호전기,1999-12-01,2026-05-01,00106395,20150305,20260318,19.0,1.0,UNIQUE_OFFICIAL
001230,동국홀딩스,1999-12-01,2026-05-01,00114792,20150331,20260318,19.0,1.0,UNIQUE_OFFICIAL
001250,GS글로벌,1999-12-01,2026-05-01,00138190,20150331,20260317,15.0,1.0,UNIQUE_OFFICIAL
001260,남광토건,1999-12-01,2026-05-01,00107066,20150331,20260323,15.0,1.0,UNIQUE_OFFICIAL
001300,제일모직,1999-12-01,2014-06-01,,,,,,NO_OFFICIAL_MAPPING
001310,풍림산업,1999-12-01,2017-03-01,00155498,20150331,20230330,9.0,1.0,UNIQUE_OFFICIAL
001340,PKC,1999-12-01,2026-05-01,00122472,20150331,20260320,22.0,1.0,UNIQUE_OFFICIAL
001350,대한모방,1999-12-01,2000-05-01,,,,,,NO_OFFICIAL_MAPPING
001360,삼성제약,1999-12-01,2026-05-01,00126414,20150331,20260318,18.0,1.0,UNIQUE_OFFICIAL
001370,FnC코오롱,1999-12-01,2009-07-01,,,,,,NO_OFFICIAL_MAPPING
001380,SG글로벌,1999-12-01,2026-05-01,00152039,20150331,20260318,12.0,1.0,UNIQUE_OFFICIAL
001390,KG케미칼,1999-12-01,2026-05-01,00101220,20150331,20260323,17.0,1.0,UNIQUE_OFFICIAL
001400,동산씨앤지,1999-12-01,2001-03-01,,,,,,NO_OFFICIAL_MAPPING
001420,태원물산,1999-12-01,2026-05-01,00154055,20150331,20260327,13.0,1.0,UNIQUE_OFFICIAL
001430,세아베스틸지주,1999-12-01,2026-05-01,00106669,20150331,20260316,15.0,1.0,UNIQUE_OFFICIAL
001440,대한전선,1999-12-01,2026-05-01,00113207,20150331,20260318,15.0,1.0,UNIQUE_OFFICIAL
001450,현대해상,1999-12-01,2026-05-01,00164973,20150331,20260312,17.0,1.0,UNIQUE_OFFICIAL
001460,BYC,1999-12-01,2026-05-01,00122579,20150331,20260319,13.0,1.0,UNIQUE_OFFICIAL
001470,삼부토건,1999-12-01,2026-05-01,00125974,20150331,20260407,32.0,1.0,UNIQUE_OFFICIAL
001490,천지산업,1999-12-01,2026-04-01,00151447,20150331,20260331,13.0,1.0,UNIQUE_OFFICIAL
001520,동양,1999-12-01,2026-05-01,00117337,20150331,20260318,19.0,1.0,UNIQUE_OFFICIAL
001530,DI동일,1999-12-01,2026-05-01,00118345,20150331,20260323,16.0,1.0,UNIQUE_OFFICIAL
001550,조비,1999-12-01,2026-05-01,00148948,20150331,20260318,14.0,1.0,UNIQUE_OFFICIAL
001560,제일연마,2005-12-01,2026-05-01,00148461,20150331,20260318,13.0,1.0,UNIQUE_OFFICIAL
001570,금양,1999-12-01,2026-05-01,00106119,20150331,20260323,16.0,1.0,UNIQUE_OFFICIAL
001580,신광기업,1999-12-01,2005-07-01,,,,,,NO_OFFICIAL_MAPPING
001590,일화모직공업,1999-12-01,2017-07-01,00146719,20150226,20260224,13.0,1.0,UNIQUE_OFFICIAL
001600,(주)서광건설산업,1999-12-01,2010-03-01,,,,,,NO_OFFICIAL_MAPPING
001620,케이비아이동국실업,1999-12-01,2026-05-01,00114765,20150331,20260317,13.0,1.0,UNIQUE_OFFICIAL
001630,종근당홀딩스,1999-12-01,2026-05-01,00149354,20150331,20260318,13.0,1.0,UNIQUE_OFFICIAL
001670,경남모직(주),1999-12-01,2005-03-01,,,,,,NO_OFFICIAL_MAPPING
001680,대상,1999-12-01,2026-05-01,00121941,20150331,20260327,18.0,1.0,UNIQUE_OFFICIAL
001690,두산테크팩,1999-12-01,2001-12-01,,,,,,NO_OFFICIAL_MAPPING
001740,SK네트웍스,1999-12-01,2026-05-01,00131780,20150331,20260318,17.0,1.0,UNIQUE_OFFICIAL
001770,SHD,1999-12-01,2026-05-01,00137809,20150331,20260318,14.0,1.0,UNIQUE_OFFICIAL
001780,알루코,1999-12-01,2026-05-01,00117027,20150327,20260318,14.0,1.0,UNIQUE_OFFICIAL
001790,대한제당,1999-12-01,2026-05-01,00113234,20150331,20260319,16.0,1.0,UNIQUE_OFFICIAL
001800,오리온홀딩스,1999-12-01,2026-05-01,00117577,20150331,20260318,14.0,1.0,UNIQUE_OFFICIAL
001820,삼화콘덴서,1999-12-01,2026-05-01,00129350,20150331,20260319,13.0,1.0,UNIQUE_OFFICIAL
001830,동부일렉트로닉스,1999-12-01,2007-04-01,,,,,,NO_OFFICIAL_MAPPING
001880,디엘건설(주),1999-12-01,2024-02-01,00128971,20150331,20250314,16.0,1.0,UNIQUE_OFFICIAL
001890,에이치디씨영창,1999-12-01,2026-04-01,00141282,20150331,20260331,12.0,1.0,UNIQUE_OFFICIAL
001920,한보철강공업(주),1999-12-01,2002-03-01,,,,,,NO_OFFICIAL_MAPPING
001940,KISCO홀딩스,1999-12-01,2026-05-01,00159740,20150331,20260319,16.0,1.0,UNIQUE_OFFICIAL
001950,남한제지,1999-12-01,2009-09-01,,,,,,NO_OFFICIAL_MAPPING
001970,SG신성건설,1999-12-01,2026-04-01,00173661,20150331,20260331,15.0,1.0,UNIQUE_OFFICIAL
001980,대호,1999-12-01,2004-04-01,,,,,,NO_OFFICIAL_MAPPING
002000,생고뱅코리아홀딩스(주),1999-12-01,2018-11-01,00159005,20150331,20210331,9.0,1.0,UNIQUE_OFFICIAL
002020,코오롱,1999-12-01,2026-05-01,00152862,20150331,20260323,17.0,1.0,UNIQUE_OFFICIAL
002030,아세아,1999-12-01,2026-05-01,00138701,20150331,20260326,14.0,1.0,UNIQUE_OFFICIAL
002050,경향건설,1999-12-01,2003-04-01,,,,,,NO_OFFICIAL_MAPPING
002070,비비안,1999-12-01,2026-05-01,00107677,20150331,20260323,18.0,1.0,UNIQUE_OFFICIAL
002080,벽산개발,1999-12-01,2000-11-01,,,,,,NO_OFFICIAL_MAPPING
002100,경농,1999-12-01,2026-05-01,00101433,20150331,20260318,13.0,1.0,UNIQUE_OFFICIAL
002130,(주)피어리스,1999-12-01,2001-11-01,,,,,,NO_OFFICIAL_MAPPING
002140,고려산업,1999-12-01,2026-05-01,00102751,20150330,20260311,14.0,1.0,UNIQUE_OFFICIAL
002150,도화엔지니어링,2010-08-01,2026-05-01,00114552,20150331,20260316,14.0,1.0,UNIQUE_OFFICIAL
002170,SYTS,1999-12-01,2026-05-01,00127042,20150331,20260319,14.0,1.0,UNIQUE_OFFICIAL
002180,삼익건설(주),1999-12-01,2002-02-01,,,,,,NO_OFFICIAL_MAPPING
002200,한국수출포장,1999-12-01,2026-05-01,00158112,20150331,20260311,13.0,1.0,UNIQUE_OFFICIAL
002210,동성제약,1999-12-01,2026-05-01,00116268,20150331,20260506,21.0,1.0,UNIQUE_OFFICIAL
002220,한일철강,1999-12-01,2026-05-01,00163196,20150331,20260311,21.0,1.0,UNIQUE_OFFICIAL
002240,고려제강,1999-12-01,2026-05-01,00103006,20150327,20260319,18.0,1.0,UNIQUE_OFFICIAL
002250,알보젠코리아(주),1999-12-01,2019-04-01,00105244,20150331,20200330,7.0,1.0,UNIQUE_OFFICIAL
002270,롯데푸드,1999-12-01,2022-06-01,00120508,20150331,20220315,10.0,1.0,UNIQUE_OFFICIAL
002300,한국제지,1999-12-01,2020-06-01,00159412,20150331,20200330,8.0,1.0,UNIQUE_OFFICIAL
002310,아세아제지,1999-12-01,2026-05-01,00138729,20150331,20260318,12.0,1.0,UNIQUE_OFFICIAL
002320,한진,1999-12-01,2026-05-01,00163512,20150331,20260316,17.0,1.0,UNIQUE_OFFICIAL
002350,넥센타이어,1999-12-01,2026-05-01,00173874,20150331,20260318,13.0,1.0,UNIQUE_OFFICIAL
002360,SH에너지화학,1999-12-01,2026-05-01,00136457,20150331,20260320,13.0,1.0,UNIQUE_OFFICIAL
002380,KCC,1999-12-01,2026-05-01,00105271,20150331,20260309,19.0,1.0,UNIQUE_OFFICIAL
002390,한독,1999-12-01,2026-05-01,00161046,20150331,20260318,15.0,1.0,UNIQUE_OFFICIAL
002410,범양건영,1999-12-01,2026-05-01,00122694,20150327,20260331,25.0,1.0,UNIQUE_OFFICIAL
002420,세기상사,1999-12-01,2026-05-01,00133618,20150330,20260318,14.0,1.0,UNIQUE_OFFICIAL
002450,삼익악기,1999-12-01,2026-05-01,00127857,20150331,20260320,16.0,1.0,UNIQUE_OFFICIAL
002460,HS화성,1999-12-01,2026-05-01,00174527,20150331,20260430,14.0,1.0,UNIQUE_OFFICIAL
002470,신영씨앤디,1999-12-01,2026-04-01,,,,,,NO_OFFICIAL_MAPPING
002530,벽산건설,1999-12-01,2014-03-01,,,,,,NO_OFFICIAL_MAPPING
002540,고제,1999-12-01,2010-03-01,,,,,,NO_OFFICIAL_MAPPING
002580,삼미,1999-12-01,2026-04-01,,,,,,NO_OFFICIAL_MAPPING
002600,조흥,1999-12-01,2026-05-01,00149345,20150330,20260312,14.0,1.0,UNIQUE_OFFICIAL
002610,(주)LGEI,1999-12-01,2003-02-01,,,,,,NO_OFFICIAL_MAPPING
002620,제일파마홀딩스,1999-12-01,2026-05-01,00148443,20150331,20260316,13.0,1.0,UNIQUE_OFFICIAL
002630,오리엔트바이오,1999-12-01,2026-05-01,00141626,20150421,20250619,20.0,1.0,UNIQUE_OFFICIAL
002690,동일제강,2015-09-01,2026-05-01,00118451,20160330,20260323,13.0,1.0,UNIQUE_OFFICIAL
002700,신일전자,1999-12-01,2026-05-01,00173698,20150331,20260320,15.0,1.0,UNIQUE_OFFICIAL
002710,TCC스틸,1999-12-01,2026-05-01,00117300,20150331,20260318,16.0,1.0,UNIQUE_OFFICIAL
002720,국제약품,1999-12-01,2026-05-01,00104722,20150331,20260318,13.0,1.0,UNIQUE_OFFICIAL
002740,동양화학공업,1999-12-01,2001-04-01,,,,,,NO_OFFICIAL_MAPPING
002760,보락,1999-12-01,2026-05-01,00123107,20150330,20260318,12.0,1.0,UNIQUE_OFFICIAL
002780,진흥기업,1999-12-01,2026-05-01,00150828,20150331,20260311,14.0,1.0,UNIQUE_OFFICIAL
002790,아모레퍼시픽홀딩스,1999-12-01,2026-05-01,00154462,20150331,20260318,16.0,1.0,UNIQUE_OFFICIAL
002810,삼영무역,1999-12-01,2026-05-01,00127167,20150331,20260318,14.0,1.0,UNIQUE_OFFICIAL
002820,SUN&L,1999-12-01,2026-05-01,00132211,20150330,20260323,15.0,1.0,UNIQUE_OFFICIAL
002840,미원상사,1999-12-01,2026-05-01,00121932,20150327,20260316,15.0,1.0,UNIQUE_OFFICIAL
002850,영풍산업,1999-12-01,2004-03-01,,,,,,NO_OFFICIAL_MAPPING
002870,신풍,1999-12-01,2026-05-01,00137368,20150331,20260319,13.0,1.0,UNIQUE_OFFICIAL
002880,디와이에이,1999-12-01,2026-05-01,00149804,20150331,20260317,19.0,1.0,UNIQUE_OFFICIAL
002900,TYM,1999-12-01,2026-05-01,00117230,20150331,20260318,17.0,1.0,UNIQUE_OFFICIAL
002920,유성기업,1999-12-01,2026-05-01,00174004,20150331,20260318,16.0,1.0,UNIQUE_OFFICIAL
002930,삼도물산,1999-12-01,2004-04-01,,,,,,NO_OFFICIAL_MAPPING
002940,경동산업,1999-12-01,2000-05-01,,,,,,NO_OFFICIAL_MAPPING
002950,두산건설(주),1999-12-01,2004-04-01,,,,,,NO_OFFICIAL_MAPPING
002960,한국쉘석유,1999-12-01,2026-05-01,00158149,20150331,20260319,14.0,1.0,UNIQUE_OFFICIAL
002990,금호건설,1999-12-01,2026-05-01,00106313,20150331,20260318,17.0,1.0,UNIQUE_OFFICIAL
003000,부광약품,1999-12-01,2026-05-01,00123718,20150330,20260316,18.0,1.0,UNIQUE_OFFICIAL
003010,혜인,1999-12-01,2026-05-01,00165343,20150331,20260319,14.0,1.0,UNIQUE_OFFICIAL
003020,(주)남양,1999-12-01,2004-04-01,,,,,,NO_OFFICIAL_MAPPING
003030,세아제강지주,1999-12-01,2026-05-01,00124197,20150331,20260316,15.0,1.0,UNIQUE_OFFICIAL
003040,한일약품,1999-12-01,2006-10-01,,,,,,NO_OFFICIAL_MAPPING
003050,넥상스코리아(주),1999-12-01,2004-11-01,00110547,20150330,20260331,12.0,1.0,UNIQUE_OFFICIAL
003060,에이프로젠바이오로직스,1999-12-01,2026-05-01,00101044,20150330,20260320,15.0,1.0,UNIQUE_OFFICIAL
003070,코오롱글로벌,1999-12-01,2026-05-01,00152880,20150331,20260323,22.0,1.0,UNIQUE_OFFICIAL
003080,SB성보,1999-12-01,2026-05-01,00132725,20150331,20260318,13.0,1.0,UNIQUE_OFFICIAL
003090,대웅,1999-12-01,2026-05-01,00111810,20150331,20260318,14.0,1.0,UNIQUE_OFFICIAL
003110,대일화학공업(주),1999-12-01,2002-03-01,,,,,,NO_OFFICIAL_MAPPING
003120,일성아이에스,1999-12-01,2026-05-01,00146214,20150331,20260318,15.0,1.0,UNIQUE_OFFICIAL
003160,디아이,1999-12-01,2026-05-01,00118275,20150331,20260312,21.0,1.0,UNIQUE_OFFICIAL
003190,(주)알바이오,1999-12-01,2013-04-01,00112004,20150331,20260331,17.0,1.0,UNIQUE_OFFICIAL
003200,일신방직,1999-12-01,2026-05-01,00146269,20150331,20260318,15.0,1.0,UNIQUE_OFFICIAL
003220,대원제약,1999-12-01,2026-05-01,00111999,20150331,20260318,16.0,1.0,UNIQUE_OFFICIAL
003230,삼양식품,1999-12-01,2026-05-01,00126955,20150331,20260318,15.0,1.0,UNIQUE_OFFICIAL
003240,태광산업,1999-12-01,2026-05-01,00153393,20150331,20260323,22.0,1.0,UNIQUE_OFFICIAL
003260,서광,1999-12-01,2026-03-01,,,,,,NO_OFFICIAL_MAPPING
003280,흥아해운,1999-12-01,2026-05-01,00167208,20150331,20260318,16.0,1.0,UNIQUE_OFFICIAL
003300,한일홀딩스,1999-12-01,2026-05-01,00162993,20150331,20260318,16.0,1.0,UNIQUE_OFFICIAL
003350,한국화장품제조,1999-12-01,2026-05-01,00160621,20150331,20260319,14.0,1.0,UNIQUE_OFFICIAL
003410,쌍용C&E,1999-12-01,2024-06-01,00138224,20150330,20260331,15.0,1.0,UNIQUE_OFFICIAL
003480,한진중공업홀딩스,1999-12-01,2026-05-01,00163673,20150331,20260319,13.0,1.0,UNIQUE_OFFICIAL
003490,대한항공,1999-12-01,2026-05-01,00113526,20150331,20260318,18.0,1.0,UNIQUE_OFFICIAL
003520,영진약품,1999-12-01,2026-05-01,00141149,20150331,20260312,16.0,1.0,UNIQUE_OFFICIAL
003550,LG,1999-12-01,2026-05-01,00120021,20150331,20260318,13.0,1.0,UNIQUE_OFFICIAL
003560,IHQ,1999-12-01,2025-12-01,00154426,20150331,20260320,17.0,1.0,UNIQUE_OFFICIAL
003570,SNT다이내믹스,1999-12-01,2026-05-01,00134477,20150323,20260219,12.0,1.0,UNIQUE_OFFICIAL
003580,HLB글로벌,1999-12-01,2026-05-01,00169048,20150331,20260318,15.0,1.0,UNIQUE_OFFICIAL
003590,광덕물산,1999-12-01,2004-06-01,,,,,,NO_OFFICIAL_MAPPING
003600,SK,1999-12-01,2015-07-01,00144155,20150331,20150331,1.0,1.0,UNIQUE_OFFICIAL
003610,방림,1999-12-01,2026-05-01,00122348,20151229,20251222,14.0,1.0,UNIQUE_OFFICIAL
003620,KG모빌리티,1999-12-01,2026-05-01,00138242,20150331,20260318,14.0,1.0,UNIQUE_OFFICIAL
003640,유니온스틸(주),1999-12-01,2014-12-01,,,,,,NO_OFFICIAL_MAPPING
003650,미창석유,1999-12-01,2026-05-01,00122056,20150327,20260320,13.0,1.0,UNIQUE_OFFICIAL
003660,고려시멘트,1999-12-01,2008-07-01,,,,,,NO_OFFICIAL_MAPPING
003670,포스코퓨처엠,2001-11-01,2026-05-01,00155276,20150331,20260312,16.0,1.0,UNIQUE_OFFICIAL
003680,한성기업,1999-12-01,2026-05-01,00161860,20150331,20260318,13.0,1.0,UNIQUE_OFFICIAL
003690,코리안리,1999-12-01,2026-05-01,00113191,20150331,20260331,19.0,1.0,UNIQUE_OFFICIAL
003720,삼영,1999-12-01,2026-05-01,00127255,20150331,20260323,14.0,1.0,UNIQUE_OFFICIAL
003780,진양산업,1999-12-01,2026-05-01,00150439,20150331,20260305,12.0,1.0,UNIQUE_OFFICIAL
003810,(주)대우,1999-12-01,2001-04-01,,,,,,NO_OFFICIAL_MAPPING
003830,대한화섬,1999-12-01,2026-05-01,00113544,20150331,20260318,19.0,1.0,UNIQUE_OFFICIAL
003850,보령,1999-12-01,2026-05-01,00123143,20150331,20260327,16.0,1.0,UNIQUE_OFFICIAL
003900,(주)동원데어리푸드,1999-12-01,2004-02-01,,,,,,NO_OFFICIAL_MAPPING
003920,남양유업,1999-12-01,2026-05-01,00107598,20150331,20260319,24.0,1.0,UNIQUE_OFFICIAL
003930,(주)부흥,1999-12-01,2004-05-01,,,,,,NO_OFFICIAL_MAPPING
003940,(주)삼양제넥스,1999-12-01,2015-12-01,00132105,20150331,20150331,1.0,1.0,UNIQUE_OFFICIAL
003960,사조대림,1999-12-01,2026-05-01,00109718,20150331,20260318,15.0,1.0,UNIQUE_OFFICIAL
003980,(주)한일합섬,1999-12-01,2003-08-01,,,,,,NO_OFFICIAL_MAPPING
003990,BHK,1999-12-01,2009-03-01,,,,,,NO_OFFICIAL_MAPPING
004000,롯데정밀화학,1999-12-01,2026-05-01,00157681,20150331,20260311,15.0,1.0,UNIQUE_OFFICIAL
004010,(주)롯데미도파,1999-12-01,2012-12-01,,,,,,NO_OFFICIAL_MAPPING
004020,현대제철,1999-12-01,2026-05-01,00145880,20150331,20260319,15.0,1.0,UNIQUE_OFFICIAL
004060,SG세계물산,1999-12-01,2026-05-01,00133511,20150331,20260320,13.0,1.0,UNIQUE_OFFICIAL
004080,신흥,1999-12-01,2026-05-01,00173795,20150331,20260319,14.0,1.0,UNIQUE_OFFICIAL
004090,한국석유,1999-12-01,2026-05-01,00157991,20150331,20260319,12.0,1.0,UNIQUE_OFFICIAL
004100,태양금속,1999-12-01,2026-05-01,00153755,20150331,20260324,17.0,1.0,UNIQUE_OFFICIAL
004110,대선주조(주),1999-12-01,2002-03-01,,,,,,NO_OFFICIAL_MAPPING
004130,대덕GDS,1999-12-01,2018-11-01,00109170,20150331,20180402,4.0,1.0,UNIQUE_OFFICIAL
004140,동방,1999-12-01,2026-05-01,00115287,20150331,20260319,19.0,1.0,UNIQUE_OFFICIAL
004150,한솔홀딩스,1999-12-01,2026-05-01,00171636,20150320,20260318,17.0,1.0,UNIQUE_OFFICIAL
004170,신세계,1999-12-01,2026-05-01,00136378,20150331,20260316,12.0,1.0,UNIQUE_OFFICIAL
004190,(주)스마텔,1999-12-01,2004-02-01,,,,,,NO_OFFICIAL_MAPPING
004200,고려개발,1999-12-01,2020-06-01,00102681,20150331,20200327,8.0,1.0,UNIQUE_OFFICIAL
004230,세신(주),1999-12-01,2009-03-01,,,,,,NO_OFFICIAL_MAPPING
004250,NPC,1999-12-01,2026-05-01,00108038,20150331,20260323,12.0,1.0,UNIQUE_OFFICIAL
004270,남성,1999-12-01,2026-05-01,00172185,20150331,20260320,13.0,1.0,UNIQUE_OFFICIAL
004290,아이케이엔터프라이즈,1999-12-01,2001-12-01,,,,,,NO_OFFICIAL_MAPPING
004310,현대약품,1999-12-01,2026-05-01,00164706,20150227,20260213,14.0,1.0,UNIQUE_OFFICIAL
004360,세방,1999-12-01,2026-05-01,00133812,20150331,20260320,19.0,1.0,UNIQUE_OFFICIAL
004370,농심,1999-12-01,2026-05-01,00108241,20150330,20260311,16.0,1.0,UNIQUE_OFFICIAL
004380,삼익THK,1999-12-01,2026-05-01,00127802,20150330,20260319,14.0,1.0,UNIQUE_OFFICIAL
004390,오리온전기(주),1999-12-01,2002-03-01,,,,,,NO_OFFICIAL_MAPPING
004410,서울식품,1999-12-01,2026-05-01,00130879,20150331,20260319,15.0,1.0,UNIQUE_OFFICIAL
004420,동국무역,1999-12-01,2002-03-01,,,,,,NO_OFFICIAL_MAPPING
004430,송원산업,1999-12-01,2026-05-01,00134963,20150327,20260304,13.0,1.0,UNIQUE_OFFICIAL
004440,삼일씨엔에스,2016-03-01,2026-05-01,00109806,20170331,20260323,12.0,1.0,UNIQUE_OFFICIAL
004450,삼화왕관,1999-12-01,2026-05-01,00129235,20150331,20260319,15.0,1.0,UNIQUE_OFFICIAL
004460,(주)고합,1999-12-01,2002-03-01,,,,,,NO_OFFICIAL_MAPPING
004490,세방전지,1999-12-01,2026-05-01,00133858,20150331,20260319,12.0,1.0,UNIQUE_OFFICIAL
004510,(주)디와이홀딩스,1999-12-01,2004-03-01,,,,,,NO_OFFICIAL_MAPPING
004530,SY,1999-12-01,2008-03-01,,,,,,NO_OFFICIAL_MAPPING
004540,깨끗한나라,1999-12-01,2026-05-01,00113492,20150327,20260319,17.0,1.0,UNIQUE_OFFICIAL
004550,대우송도개발(주),1999-12-01,2012-05-01,,,,,,NO_OFFICIAL_MAPPING
004560,현대비앤지스틸,1999-12-01,2026-05-01,00125743,20150331,20260316,13.0,1.0,UNIQUE_OFFICIAL
004620,캠브리지코오롱,1999-12-01,2011-04-01,,,,,,NO_OFFICIAL_MAPPING
004660,(주)신동방CP,1999-12-01,2005-02-01,,,,,,NO_OFFICIAL_MAPPING
004690,삼천리,1999-12-01,2026-05-01,00128555,20150331,20260312,14.0,1.0,UNIQUE_OFFICIAL
004700,조광피혁,1999-12-01,2026-05-01,00148939,20150331,20260319,21.0,1.0,UNIQUE_OFFICIAL
004710,한솔테크닉스,1999-12-01,2026-05-01,00157399,20150320,20260326,16.0,1.0,UNIQUE_OFFICIAL
004720,팜젠사이언스,1999-12-01,2026-05-01,00135050,20150331,20260515,13.0,1.0,UNIQUE_OFFICIAL
004730,진로종합식품,1999-12-01,1999-12-01,,,,,,NO_OFFICIAL_MAPPING
004740,(주)보루네오가구,1999-12-01,2017-06-01,00123152,20150331,20190401,6.0,1.0,UNIQUE_OFFICIAL
004770,써니전자,1999-12-01,2026-05-01,00138057,20150331,20260318,13.0,1.0,UNIQUE_OFFICIAL
004800,효성,1999-12-01,2026-05-01,00117188,20150331,20260312,21.0,1.0,UNIQUE_OFFICIAL
004820,조인에너지,1999-12-01,2010-03-01,,,,,,NO_OFFICIAL_MAPPING
004830,덕성,1999-12-01,2026-05-01,00114093,20150331,20260318,13.0,1.0,UNIQUE_OFFICIAL
004840,DRB동일,1999-12-01,2026-05-01,00118266,20150331,20260319,17.0,1.0,UNIQUE_OFFICIAL
004870,티웨이홀딩스,1999-12-01,2026-05-01,00109514,20150331,20260323,15.0,1.0,UNIQUE_OFFICIAL
004890,동일산업,2005-06-01,2026-05-01,00172936,20150331,20260326,19.0,1.0,UNIQUE_OFFICIAL
004910,조광페인트,1999-12-01,2026-05-01,00148920,20150330,20260323,17.0,1.0,UNIQUE_OFFICIAL
004920,씨아이테크,1999-12-01,2026-05-01,00127158,20150331,20260323,21.0,1.0,UNIQUE_OFFICIAL
004960,한신공영,1999-12-01,2026-05-01,00162063,20150331,20260319,16.0,1.0,UNIQUE_OFFICIAL
004970,신라교역,1999-12-01,2026-05-01,00135962,20150331,20260515,18.0,1.0,UNIQUE_OFFICIAL
004980,성신양회,1999-12-01,2026-05-01,00132804,20150331,20260318,13.0,1.0,UNIQUE_OFFICIAL
004990,롯데지주,1999-12-01,2026-05-01,00120562,20150331,20260316,16.0,1.0,UNIQUE_OFFICIAL
005010,휴스틸,1999-12-01,2026-05-01,00156488,20150331,20260323,13.0,1.0,UNIQUE_OFFICIAL
005030,부산주공,1999-12-01,2026-05-01,00124151,20150331,20260319,28.0,1.0,UNIQUE_OFFICIAL
005060,대우통신(주),1999-12-01,2002-03-01,,,,,,NO_OFFICIAL_MAPPING
005070,코스모신소재,1999-12-01,2026-05-01,00129989,20150330,20260316,30.0,1.0,UNIQUE_OFFICIAL
005090,SGC에너지,1999-12-01,2026-05-01,00125150,20150331,20260312,14.0,1.0,UNIQUE_OFFICIAL
005110,한창,1999-12-01,2026-05-01,00163716,20150331,20260326,18.0,1.0,UNIQUE_OFFICIAL
005180,빙그레,1999-12-01,2026-05-01,00124726,20150330,20260318,14.0,1.0,UNIQUE_OFFICIAL
005190,동성화학,1999-12-01,2021-03-01,00116356,20150331,20210316,7.0,1.0,UNIQUE_OFFICIAL
005250,녹십자홀딩스,1999-12-01,2026-05-01,00108135,20150331,20260318,13.0,1.0,UNIQUE_OFFICIAL
005300,롯데칠성,1999-12-01,2026-05-01,00120571,20150331,20260311,15.0,1.0,UNIQUE_OFFICIAL
005320,온타이드,1999-12-01,2026-05-01,00168331,20150326,20260319,17.0,1.0,UNIQUE_OFFICIAL
005330,카스코,1999-12-01,2007-05-01,,,,,,NO_OFFICIAL_MAPPING
005350,(주)심팩인더스트리,1999-12-01,2011-03-01,00123648,20150331,20160518,3.0,1.0,UNIQUE_OFFICIAL
005360,모나미,1999-12-01,2026-05-01,00121288,20150327,20260323,14.0,1.0,UNIQUE_OFFICIAL
005380,현대차,1999-12-01,2026-05-01,00164742,20150331,20260318,21.0,1.0,UNIQUE_OFFICIAL
005390,신성통상,1999-12-01,2025-08-01,00136341,20150930,20250918,16.0,1.0,UNIQUE_OFFICIAL
005410,신광산업,1999-12-01,2000-08-01,,,,,,NO_OFFICIAL_MAPPING
005420,코스모화학,1999-12-01,2026-05-01,00160302,20150331,20260319,28.0,1.0,UNIQUE_OFFICIAL
005430,한국공항,1999-12-01,2026-05-01,00156691,20150331,20260319,15.0,1.0,UNIQUE_OFFICIAL
005440,현대지에프홀딩스,1999-12-01,2026-05-01,00105280,20150331,20260319,14.0,1.0,UNIQUE_OFFICIAL
005450,(주)신한,1999-12-01,2020-05-01,00173740,20150331,20260401,17.0,1.0,UNIQUE_OFFICIAL
005490,POSCO홀딩스,1999-12-01,2026-05-01,00155319,20150331,20260311,16.0,1.0,UNIQUE_OFFICIAL
005500,삼진제약,1999-12-01,2026-05-01,00128412,20150331,20260316,15.0,1.0,UNIQUE_OFFICIAL
005560,제이에스전선(주),1999-12-01,2014-03-01,00140362,20150331,20170330,4.0,1.0,UNIQUE_OFFICIAL
005580,삼익주택,1999-12-01,2000-05-01,,,,,,NO_OFFICIAL_MAPPING
005600,중앙제지,1999-12-01,2004-12-01,,,,,,NO_OFFICIAL_MAPPING
005610,삼립,1999-12-01,2026-05-01,00125530,20150331,20260318,12.0,1.0,UNIQUE_OFFICIAL
005620,대성합동지주,1999-12-01,2017-07-01,00110495,20150331,20170331,3.0,1.0,UNIQUE_OFFICIAL
005680,삼영전자,1999-12-01,2026-05-01,00127200,20150327,20260319,14.0,1.0,UNIQUE_OFFICIAL
005690,파미셀,1999-12-01,2026-05-01,00145163,20150331,20260318,14.0,1.0,UNIQUE_OFFICIAL
005720,넥센,1999-12-01,2026-05-01,00167192,20150327,20260318,12.0,1.0,UNIQUE_OFFICIAL
005740,크라운해태홀딩스,1999-12-01,2026-05-01,00153126,20150331,20260318,18.0,1.0,UNIQUE_OFFICIAL
005750,대림바스,1999-12-01,2026-05-01,00109754,20150330,20260319,15.0,1.0,UNIQUE_OFFICIAL
005760,위너스인프라인,1999-12-01,2009-01-01,,,,,,NO_OFFICIAL_MAPPING
005790,만도기계(주),1999-12-01,2000-01-01,,,,,,NO_OFFICIAL_MAPPING
005800,신영와코루,1999-12-01,2026-05-01,00136624,20150331,20260312,14.0,1.0,UNIQUE_OFFICIAL
005810,풍산홀딩스,1999-12-01,2026-05-01,00155531,20150331,20260312,12.0,1.0,UNIQUE_OFFICIAL
005820,원림,1999-12-01,2026-05-01,00143794,20150331,20260318,14.0,1.0,UNIQUE_OFFICIAL
005850,에스엘,1999-12-01,2026-05-01,00125521,20150331,20260318,29.0,1.0,UNIQUE_OFFICIAL
005870,휴니드,1999-12-01,2026-05-01,00111421,20150331,20260319,14.0,1.0,UNIQUE_OFFICIAL
005880,대한해운,1999-12-01,2026-05-01,00113535,20150331,20260320,14.0,1.0,UNIQUE_OFFICIAL
005900,동양건설산업,1999-12-01,2026-04-01,00117072,20150331,20260331,17.0,1.0,UNIQUE_OFFICIAL
005930,삼성전자,1999-12-01,2026-05-01,00126380,20150331,20260515,46.0,1.0,UNIQUE_OFFICIAL
005950,이수화학,1999-12-01,2026-05-01,00145552,20150331,20260319,29.0,1.0,UNIQUE_OFFICIAL
005960,동부건설,1999-12-01,2026-05-01,00115612,20150331,20260316,19.0,1.0,UNIQUE_OFFICIAL
005980,성지건설(주),1999-12-01,2018-09-01,00133238,20150331,20240611,12.0,1.0,UNIQUE_OFFICIAL
006040,동원산업,1999-12-01,2026-05-01,00118026,20150330,20260318,16.0,1.0,UNIQUE_OFFICIAL
006060,화승인더,1999-12-01,2026-05-01,00166227,20150331,20260312,15.0,1.0,UNIQUE_OFFICIAL
006070,(주)기린,1999-12-01,2009-04-01,,,,,,NO_OFFICIAL_MAPPING
006090,사조오양,1999-12-01,2026-05-01,00141875,20150331,20260318,15.0,1.0,UNIQUE_OFFICIAL
006110,삼아알미늄,1999-12-01,2026-05-01,00126779,20150331,20260318,16.0,1.0,UNIQUE_OFFICIAL
006120,SK디스커버리,1999-12-01,2026-05-01,00131832,20150331,20260317,15.0,1.0,UNIQUE_OFFICIAL
006150,한메엔에스,1999-12-01,2005-03-01,,,,,,NO_OFFICIAL_MAPPING
006160,신화건설,1999-12-01,2000-11-01,,,,,,NO_OFFICIAL_MAPPING
006200,한국전자홀딩스,1999-12-01,2026-05-01,00159254,20150330,20260319,12.0,1.0,UNIQUE_OFFICIAL
006210,휴리프,1999-12-01,2009-06-01,,,,,,NO_OFFICIAL_MAPPING
006250,극동전선(주),1999-12-01,2005-06-01,00105165,20150331,20260331,12.0,1.0,UNIQUE_OFFICIAL
006260,LS,1999-12-01,2026-05-01,00105952,20150331,20260318,21.0,1.0,UNIQUE_OFFICIAL
006280,녹십자,1999-12-01,2026-05-01,00129679,20150331,20260318,16.0,1.0,UNIQUE_OFFICIAL
006290,SK인천정유(주),1999-12-01,2002-03-01,,,,,,NO_OFFICIAL_MAPPING
006340,대원전선,1999-12-01,2026-05-01,00260392,20150331,20260331,14.0,1.0,UNIQUE_OFFICIAL
006360,GS건설,1999-12-01,2026-05-01,00120030,20150327,20260316,16.0,1.0,UNIQUE_OFFICIAL
006370,대구백화점,1999-12-01,2026-05-01,00108977,20150626,20260323,13.0,1.0,UNIQUE_OFFICIAL
006380,카프로,1999-12-01,2026-05-01,00159810,20150331,20260323,16.0,1.0,UNIQUE_OFFICIAL
006390,한일현대시멘트,1999-12-01,2025-10-01,00164672,20150331,20250317,15.0,1.0,UNIQUE_OFFICIAL
006400,삼성SDI,1999-12-01,2026-05-01,00126362,20150331,20260310,16.0,1.0,UNIQUE_OFFICIAL
006440,한일건설,1999-12-01,2017-03-01,00162780,20150316,20180402,6.0,1.0,UNIQUE_OFFICIAL
006490,인스코비,1999-12-01,2026-05-01,00122825,20150331,20260408,15.0,1.0,UNIQUE_OFFICIAL
006570,대림통상,1999-12-01,2026-05-01,00109824,20150331,20260319,13.0,1.0,UNIQUE_OFFICIAL
006600,동신제약,1999-12-01,2006-10-01,,,,,,NO_OFFICIAL_MAPPING
006650,대한유화,1999-12-01,2026-05-01,00260383,20150331,20260305,13.0,1.0,UNIQUE_OFFICIAL
006660,삼성공조,1999-12-01,2026-05-01,00126201,20150331,20260319,12.0,1.0,UNIQUE_OFFICIAL
006740,블루산업개발,1999-12-01,2026-05-01,00141404,20150331,20260323,21.0,1.0,UNIQUE_OFFICIAL
006750,센추리,1999-12-01,2005-03-01,,,,,,NO_OFFICIAL_MAPPING
006840,AK홀딩스,1999-12-01,2026-05-01,00125080,20150331,20260323,14.0,1.0,UNIQUE_OFFICIAL
006880,신송홀딩스,2013-11-01,2026-05-01,00136402,20150331,20260323,15.0,1.0,UNIQUE_OFFICIAL
006890,태경케미컬,1999-12-01,2026-05-01,00109161,20150331,20260317,14.0,1.0,UNIQUE_OFFICIAL
006980,우성,1999-12-01,2026-05-01,00142661,20150331,20260312,14.0,1.0,UNIQUE_OFFICIAL
007050,유리이에스(주),1999-12-01,2009-03-01,,,,,,NO_OFFICIAL_MAPPING
007070,GS리테일,2011-12-01,2026-05-01,00140177,20150330,20260311,18.0,1.0,UNIQUE_OFFICIAL
007100,호남식품(주),1999-12-01,2000-04-01,,,,,,NO_OFFICIAL_MAPPING
007110,일신석재,1999-12-01,2026-05-01,00146296,20150331,20260320,12.0,1.0,UNIQUE_OFFICIAL
007120,미래아이앤지,1999-12-01,2026-05-01,00104786,20150331,20260323,17.0,1.0,UNIQUE_OFFICIAL
007160,사조산업,1999-12-01,2026-05-01,00124799,20150331,20260318,12.0,1.0,UNIQUE_OFFICIAL
007190,한솔아트원제지(주),1999-12-01,2017-02-01,00137702,20150319,20160329,3.0,1.0,UNIQUE_OFFICIAL
007210,벽산,1999-12-01,2026-05-01,00122898,20150331,20260323,12.0,1.0,UNIQUE_OFFICIAL
007280,한국특강,1999-12-01,2026-05-01,00124090,20150331,20260323,20.0,1.0,UNIQUE_OFFICIAL
007310,오뚜기,1999-12-01,2026-05-01,00141529,20150331,20260318,12.0,1.0,UNIQUE_OFFICIAL
007340,DN오토모티브,1999-12-01,2026-05-01,00116949,20150331,20260312,16.0,1.0,UNIQUE_OFFICIAL
007410,대우전자(주),1999-12-01,2002-03-01,,,,,,NO_OFFICIAL_MAPPING
007420,해동신용금고,1999-12-01,2001-09-01,,,,,,NO_OFFICIAL_MAPPING
007460,에이프로젠,1999-12-01,2026-05-01,00152385,20150331,20260323,13.0,1.0,UNIQUE_OFFICIAL
007480,대한은박지,1999-12-01,2012-12-01,,,,,,NO_OFFICIAL_MAPPING
007490,태창기업(주),1999-12-01,2010-04-01,,,,,,NO_OFFICIAL_MAPPING
007540,샘표,1999-12-01,2026-05-01,00130091,20150331,20260313,15.0,1.0,UNIQUE_OFFICIAL
007570,일양약품,1999-12-01,2026-05-01,00146454,20150629,20260318,18.0,1.0,UNIQUE_OFFICIAL
007590,동방아그로,1999-12-01,2026-05-01,00115384,20150331,20260312,13.0,1.0,UNIQUE_OFFICIAL
007610,선도전기,1999-12-01,2026-05-01,00131939,20150331,20260319,22.0,1.0,UNIQUE_OFFICIAL
007630,(주)폴루스바이오팜,1999-12-01,2022-01-01,00167280,20150331,20220330,15.0,1.0,UNIQUE_OFFICIAL
007660,이수페타시스,2000-08-01,2026-05-01,00107613,20150331,20260323,14.0,1.0,UNIQUE_OFFICIAL
007690,국도화학,1999-12-01,2026-05-01,00104388,20150330,20260305,15.0,1.0,UNIQUE_OFFICIAL
007700,F&F홀딩스,1999-12-01,2026-05-01,00126487,20150331,20260318,14.0,1.0,UNIQUE_OFFICIAL
007810,코리아써키트,1999-12-01,2026-05-01,00152686,20150331,20260319,13.0,1.0,UNIQUE_OFFICIAL
007860,서연,1999-12-01,2026-05-01,00163114,20150331,20260318,13.0,1.0,UNIQUE_OFFICIAL
007910,세원화성(주),1999-12-01,2005-01-01,,,,,,NO_OFFICIAL_MAPPING
007980,TP,1999-12-01,2026-05-01,00154329,20150331,20260318,13.0,1.0,UNIQUE_OFFICIAL
008000,도레이케미칼(주),1999-12-01,2018-02-01,00148717,20150331,20180629,5.0,1.0,UNIQUE_OFFICIAL
008020,경남에너지(주),1999-12-01,2016-04-01,00101336,20150327,20180330,4.0,1.0,UNIQUE_OFFICIAL
008040,사조동아원,1999-12-01,2026-05-01,00137252,20150331,20260318,13.0,1.0,UNIQUE_OFFICIAL
008060,대덕,1999-12-01,2026-05-01,00109189,20150331,20260319,12.0,1.0,UNIQUE_OFFICIAL
008080,에스와이코퍼레이션,1999-12-01,2013-08-01,,,,,,NO_OFFICIAL_MAPPING
008110,대동전자,1999-12-01,2026-02-01,00157104,20150629,20250619,12.0,1.0,UNIQUE_OFFICIAL
008120,엠소닉,1999-12-01,2026-04-01,00124577,20150331,20260330,14.0,1.0,UNIQUE_OFFICIAL
008250,이건산업,1999-12-01,2026-05-01,00145446,20150331,20260318,12.0,1.0,UNIQUE_OFFICIAL
008260,NI스틸,1999-12-01,2026-05-01,00116301,20150331,20260312,14.0,1.0,UNIQUE_OFFICIAL
008320,한국기술산업,1999-12-01,2010-02-01,,,,,,NO_OFFICIAL_MAPPING
008350,남선알미늄,1999-12-01,2026-05-01,00107224,20150331,20260323,15.0,1.0,UNIQUE_OFFICIAL
008400,(주)씨앤중공업,1999-12-01,2009-04-01,,,,,,NO_OFFICIAL_MAPPING
008420,문배철강,1999-12-01,2026-05-01,00121570,20150331,20260319,17.0,1.0,UNIQUE_OFFICIAL
008440,(주)아이넥스테크놀로지,1999-12-01,2002-03-01,,,,,,NO_OFFICIAL_MAPPING
008480,KEP전자(주),1999-12-01,2002-03-01,,,,,,NO_OFFICIAL_MAPPING
008490,서흥,1999-12-01,2026-05-01,00131692,20150330,20260319,13.0,1.0,UNIQUE_OFFICIAL
008500,일정실업,1999-12-01,2026-05-01,00146542,20150327,20260323,19.0,1.0,UNIQUE_OFFICIAL
008540,케이비물산,1999-12-01,2012-05-01,,,,,,NO_OFFICIAL_MAPPING
008600,윌비스,1999-12-01,2026-05-01,00104999,20150331,20260323,16.0,1.0,UNIQUE_OFFICIAL
008640,우성건설,1999-12-01,2000-12-01,,,,,,NO_OFFICIAL_MAPPING
008690,비에스한양,1999-12-01,2026-04-01,,,,,,NO_OFFICIAL_MAPPING
008700,아남전자,1999-12-01,2026-05-01,00138516,20150330,20260312,15.0,1.0,UNIQUE_OFFICIAL
008720,삼양엔텍,1999-12-01,2014-11-01,,,,,,NO_OFFICIAL_MAPPING
008730,율촌화학,1999-12-01,2026-05-01,00145260,20150330,20260316,14.0,1.0,UNIQUE_OFFICIAL
008750,범양식품,1999-12-01,2003-11-01,,,,,,NO_OFFICIAL_MAPPING
008770,호텔신라,1999-12-01,2026-05-01,00165680,20150331,20260311,15.0,1.0,UNIQUE_OFFICIAL
008870,금비,1999-12-01,2026-05-01,00168401,20151229,20251215,13.0,1.0,UNIQUE_OFFICIAL
008900,티이씨앤코,1999-12-01,2016-04-01,00138127,20150331,20160330,3.0,1.0,UNIQUE_OFFICIAL
008930,한미사이언스,1999-12-01,2026-05-01,00161426,20150331,20260320,14.0,1.0,UNIQUE_OFFICIAL
008970,KBI동양철관,1999-12-01,2026-05-01,00117629,20150331,20260318,13.0,1.0,UNIQUE_OFFICIAL
009050,대한알루미늄공업(주),1999-12-01,2001-02-01,,,,,,NO_OFFICIAL_MAPPING
009070,KCTC,1999-12-01,2026-05-01,00103042,20150331,20260319,15.0,1.0,UNIQUE_OFFICIAL
009080,태평양종합산업,1999-12-01,2005-07-01,,,,,,NO_OFFICIAL_MAPPING
009140,경인전자,1999-12-01,2026-05-01,00102140,20150327,20260312,12.0,1.0,UNIQUE_OFFICIAL
009150,삼성전기,1999-12-01,2026-05-01,00126371,20150331,20260310,14.0,1.0,UNIQUE_OFFICIAL
009160,SIMPAC,1999-12-01,2026-05-01,00138260,20150331,20260318,16.0,1.0,UNIQUE_OFFICIAL
009180,한솔로지스틱스,1999-12-01,2026-05-01,00140946,20150320,20260313,14.0,1.0,UNIQUE_OFFICIAL
009190,대양금속,1999-12-01,2026-05-01,00111111,20150331,20260319,18.0,1.0,UNIQUE_OFFICIAL
009200,무림페이퍼,1999-12-01,2026-05-01,00136086,20150331,20260316,13.0,1.0,UNIQUE_OFFICIAL
009240,한샘,2002-07-01,2026-05-01,00161693,20150331,20260319,18.0,1.0,UNIQUE_OFFICIAL
009270,신원,1999-12-01,2026-05-01,00136864,20150331,20260319,20.0,1.0,UNIQUE_OFFICIAL
009280,다함이텍,1999-12-01,2026-04-01,00130046,20150331,20260326,15.0,1.0,UNIQUE_OFFICIAL
009290,광동제약,1999-12-01,2026-05-01,00103592,20150330,20260318,18.0,1.0,UNIQUE_OFFICIAL
009310,참엔지니어링,1999-12-01,2026-05-01,00153621,20150323,20260318,22.0,1.0,UNIQUE_OFFICIAL
009320,아진전자부품,1999-12-01,2026-05-01,00111689,20150331,20260323,13.0,1.0,UNIQUE_OFFICIAL
009330,(주)삼애인더스,1999-12-01,2002-09-01,,,,,,NO_OFFICIAL_MAPPING
009360,베네데스하이텍,1999-12-01,2005-03-01,,,,,,NO_OFFICIAL_MAPPING
009380,아세아페이퍼텍(주),1999-12-01,2012-12-01,,,,,,NO_OFFICIAL_MAPPING
009410,태영건설,1999-12-01,2026-05-01,00153861,20150331,20260318,18.0,1.0,UNIQUE_OFFICIAL
009420,한올바이오파마,1999-12-01,2026-05-01,00162586,20150331,20260318,13.0,1.0,UNIQUE_OFFICIAL
009440,KC그린홀딩스,1999-12-01,2026-05-01,00159971,20150330,20260323,18.0,1.0,UNIQUE_OFFICIAL
009450,경동나비엔,1999-12-01,2026-05-01,00101488,20150331,20260403,16.0,1.0,UNIQUE_OFFICIAL
009460,한창제지,1999-12-01,2026-05-01,00163761,20150331,20260318,12.0,1.0,UNIQUE_OFFICIAL
009470,삼화전기,1999-12-01,2026-05-01,00129271,20150331,20260319,19.0,1.0,UNIQUE_OFFICIAL
009540,HD한국조선해양,1999-12-01,2026-05-01,00164830,20150331,20260320,17.0,1.0,UNIQUE_OFFICIAL
009580,무림P&P,1999-12-01,2026-05-01,00119007,20150331,20260313,12.0,1.0,UNIQUE_OFFICIAL
009680,모토닉,1999-12-01,2026-05-01,00151128,20150331,20260318,17.0,1.0,UNIQUE_OFFICIAL
009690,케이엠에이치(주),1999-12-01,2009-04-01,,,,,,NO_OFFICIAL_MAPPING
009720,한국전기초자(주),1999-12-01,2011-01-01,00159175,20150330,20150330,2.0,1.0,UNIQUE_OFFICIAL
009760,한국지주(주),1999-12-01,2005-03-01,00159874,20150331,20260331,13.0,1.0,UNIQUE_OFFICIAL
009770,삼정펄프,2006-10-01,2026-05-01,00128227,20150331,20260319,14.0,1.0,UNIQUE_OFFICIAL
009790,(주)휴닉스,1999-12-01,2003-09-01,,,,,,NO_OFFICIAL_MAPPING
009810,플레이그램,1999-12-01,2026-05-01,00103130,20150331,20260318,22.0,1.0,UNIQUE_OFFICIAL
009830,한화솔루션,1999-12-01,2026-05-01,00162461,20150331,20260325,21.0,1.0,UNIQUE_OFFICIAL
009840,(주)갑을,1999-12-01,2003-03-01,,,,,,NO_OFFICIAL_MAPPING
009890,맥슨텔레콤(주),1999-12-01,2005-03-01,,,,,,NO_OFFICIAL_MAPPING
009900,명신산업,2020-12-01,2026-05-01,00173078,20210319,20260323,7.0,1.0,UNIQUE_OFFICIAL
009940,대아리드선(주),1999-12-01,2005-03-01,,,,,,NO_OFFICIAL_MAPPING
009970,영원무역홀딩스,1999-12-01,2026-05-01,00140964,20150331,20260319,14.0,1.0,UNIQUE_OFFICIAL
010040,한국내화,1999-12-01,2026-05-01,00160205,20150331,20260319,13.0,1.0,UNIQUE_OFFICIAL
010060,OCI홀딩스,1999-12-01,2026-05-01,00148896,20150331,20260318,19.0,1.0,UNIQUE_OFFICIAL
010090,이마트에브리데이,1999-12-01,2024-06-01,00164308,20150331,20240319,11.0,1.0,UNIQUE_OFFICIAL
010100,한국무브넥스,1999-12-01,2026-05-01,00160418,20150331,20260323,12.0,1.0,UNIQUE_OFFICIAL
010110,고려화학,1999-12-01,2000-03-01,,,,,,NO_OFFICIAL_MAPPING
010120,LS ELECTRIC,1999-12-01,2026-05-01,00105855,20150331,20260318,14.0,1.0,UNIQUE_OFFICIAL
010130,고려아연,1999-12-01,2026-05-01,00102858,20150331,20260325,16.0,1.0,UNIQUE_OFFICIAL
010140,삼성중공업,1999-12-01,2026-05-01,00126478,20150331,20260312,16.0,1.0,UNIQUE_OFFICIAL
010150,포스코티엠씨,1999-12-01,2016-10-01,00159926,20150331,20160330,2.0,1.0,UNIQUE_OFFICIAL
010200,극동제혁,1999-12-01,2004-09-01,,,,,,NO_OFFICIAL_MAPPING
010330,라미화장품,1999-12-01,2003-03-01,,,,,,NO_OFFICIAL_MAPPING
010400,우진아이엔에스,2018-09-01,2026-05-01,00143262,20190401,20260323,10.0,1.0,UNIQUE_OFFICIAL
010420,한솔PNS,1999-12-01,2025-08-01,00103626,20150320,20260312,15.0,1.0,UNIQUE_OFFICIAL
010460,(주)화인자산관리,1999-12-01,2014-03-01,00156521,20150331,20150527,2.0,1.0,UNIQUE_OFFICIAL
010510,일진,1999-12-01,2003-10-01,,,,,,NO_OFFICIAL_MAPPING
010520,현대하이스코,1999-12-01,2015-06-01,00164469,20150331,20150608,3.0,1.0,UNIQUE_OFFICIAL
010580,에스엠벡셀,1999-12-01,2026-05-01,00147860,20150331,20260320,14.0,1.0,UNIQUE_OFFICIAL
010600,웰바이오텍,1999-12-01,2025-12-01,00141273,20150331,20260331,18.0,1.0,UNIQUE_OFFICIAL
010620,HD현대미포,1999-12-01,2025-11-01,00164609,20150331,20250711,17.0,1.0,UNIQUE_OFFICIAL
010640,진양폴리,1999-12-01,2026-05-01,00160375,20150331,20260227,13.0,1.0,UNIQUE_OFFICIAL
010660,화천기계,1999-12-01,2026-05-01,00166500,20150331,20260318,13.0,1.0,UNIQUE_OFFICIAL
010690,화신,1999-12-01,2026-05-01,00166315,20150330,20260316,13.0,1.0,UNIQUE_OFFICIAL
010730,금강화섬(주),1999-12-01,2004-06-01,,,,,,NO_OFFICIAL_MAPPING
010770,평화홀딩스,1999-12-01,2026-05-01,00155124,20150331,20260316,21.0,1.0,UNIQUE_OFFICIAL
010780,아이에스동서,1999-12-01,2026-05-01,00115977,20150331,20260318,13.0,1.0,UNIQUE_OFFICIAL
010820,퍼스텍,1999-12-01,2026-05-01,00148522,20150331,20260312,13.0,1.0,UNIQUE_OFFICIAL
010950,S-Oil,1999-12-01,2026-05-01,00138279,20150331,20260320,12.0,1.0,UNIQUE_OFFICIAL
010960,삼호개발,2002-07-01,2026-05-01,00128980,20150330,20260316,13.0,1.0,UNIQUE_OFFICIAL
011000,진원생명과학,1999-12-01,2026-05-01,00118521,20150331,20260407,21.0,1.0,UNIQUE_OFFICIAL
011020,코오롱유화,1999-12-01,2007-05-01,,,,,,NO_OFFICIAL_MAPPING
011050,케드콤,1999-12-01,2010-06-01,,,,,,NO_OFFICIAL_MAPPING
011070,LG이노텍,2008-07-01,2026-05-01,00105961,20150331,20260312,16.0,1.0,UNIQUE_OFFICIAL
011090,에넥스,1999-12-01,2026-05-01,00139764,20150331,20260318,13.0,1.0,UNIQUE_OFFICIAL
011150,CJ씨푸드,1999-12-01,2026-05-01,00129013,20150331,20260323,14.0,1.0,UNIQUE_OFFICIAL
011160,두산건설(주),1999-12-01,2020-02-01,00102760,20150331,20260331,14.0,1.0,UNIQUE_OFFICIAL
011170,롯데케미칼,1999-12-01,2026-05-01,00165413,20150331,20260312,20.0,1.0,UNIQUE_OFFICIAL
011200,HMM,1999-12-01,2026-05-01,00164645,20150331,20260318,19.0,1.0,UNIQUE_OFFICIAL
011210,현대위아,2011-02-01,2026-05-01,00106623,20150331,20260317,15.0,1.0,UNIQUE_OFFICIAL
011230,삼화전자,1999-12-01,2026-05-01,00129280,20150331,20260319,14.0,1.0,UNIQUE_OFFICIAL
011280,태림포장,1999-12-01,2026-05-01,00153524,20150331,20260319,15.0,1.0,UNIQUE_OFFICIAL
011290,갑을방적(주),1999-12-01,2001-02-01,,,,,,NO_OFFICIAL_MAPPING
011300,우성머티리얼스,1999-12-01,2026-05-01,00132868,20150331,20260318,14.0,1.0,UNIQUE_OFFICIAL
011330,유니켐,1999-12-01,2026-05-01,00137207,20150930,20260325,18.0,1.0,UNIQUE_OFFICIAL
011390,부산산업,1999-12-01,2026-05-01,00124027,20150330,20260319,12.0,1.0,UNIQUE_OFFICIAL
011400,아진카인텍,1999-12-01,2026-04-01,00173069,20150331,20260331,13.0,1.0,UNIQUE_OFFICIAL
011420,갤럭시아에스엠,1999-12-01,2026-05-01,00129554,20150331,20260320,17.0,1.0,UNIQUE_OFFICIAL
011450,클라리언트피그먼트코리아(주),1999-12-01,2001-11-01,,,,,,NO_OFFICIAL_MAPPING
011500,한농화성,2003-01-01,2026-05-01,00160861,20150330,20260319,12.0,1.0,UNIQUE_OFFICIAL
011510,(주)청구,1999-12-01,2002-03-01,,,,,,NO_OFFICIAL_MAPPING
011650,엘지정보통신,1999-12-01,2000-08-01,,,,,,NO_OFFICIAL_MAPPING
011690,와이투솔루션,1999-12-01,2026-05-01,00144720,20150331,20260320,14.0,1.0,UNIQUE_OFFICIAL
011700,한신기계,1999-12-01,2026-05-01,00162072,20150331,20260319,17.0,1.0,UNIQUE_OFFICIAL
011720,현대페인트,1999-12-01,2016-10-01,00164955,20150331,20160330,2.0,1.0,UNIQUE_OFFICIAL
011760,현대코퍼레이션,1999-12-01,2026-05-01,00164812,20150331,20260323,15.0,1.0,UNIQUE_OFFICIAL
011780,금호석유화학,1999-12-01,2026-05-01,00106368,20150331,20260318,18.0,1.0,UNIQUE_OFFICIAL
011790,SKC,1999-12-01,2026-05-01,00139889,20150331,20260403,19.0,1.0,UNIQUE_OFFICIAL
011800,배명금속,1999-12-01,2012-08-01,,,,,,NO_OFFICIAL_MAPPING
011810,STX,1999-12-01,2026-05-01,00138297,20150331,20260323,17.0,1.0,UNIQUE_OFFICIAL
011840,(주)계몽사,1999-12-01,2003-04-01,,,,,,NO_OFFICIAL_MAPPING
011930,신성이엔지,1999-12-01,2026-05-01,00136271,20150331,20260318,22.0,1.0,UNIQUE_OFFICIAL
012030,DB,1999-12-01,2026-05-01,00163345,20150331,20260323,12.0,1.0,UNIQUE_OFFICIAL
012090,성원건설(주),1999-12-01,2010-04-01,,,,,,NO_OFFICIAL_MAPPING
0120G0,삼양바이오팜,2025-11-01,2026-05-01,01965333,20260313,20260313,1.0,1.0,UNIQUE_OFFICIAL
012160,영흥,2010-01-01,2026-05-01,00141477,20150331,20260323,13.0,1.0,UNIQUE_OFFICIAL
012170,아센디오,1999-12-01,2026-05-01,00145437,20150331,20260318,26.0,1.0,UNIQUE_OFFICIAL
012200,계양전기,1999-12-01,2026-05-01,00102618,20150331,20260319,21.0,1.0,UNIQUE_OFFICIAL
012250,(주)셰프라인,1999-12-01,2005-03-01,,,,,,NO_OFFICIAL_MAPPING
012260,이지닷컴,1999-12-01,2002-03-01,,,,,,NO_OFFICIAL_MAPPING
012270,동신,1999-12-01,2003-09-01,,,,,,NO_OFFICIAL_MAPPING
012280,영화금속,1999-12-01,2026-05-01,00141413,20150331,20260316,12.0,1.0,UNIQUE_OFFICIAL
012320,경동인베스트,1999-12-01,2026-05-01,00143527,20150331,20260323,12.0,1.0,UNIQUE_OFFICIAL
012330,현대모비스,1999-12-01,2026-05-01,00164788,20150331,20260309,17.0,1.0,UNIQUE_OFFICIAL
012400,(주)허메스홀딩스,1999-12-01,2012-05-01,,,,,,NO_OFFICIAL_MAPPING
012410,글로스텍,1999-12-01,2013-05-01,,,,,,NO_OFFICIAL_MAPPING
012450,한화에어로스페이스,1999-12-01,2026-05-01,00126566,20150331,20260319,18.0,1.0,UNIQUE_OFFICIAL
012510,더존비즈온,1999-12-01,2026-05-01,00172291,20150331,20260318,16.0,1.0,UNIQUE_OFFICIAL
012580,신세계톰보이,1999-12-01,2026-04-01,00132488,20150331,20260316,12.0,1.0,UNIQUE_OFFICIAL
012600,청호ICT,1999-12-01,2025-04-01,00151863,20150331,20260325,23.0,1.0,UNIQUE_OFFICIAL
012610,경인양행,1999-12-01,2026-05-01,00102113,20150330,20260319,15.0,1.0,UNIQUE_OFFICIAL
012630,HDC,1999-12-01,2026-05-01,00164636,20150331,20260318,17.0,1.0,UNIQUE_OFFICIAL
012670,환영철강공업,1999-12-01,2026-04-01,,,,,,NO_OFFICIAL_MAPPING
012690,모나리자,1999-12-01,2026-05-01,00173102,20150331,20260515,17.0,1.0,UNIQUE_OFFICIAL
0126Z0,삼성에피스홀딩스,2025-11-01,2026-05-01,01965324,20260312,20260515,2.0,1.0,UNIQUE_OFFICIAL
012720,(주)건영,1999-12-01,2003-09-01,00100957,20150331,20160330,2.0,1.0,UNIQUE_OFFICIAL
012750,에스원,1999-12-01,2026-05-01,00158501,20150331,20260311,16.0,1.0,UNIQUE_OFFICIAL
012760,동아,1999-12-01,2026-04-01,00116806,20150330,20260324,12.0,1.0,UNIQUE_OFFICIAL
012800,대창,1999-12-01,2026-05-01,00112651,20150330,20260318,15.0,1.0,UNIQUE_OFFICIAL
012990,LG석유화학,2001-07-01,2007-10-01,,,,,,NO_OFFICIAL_MAPPING
013000,세우글로벌,1999-12-01,2026-05-01,00134176,20150331,20260318,17.0,1.0,UNIQUE_OFFICIAL
013090,인켈,1999-12-01,2023-03-01,,,,,,NO_OFFICIAL_MAPPING
013200,(주)우방,1999-12-01,2009-04-01,,,,,,NO_OFFICIAL_MAPPING
013240,(주)셀런,1999-12-01,2011-03-01,,,,,,NO_OFFICIAL_MAPPING
013250,대양상호신용금고,1999-12-01,2002-09-01,,,,,,NO_OFFICIAL_MAPPING
013360,일성건설,1999-12-01,2026-05-01,00146232,20150331,20260417,16.0,1.0,UNIQUE_OFFICIAL
013520,화승코퍼레이션,1999-12-01,2026-05-01,00166272,20150330,20260323,15.0,1.0,UNIQUE_OFFICIAL
013570,디와이,1999-12-01,2026-05-01,00117179,20150327,20260318,13.0,1.0,UNIQUE_OFFICIAL
013580,계룡건설,1999-12-01,2026-05-01,00102432,20150331,20260325,18.0,1.0,UNIQUE_OFFICIAL
013700,까뮤이앤씨,1999-12-01,2026-05-01,00129420,20150331,20260318,17.0,1.0,UNIQUE_OFFICIAL
013870,지엠비코리아,2012-11-01,2026-05-01,00156354,20150331,20260320,13.0,1.0,UNIQUE_OFFICIAL
013890,지누스,1999-12-01,2026-05-01,00150633,20150331,20260313,28.0,1.0,UNIQUE_OFFICIAL
014010,인터피온반도체,1999-12-01,2005-11-01,,,,,,NO_OFFICIAL_MAPPING
014040,GPS,1999-12-01,2002-10-01,,,,,,NO_OFFICIAL_MAPPING
014080,뉴맥스,1999-12-01,2001-03-01,,,,,,NO_OFFICIAL_MAPPING
014130,한익스프레스,1999-12-01,2026-05-01,00129509,20150331,20260320,16.0,1.0,UNIQUE_OFFICIAL
014160,대영포장,1999-12-01,2026-05-01,00111458,20150331,20260319,16.0,1.0,UNIQUE_OFFICIAL
014280,금강공업,1999-12-01,2026-05-01,00105299,20150331,20260312,15.0,1.0,UNIQUE_OFFICIAL
014300,선진지주,1999-12-01,2012-12-01,,,,,,NO_OFFICIAL_MAPPING
014350,(주)신일건업,1999-12-01,2015-03-01,00136970,20150331,20150331,1.0,1.0,UNIQUE_OFFICIAL
014440,영보화학,1999-12-01,2026-05-01,00140779,20150331,20260311,13.0,1.0,UNIQUE_OFFICIAL
014530,극동유화,1999-12-01,2026-05-01,00105156,20150331,20260323,12.0,1.0,UNIQUE_OFFICIAL
014580,태경비케이,1999-12-01,2026-05-01,00122481,20150331,20260319,12.0,1.0,UNIQUE_OFFICIAL
014590,(주)지앤엘,1999-12-01,2011-04-01,00106456,20150420,20260326,13.0,1.0,UNIQUE_OFFICIAL
014680,한솔케미칼,1999-12-01,2026-05-01,00140955,20150330,20260318,15.0,1.0,UNIQUE_OFFICIAL
014710,사조씨푸드,2012-06-01,2026-05-01,00124780,20150331,20260317,15.0,1.0,UNIQUE_OFFICIAL
014740,금호케미칼(주),1999-12-01,2000-12-01,,,,,,NO_OFFICIAL_MAPPING
014790,HL D&I,1999-12-01,2026-05-01,00161116,20150331,20260317,15.0,1.0,UNIQUE_OFFICIAL
014820,동원시스템즈,1999-12-01,2026-05-01,00132637,20150331,20260514,15.0,1.0,UNIQUE_OFFICIAL
014830,유니드,2004-12-01,2026-05-01,00159786,20150120,20260310,17.0,1.0,UNIQUE_OFFICIAL
014900,(주)에스컴,1999-12-01,2007-03-01,00125929,20150331,20150522,2.0,1.0,UNIQUE_OFFICIAL
014910,성문전자,1999-12-01,2026-05-01,00132628,20150331,20260318,12.0,1.0,UNIQUE_OFFICIAL
014990,인디에프,1999-12-01,2026-05-01,00106881,20150331,20260319,13.0,1.0,UNIQUE_OFFICIAL
015020,이스타코,1999-12-01,2026-05-01,00134565,20150331,20260319,14.0,1.0,UNIQUE_OFFICIAL
015110,(주)중앙건설,1999-12-01,2012-11-01,00149664,20150331,20170331,3.0,1.0,UNIQUE_OFFICIAL
015230,대창단조,1999-12-01,2026-05-01,00112679,20150331,20260319,13.0,1.0,UNIQUE_OFFICIAL
015260,에이엔피,1999-12-01,2026-05-01,00143314,20150331,20260323,19.0,1.0,UNIQUE_OFFICIAL
015350,(주)부산도시가스,1999-12-01,2021-12-01,00123967,20150331,20220322,10.0,1.0,UNIQUE_OFFICIAL
015360,INVENI,1999-12-01,2026-05-01,00105101,20150331,20260318,20.0,1.0,UNIQUE_OFFICIAL
015540,(주)에코바이브,1999-12-01,2023-10-01,00108065,20150331,20250327,20.0,1.0,UNIQUE_OFFICIAL
015590,DKME,1999-12-01,2026-05-01,00108746,20150331,20260528,17.0,1.0,UNIQUE_OFFICIAL
015670,AP우주통신,1999-12-01,2007-08-01,,,,,,NO_OFFICIAL_MAPPING
015760,한국전력,1999-12-01,2026-05-01,00159193,20150331,20260317,18.0,1.0,UNIQUE_OFFICIAL
015860,일진홀딩스,1999-12-01,2026-05-01,00146649,20150331,20260311,14.0,1.0,UNIQUE_OFFICIAL
015880,태화쇼핑,1999-12-01,2001-08-01,,,,,,NO_OFFICIAL_MAPPING
015890,태경산업,1999-12-01,2026-05-01,00153339,20150331,20260323,13.0,1.0,UNIQUE_OFFICIAL
015940,(주)엘지데이콤,1999-12-01,2009-12-01,,,,,,NO_OFFICIAL_MAPPING
016090,대현,1999-12-01,2026-05-01,00113614,20150331,20260319,14.0,1.0,UNIQUE_OFFICIAL
016160,(주)오라바이오틱스,1999-12-01,2011-03-01,,,,,,NO_OFFICIAL_MAPPING
016380,KG스틸,1999-12-01,2026-05-01,00115676,20150331,20260316,15.0,1.0,UNIQUE_OFFICIAL
016450,한세예스24홀딩스,1999-12-01,2026-05-01,00161976,20150331,20260318,14.0,1.0,UNIQUE_OFFICIAL
016510,현대DSF,1999-12-01,2011-06-01,,,,,,NO_OFFICIAL_MAPPING
016550,한별텔레콤(주),1999-12-01,2002-03-01,,,,,,NO_OFFICIAL_MAPPING
016570,(주)에스트라,1999-12-01,2013-02-01,,,,,,NO_OFFICIAL_MAPPING
016580,환인제약,1999-12-01,2026-05-01,00166573,20150331,20260312,14.0,1.0,UNIQUE_OFFICIAL
016590,신대양제지,1999-12-01,2026-05-01,00135777,20150331,20260319,17.0,1.0,UNIQUE_OFFICIAL
016710,대성홀딩스,1999-12-01,2026-05-01,00108940,20150331,20260323,23.0,1.0,UNIQUE_OFFICIAL
016740,두올,2016-07-01,2026-05-01,00119672,20170331,20260318,14.0,1.0,UNIQUE_OFFICIAL
016800,퍼시스,1999-12-01,2026-05-01,00161709,20150331,20260407,16.0,1.0,UNIQUE_OFFICIAL
016880,웅진,1999-12-01,2026-05-01,00143651,20150331,20260318,19.0,1.0,UNIQUE_OFFICIAL
016970,씨크롭,1999-12-01,2006-06-01,,,,,,NO_OFFICIAL_MAPPING
017040,광명전기,1999-12-01,2026-05-01,00103662,20150331,20260407,24.0,1.0,UNIQUE_OFFICIAL
017120,(주)바로크가구,1999-12-01,2001-06-01,,,,,,NO_OFFICIAL_MAPPING
017170,(주)훈영,1999-12-01,2011-04-01,,,,,,NO_OFFICIAL_MAPPING
017180,명문제약,2008-07-01,2026-05-01,00121039,20150330,20260330,27.0,1.0,UNIQUE_OFFICIAL
017300,(주)에이치비이에너지,1999-12-01,2010-03-01,,,,,,NO_OFFICIAL_MAPPING
017320,태일정밀,1999-12-01,2001-03-01,,,,,,NO_OFFICIAL_MAPPING
017370,우신시스템,2001-08-01,2026-05-01,00142883,20150331,20260318,18.0,1.0,UNIQUE_OFFICIAL
017390,서울가스,1999-12-01,2026-05-01,00130684,20150330,20260318,14.0,1.0,UNIQUE_OFFICIAL
017550,수산세보틱스,1999-12-01,2026-05-01,00135111,20150331,20260323,16.0,1.0,UNIQUE_OFFICIAL
017670,SK텔레콤,1999-12-01,2026-05-01,00159023,20150323,20260318,16.0,1.0,UNIQUE_OFFICIAL
017800,현대엘리베이터,1999-12-01,2026-05-01,00164724,20150331,20260515,47.0,1.0,UNIQUE_OFFICIAL
017810,풀무원,1999-12-01,2026-05-01,00155355,20150331,20260323,17.0,1.0,UNIQUE_OFFICIAL
017860,DS단석,2023-12-01,2026-05-01,00108612,20240320,20260323,3.0,1.0,UNIQUE_OFFICIAL
017900,광전자,1999-12-01,2026-05-01,00152729,20150331,20260319,13.0,1.0,UNIQUE_OFFICIAL
017940,E1,1999-12-01,2026-05-01,00165583,20150331,20260319,18.0,1.0,UNIQUE_OFFICIAL
017960,한국카본,1999-12-01,2026-05-01,00159795,20150331,20260319,14.0,1.0,UNIQUE_OFFICIAL
018020,스타리스(주),1999-12-01,2003-10-01,,,,,,NO_OFFICIAL_MAPPING
018250,애경산업,2018-03-01,2026-05-01,00139454,20180330,20260318,10.0,1.0,UNIQUE_OFFICIAL
018260,삼성에스디에스,2014-08-01,2026-05-01,00126186,20150331,20260310,14.0,1.0,UNIQUE_OFFICIAL
018360,삼성메디슨,1999-12-01,2026-04-01,,,,,,NO_OFFICIAL_MAPPING
018410,현대금속,1999-12-01,2010-04-01,,,,,,NO_OFFICIAL_MAPPING
018470,조일알미늄,1999-12-01,2026-05-01,00149239,20150331,20260312,13.0,1.0,UNIQUE_OFFICIAL
018500,동원금속,1999-12-01,2026-05-01,00118008,20150629,20250618,15.0,1.0,UNIQUE_OFFICIAL
018550,한국안전유리,1999-12-01,2000-04-01,,,,,,NO_OFFICIAL_MAPPING
018570,(주)엠비메탈,1999-12-01,2002-04-01,,,,,,NO_OFFICIAL_MAPPING
018590,KNC,1999-12-01,2003-12-01,,,,,,NO_OFFICIAL_MAPPING
018670,SK가스,1999-12-01,2026-05-01,00144164,20150331,20260320,16.0,1.0,UNIQUE_OFFICIAL
018880,한온시스템,1999-12-01,2026-05-01,00161125,20150331,20260318,16.0,1.0,UNIQUE_OFFICIAL
019170,신풍제약,1999-12-01,2026-05-01,00137359,20150331,20260320,29.0,1.0,UNIQUE_OFFICIAL
019180,티에이치엔,1999-12-01,2026-05-01,00118965,20150331,20260323,12.0,1.0,UNIQUE_OFFICIAL
019300,태림페이퍼,1999-12-01,2016-07-01,00118460,20150331,20210331,8.0,1.0,UNIQUE_OFFICIAL
019440,세아특수강,2011-06-01,2026-01-01,00133991,20150331,20260318,16.0,1.0,UNIQUE_OFFICIAL
019490,엑시큐어하이트론,1999-12-01,2026-05-01,00156150,20150331,20260323,18.0,1.0,UNIQUE_OFFICIAL
019680,대교,2004-02-01,2026-05-01,00108913,20150331,20260318,16.0,1.0,UNIQUE_OFFICIAL
019930,기라정보통신(주),1999-12-01,2004-01-01,,,,,,NO_OFFICIAL_MAPPING
020000,한섬,1999-12-01,2026-05-01,00188089,20150331,20260313,14.0,1.0,UNIQUE_OFFICIAL
020120,키다리스튜디오,1999-12-01,2026-05-01,00140131,20150331,20260317,15.0,1.0,UNIQUE_OFFICIAL
020150,롯데에너지머티리얼즈,2011-03-01,2026-05-01,00113997,20150331,20260310,14.0,1.0,UNIQUE_OFFICIAL
020560,아시아나항공,1999-12-01,2026-05-01,00138792,20150331,20260318,16.0,1.0,UNIQUE_OFFICIAL
020760,일진디스플,2002-01-01,2026-05-01,00198697,20150331,20260323,15.0,1.0,UNIQUE_OFFICIAL
021050,서원,1999-12-01,2026-05-01,00131197,20150331,20260323,15.0,1.0,UNIQUE_OFFICIAL
021240,코웨이,1999-12-01,2026-05-01,00170558,20150331,20260323,18.0,1.0,UNIQUE_OFFICIAL
021820,세원정공,1999-12-01,2026-05-01,00134316,20150930,20250922,20.0,1.0,UNIQUE_OFFICIAL
022100,포스코DX,2000-11-01,2026-05-01,00155212,20150330,20260417,17.0,1.0,UNIQUE_OFFICIAL
022520,코오롱아이넷,2001-09-01,2011-12-01,,,,,,NO_OFFICIAL_MAPPING
023000,삼원강재,2011-07-01,2026-05-01,00191588,20150331,20260316,12.0,1.0,UNIQUE_OFFICIAL
023150,MH에탄올,1999-12-01,2026-05-01,00121534,20150330,20260312,14.0,1.0,UNIQUE_OFFICIAL
023350,한국종합기술,2011-04-01,2026-05-01,00159500,20150331,20260318,12.0,1.0,UNIQUE_OFFICIAL
023450,동남합성,1999-12-01,2026-05-01,00115065,20150330,20260318,14.0,1.0,UNIQUE_OFFICIAL
023530,롯데쇼핑,2006-02-01,2026-05-01,00120526,20150331,20260312,16.0,1.0,UNIQUE_OFFICIAL
023590,다우기술,1999-12-01,2026-05-01,00176914,20150331,20260318,24.0,1.0,UNIQUE_OFFICIAL
023800,인지컨트롤스,1999-12-01,2026-05-01,00103510,20150331,20260323,14.0,1.0,UNIQUE_OFFICIAL
023810,인팩,1999-12-01,2026-05-01,00180795,20150331,20260323,12.0,1.0,UNIQUE_OFFICIAL
023960,에쓰씨엔지니어링,1999-12-01,2026-05-01,00121969,20150331,20260319,18.0,1.0,UNIQUE_OFFICIAL
024070,WISCOM,1999-12-01,2026-05-01,00142865,20150331,20260319,13.0,1.0,UNIQUE_OFFICIAL
024090,디씨엠,1999-12-01,2026-05-01,00177199,20150331,20260311,14.0,1.0,UNIQUE_OFFICIAL
024720,콜마홀딩스,1999-12-01,2026-05-01,00203290,20150331,20260318,15.0,1.0,UNIQUE_OFFICIAL
024870,(주)유성티에스아이,1999-12-01,2010-04-01,,,,,,NO_OFFICIAL_MAPPING
024890,대원화성,1999-12-01,2026-05-01,00112022,20150331,20260318,17.0,1.0,UNIQUE_OFFICIAL
024900,디와이덕양,1999-12-01,2026-05-01,00114154,20150331,20260317,17.0,1.0,UNIQUE_OFFICIAL
025000,KPX케미칼,1999-12-01,2026-05-01,00191472,20150331,20260312,12.0,1.0,UNIQUE_OFFICIAL
025530,SJM홀딩스,1999-12-01,2026-05-01,00181943,20150331,20260319,16.0,1.0,UNIQUE_OFFICIAL
025540,한국단자,1999-12-01,2026-05-01,00157070,20150331,20260317,17.0,1.0,UNIQUE_OFFICIAL
025560,미래산업,1999-12-01,2026-05-01,00197759,20150331,20260319,17.0,1.0,UNIQUE_OFFICIAL
025620,차AI헬스케어,1999-12-01,2026-05-01,00136776,20150331,20260319,22.0,1.0,UNIQUE_OFFICIAL
025750,한솔홈데코,2003-11-01,2026-05-01,00203582,20150320,20260311,17.0,1.0,UNIQUE_OFFICIAL
025820,이구산업,1999-12-01,2026-05-01,00145464,20150331,20260316,16.0,1.0,UNIQUE_OFFICIAL
025830,한국합섬,1999-12-01,2007-03-01,,,,,,NO_OFFICIAL_MAPPING
025840,(주)레이디,1999-12-01,2001-12-01,,,,,,NO_OFFICIAL_MAPPING
025850,한화화인케미칼,1999-12-01,2016-02-01,00160612,20150331,20150515,2.0,1.0,UNIQUE_OFFICIAL
025860,남해화학,1999-12-01,2026-05-01,00107987,20150331,20260319,14.0,1.0,UNIQUE_OFFICIAL
025890,한국주강,1999-12-01,2026-05-01,00159564,20150330,20260319,13.0,1.0,UNIQUE_OFFICIAL
025930,(주)팬택자산관리,1999-12-01,2007-03-01,00207542,20150331,20160330,3.0,1.0,UNIQUE_OFFICIAL
026870,코원에너지서비스(주),1999-12-01,2012-10-01,00112907,20150331,20170331,4.0,1.0,UNIQUE_OFFICIAL
026890,스틱인베스트먼트,1999-12-01,2026-05-01,00117498,20150330,20260319,12.0,1.0,UNIQUE_OFFICIAL
026940,부국철강,1999-12-01,2026-05-01,00123781,20150331,20260318,15.0,1.0,UNIQUE_OFFICIAL
026960,동서,1999-12-01,2026-05-01,00144395,20150331,20260312,14.0,1.0,UNIQUE_OFFICIAL
027390,(주)한화갤러리아타임월드,1999-12-01,2020-03-01,00117258,20150331,20210331,7.0,1.0,UNIQUE_OFFICIAL
027410,BGF,2014-05-01,2026-05-01,00219097,20150331,20260318,18.0,1.0,UNIQUE_OFFICIAL
027740,마니커,2000-12-01,2026-05-01,00204208,20150331,20260313,14.0,1.0,UNIQUE_OFFICIAL
027840,고덴시,1999-12-01,2010-06-01,,,,,,NO_OFFICIAL_MAPPING
027970,한국제지,1999-12-01,2026-05-01,00133706,20150331,20260318,14.0,1.0,UNIQUE_OFFICIAL
028050,삼성E&A,1999-12-01,2026-05-01,00126308,20150331,20260311,24.0,1.0,UNIQUE_OFFICIAL
028100,동아지질,2009-06-01,2026-05-01,00178754,20150331,20260318,15.0,1.0,UNIQUE_OFFICIAL
028260,삼성물산,2014-12-01,2026-05-01,00149655,20150331,20260312,17.0,1.0,UNIQUE_OFFICIAL
028670,팬오션,2007-09-01,2026-05-01,00122737,20150331,20260319,15.0,1.0,UNIQUE_OFFICIAL
029460,케이씨,1999-12-01,2026-05-01,00209780,20150331,20260316,15.0,1.0,UNIQUE_OFFICIAL
029530,신도리코,1999-12-01,2026-05-01,00135795,20150327,20260311,14.0,1.0,UNIQUE_OFFICIAL
030000,제일기획,1999-12-01,2026-05-01,00148276,20150331,20260310,17.0,1.0,UNIQUE_OFFICIAL
030190,NICE평가정보,2000-05-01,2026-05-01,00158325,20150331,20260313,12.0,1.0,UNIQUE_OFFICIAL
030200,KT,1999-12-01,2026-05-01,00190321,20150331,20260323,14.0,1.0,UNIQUE_OFFICIAL
030710,동아상호신용금고,1999-12-01,2001-06-01,,,,,,NO_OFFICIAL_MAPPING
030720,동원수산,1999-12-01,2026-05-01,00118044,20150331,20260312,13.0,1.0,UNIQUE_OFFICIAL
030790,비케이탑스,2000-12-01,2024-04-01,00273615,20150331,20230727,16.0,1.0,UNIQUE_OFFICIAL
031430,신세계인터내셔날,2011-07-01,2026-05-01,00234412,20150331,20260316,14.0,1.0,UNIQUE_OFFICIAL
031440,신세계푸드,2001-07-01,2026-05-01,00274933,20150331,20260318,14.0,1.0,UNIQUE_OFFICIAL
031820,아이티센씨티에스,1999-12-01,2026-05-01,00186559,20150331,20260323,14.0,1.0,UNIQUE_OFFICIAL
032350,롯데관광개발,2006-06-01,2026-05-01,00231372,20150331,20260319,16.0,1.0,UNIQUE_OFFICIAL
032390,KTF,1999-12-01,2009-05-01,,,,,,NO_OFFICIAL_MAPPING
032560,황금에스티,1999-12-01,2026-05-01,00218575,20150331,20260323,19.0,1.0,UNIQUE_OFFICIAL
032640,LG유플러스,2000-09-01,2026-05-01,00231363,20150331,20260313,13.0,1.0,UNIQUE_OFFICIAL
032830,삼성생명,2010-05-01,2026-05-01,00126256,20150331,20260331,17.0,1.0,UNIQUE_OFFICIAL
033180,KH 필룩스,1999-12-01,2025-12-01,00193009,20150330,20260331,16.0,1.0,UNIQUE_OFFICIAL
033240,자화전자,1999-12-01,2026-05-01,00146861,20150331,20260318,15.0,1.0,UNIQUE_OFFICIAL
033250,체시스,1999-12-01,2026-05-01,00125576,20150925,20260323,15.0,1.0,UNIQUE_OFFICIAL
033270,유나이티드제약,1999-12-01,2026-05-01,00158963,20150331,20260319,16.0,1.0,UNIQUE_OFFICIAL
033530,SJG세종,1999-12-01,2026-05-01,00134510,20150331,20260316,14.0,1.0,UNIQUE_OFFICIAL
033780,KT&G,1999-12-01,2026-05-01,00244455,20150331,20260318,26.0,1.0,UNIQUE_OFFICIAL
033920,무학,1999-12-01,2026-05-01,00121543,20150331,20260318,18.0,1.0,UNIQUE_OFFICIAL
034020,두산에너빌리티,2000-10-01,2026-05-01,00159616,20150330,20260320,20.0,1.0,UNIQUE_OFFICIAL
034120,SBS,1999-12-01,2026-05-01,00130772,20150331,20260319,13.0,1.0,UNIQUE_OFFICIAL
034220,LG디스플레이,2004-07-01,2026-05-01,00105873,20150330,20260311,13.0,1.0,UNIQUE_OFFICIAL
034230,파라다이스,2002-11-01,2026-05-01,00171265,20150331,20260319,17.0,1.0,UNIQUE_OFFICIAL
034300,신세계건설,1999-12-01,2025-01-01,00217947,20150331,20260316,18.0,1.0,UNIQUE_OFFICIAL
034310,NICE,2004-02-01,2026-05-01,00158316,20150331,20260323,15.0,1.0,UNIQUE_OFFICIAL
034590,인천도시가스,2006-11-01,2026-05-01,00145862,20150331,20260305,12.0,1.0,UNIQUE_OFFICIAL
034730,SK,2009-11-01,2026-05-01,00181712,20150331,20260318,15.0,1.0,UNIQUE_OFFICIAL
035000,HS애드,1999-12-01,2026-05-01,00140168,20150331,20260413,16.0,1.0,UNIQUE_OFFICIAL
035150,백산,1999-12-01,2026-05-01,00122551,20150331,20260319,15.0,1.0,UNIQUE_OFFICIAL
035250,강원랜드,2001-10-01,2026-05-01,00255619,20150331,20260323,13.0,1.0,UNIQUE_OFFICIAL
035420,NAVER,2002-10-01,2026-05-01,00266961,20150331,20260313,14.0,1.0,UNIQUE_OFFICIAL
035510,신세계 I&C,2000-11-01,2026-05-01,00219486,20150331,20260316,16.0,1.0,UNIQUE_OFFICIAL
035720,카카오,1999-12-01,2026-05-01,00258801,20150330,20260515,64.0,1.0,UNIQUE_OFFICIAL
036420,콘텐트리중앙,2000-03-01,2026-05-01,00203315,20150331,20260318,15.0,1.0,UNIQUE_OFFICIAL
036460,한국가스공사,1999-12-01,2026-05-01,00261285,20150331,20260323,19.0,1.0,UNIQUE_OFFICIAL
036530,SNT홀딩스,2000-03-01,2026-05-01,00225159,20150323,20260402,15.0,1.0,UNIQUE_OFFICIAL
036570,NC,2000-07-01,2026-05-01,00261443,20150331,20260318,17.0,1.0,UNIQUE_OFFICIAL
036580,팜스코,1999-12-01,2026-05-01,00260408,20150331,20260320,16.0,1.0,UNIQUE_OFFICIAL
037270,YG PLUS,2003-08-01,2026-05-01,00249247,20150331,20260320,14.0,1.0,UNIQUE_OFFICIAL
037560,LG헬로비전,2012-11-01,2026-05-01,00222532,20150331,20260316,15.0,1.0,UNIQUE_OFFICIAL
037710,광주신세계,2002-02-01,2026-05-01,00220561,20150331,20260316,14.0,1.0,UNIQUE_OFFICIAL
039130,하나투어,2000-11-01,2026-05-01,00269940,20150331,20260319,16.0,1.0,UNIQUE_OFFICIAL
039570,HDC랩스,2015-09-01,2026-05-01,00350312,20160330,20260318,15.0,1.0,UNIQUE_OFFICIAL
041650,상신브레이크,2001-11-01,2026-05-01,00129642,20150331,20260318,13.0,1.0,UNIQUE_OFFICIAL
042100,(주)현대오토넷,2002-07-01,2009-06-01,,,,,,NO_OFFICIAL_MAPPING
042660,한화오션,2001-02-01,2026-05-01,00111704,20150331,20260317,29.0,1.0,UNIQUE_OFFICIAL
042670,HD현대인프라코어,2001-02-01,2025-12-01,00344287,20150331,20250418,15.0,1.0,UNIQUE_OFFICIAL
042700,한미반도체,2005-07-01,2026-05-01,00161383,20150330,20260312,13.0,1.0,UNIQUE_OFFICIAL
044380,주연테크,2006-11-01,2026-05-01,00269241,20150331,20260319,12.0,1.0,UNIQUE_OFFICIAL
044450,KSS해운,2007-10-01,2026-05-01,00160232,20150331,20260318,15.0,1.0,UNIQUE_OFFICIAL
044820,코스맥스비티아이,2002-02-01,2026-05-01,00219574,20150331,20260317,15.0,1.0,UNIQUE_OFFICIAL
045710,(주)온미디어,2006-07-01,2011-02-01,,,,,,NO_OFFICIAL_MAPPING
045820,(주)LG파워콤,2008-11-01,2009-12-01,,,,,,NO_OFFICIAL_MAPPING
047040,대우건설,2001-03-01,2026-05-01,00124540,20150331,20260318,20.0,1.0,UNIQUE_OFFICIAL
047050,포스코인터내셔널,2001-03-01,2026-05-01,00124504,20150331,20260318,16.0,1.0,UNIQUE_OFFICIAL
047400,유니온머티리얼,2009-09-01,2026-05-01,00369833,20150331,20260318,17.0,1.0,UNIQUE_OFFICIAL
047810,한국항공우주,2011-06-01,2026-05-01,00309503,20150331,20260318,21.0,1.0,UNIQUE_OFFICIAL
049770,동원F&B,2000-11-01,2025-06-01,00340917,20150330,20260319,14.0,1.0,UNIQUE_OFFICIAL
049800,우진플라임,2001-07-01,2026-05-01,00303217,20150331,20260323,19.0,1.0,UNIQUE_OFFICIAL
051310,(주)플랜텍,2007-11-01,2016-03-01,00181934,20150331,20260331,12.0,1.0,UNIQUE_OFFICIAL
051600,한전KPS,2007-12-01,2026-05-01,00159218,20150331,20260323,14.0,1.0,UNIQUE_OFFICIAL
051630,진양화학,2001-01-01,2026-05-01,00347734,20150331,20260303,12.0,1.0,UNIQUE_OFFICIAL
051900,LG생활건강,2001-04-01,2026-05-01,00356370,20150331,20260316,14.0,1.0,UNIQUE_OFFICIAL
051910,LG화학,2001-04-01,2026-05-01,00356361,20150331,20260313,17.0,1.0,UNIQUE_OFFICIAL
052690,한전기술,2009-12-01,2026-05-01,00159209,20150331,20260326,20.0,1.0,UNIQUE_OFFICIAL
053210,스카이라이프,2011-06-01,2026-05-01,00349097,20150331,20260318,15.0,1.0,UNIQUE_OFFICIAL
053690,한미글로벌,2009-06-01,2026-05-01,00413523,20150331,20260316,15.0,1.0,UNIQUE_OFFICIAL
055490,테이팩스,2017-10-01,2026-05-01,00256955,20180402,20260316,12.0,1.0,UNIQUE_OFFICIAL
055550,신한지주,2001-09-01,2026-05-01,00382199,20150331,20260318,18.0,1.0,UNIQUE_OFFICIAL
057050,현대홈쇼핑,2010-09-01,2026-05-01,00412597,20150331,20260316,18.0,1.0,UNIQUE_OFFICIAL
058430,포스코스틸리온,2002-08-01,2026-05-01,00155258,20150327,20260317,14.0,1.0,UNIQUE_OFFICIAL
058650,세아홀딩스,2001-07-01,2026-05-01,00377610,20150331,20260318,17.0,1.0,UNIQUE_OFFICIAL
058730,다스코,2004-08-01,2026-05-01,00353878,20150330,20260317,19.0,1.0,UNIQUE_OFFICIAL
058850,KTcs,2010-09-01,2026-05-01,00372882,20150331,20260323,18.0,1.0,UNIQUE_OFFICIAL
058860,KTis,2010-12-01,2026-05-01,00372873,20150331,20260323,12.0,1.0,UNIQUE_OFFICIAL
060980,HL홀딩스,2010-05-01,2026-05-01,00299002,20150331,20260318,18.0,1.0,UNIQUE_OFFICIAL
062040,산일전기,2024-07-01,2026-05-01,00366438,20250320,20260403,5.0,1.0,UNIQUE_OFFICIAL
063160,종근당바이오,2001-12-01,2026-05-01,00390055,20150331,20260318,14.0,1.0,UNIQUE_OFFICIAL
063350,(주)팬택앤큐리텔,2003-09-01,2007-03-01,,,,,,NO_OFFICIAL_MAPPING
063510,코오롱인터,2001-12-01,2006-06-01,,,,,,NO_OFFICIAL_MAPPING
064350,현대로템,2013-10-01,2026-05-01,00302926,20150331,20260319,14.0,1.0,UNIQUE_OFFICIAL
064400,LG씨엔에스,2025-02-01,2026-05-01,00139834,20150331,20260316,14.0,1.0,UNIQUE_OFFICIAL
064420,케이피케미칼,2002-06-01,2012-12-01,,,,,,NO_OFFICIAL_MAPPING
064960,SNT모티브,2002-03-01,2026-05-01,00398792,20150323,20260219,12.0,1.0,UNIQUE_OFFICIAL
066570,LG전자,2002-04-01,2026-05-01,00401731,20150331,20260313,14.0,1.0,UNIQUE_OFFICIAL
066970,엘앤에프,2003-01-01,2026-05-01,00398701,20150327,20260423,22.0,1.0,UNIQUE_OFFICIAL
067250,케이조선,2003-10-01,2026-04-01,00109453,20150331,20260326,13.0,1.0,UNIQUE_OFFICIAL
067830,세이브존I&C,2002-07-01,2026-05-01,00422895,20150330,20260319,12.0,1.0,UNIQUE_OFFICIAL
068270,셀트리온,2005-07-01,2026-05-01,00413046,20150331,20260515,59.0,1.0,UNIQUE_OFFICIAL
068290,삼성출판사,2002-08-01,2026-05-01,00423690,20150331,20260319,15.0,1.0,UNIQUE_OFFICIAL
068400,에스케이렌터카(주),2012-07-01,2023-12-01,00201450,20150330,20260331,13.0,1.0,UNIQUE_OFFICIAL
068870,(주)LG생명과학,2002-08-01,2016-12-01,00423609,20150331,20160516,3.0,1.0,UNIQUE_OFFICIAL
069260,TKG휴켐스,2002-10-01,2026-05-01,00426086,20150331,20260402,15.0,1.0,UNIQUE_OFFICIAL
069460,대호에이엘,2002-11-01,2026-05-01,00428729,20150331,20260324,21.0,1.0,UNIQUE_OFFICIAL
069470,(주)제로원인터랙티브,2002-11-01,2010-04-01,,,,,,NO_OFFICIAL_MAPPING
069620,대웅제약,2002-11-01,2026-05-01,00427483,20150331,20260318,16.0,1.0,UNIQUE_OFFICIAL
069640,한세엠케이,2011-06-01,2026-05-01,00357360,20150331,20260318,15.0,1.0,UNIQUE_OFFICIAL
069730,DSR제강,2003-01-01,2026-05-01,00151298,20150331,20260318,12.0,1.0,UNIQUE_OFFICIAL
069960,현대백화점,2002-11-01,2026-05-01,00428251,20150331,20260318,13.0,1.0,UNIQUE_OFFICIAL
070960,모나용평,2016-05-01,2026-05-01,00365989,20170331,20260323,13.0,1.0,UNIQUE_OFFICIAL
071090,하이스틸,2003-02-01,2026-05-01,00435312,20150327,20260310,13.0,1.0,UNIQUE_OFFICIAL
071320,지역난방공사,2010-01-01,2026-05-01,00159698,20150331,20260313,17.0,1.0,UNIQUE_OFFICIAL
071840,롯데하이마트,2011-06-01,2026-05-01,00158307,20150331,20260311,17.0,1.0,UNIQUE_OFFICIAL
071950,코아스,2005-08-01,2026-05-01,00210856,20150331,20260324,15.0,1.0,UNIQUE_OFFICIAL
071970,HD현대마린엔진,2009-05-01,2026-05-01,00406046,20150331,20260316,21.0,1.0,UNIQUE_OFFICIAL
072130,유엔젤,2003-07-01,2026-05-01,00416654,20150331,20260319,15.0,1.0,UNIQUE_OFFICIAL
072710,농심홀딩스,2003-07-01,2026-05-01,00459871,20150331,20260318,13.0,1.0,UNIQUE_OFFICIAL
073240,금호타이어,2005-02-01,2026-05-01,00481454,20150331,20260317,25.0,1.0,UNIQUE_OFFICIAL
074610,이엔플러스,2003-12-01,2026-05-01,00469799,20150327,20260331,20.0,1.0,UNIQUE_OFFICIAL
075180,새론오토모티브,2005-10-01,2026-05-01,00305668,20150331,20260331,12.0,1.0,UNIQUE_OFFICIAL
075580,세진중공업,2015-11-01,2026-05-01,00415628,20160330,20260323,14.0,1.0,UNIQUE_OFFICIAL
076170,GBS,2004-01-01,2009-03-01,,,,,,NO_OFFICIAL_MAPPING
077500,유니퀘스트,2004-08-01,2026-05-01,00414601,20150331,20260319,19.0,1.0,UNIQUE_OFFICIAL
077970,STX엔진,2004-05-01,2026-05-01,00480455,20150331,20260323,16.0,1.0,UNIQUE_OFFICIAL
078000,텔코웨어,2004-07-01,2026-05-01,00361488,20150330,20260319,13.0,1.0,UNIQUE_OFFICIAL
078520,에이블씨엔씨,2005-02-01,2026-05-01,00400857,20150331,20260320,16.0,1.0,UNIQUE_OFFICIAL
078930,GS,2004-08-01,2026-05-01,00500254,20150331,20260318,13.0,1.0,UNIQUE_OFFICIAL
079160,CJ CGV,2004-12-01,2026-05-01,00303873,20150331,20260318,14.0,1.0,UNIQUE_OFFICIAL
079430,현대리바트,2005-11-01,2026-05-01,00300548,20150205,20260316,18.0,1.0,UNIQUE_OFFICIAL
079550,LIG디펜스앤에어로스페이스,2015-10-01,2026-05-01,00503668,20160329,20260323,16.0,1.0,UNIQUE_OFFICIAL
079660,사조해표,2004-09-01,2019-05-01,00503899,20150331,20190329,8.0,1.0,UNIQUE_OFFICIAL
079900,전진건설로봇,2024-08-01,2026-05-01,00372129,20250317,20260318,2.0,1.0,UNIQUE_OFFICIAL
079980,휴비스,2012-02-01,2026-05-01,00362238,20150330,20260316,14.0,1.0,UNIQUE_OFFICIAL
081000,일진다이아,2004-12-01,2026-05-01,00508274,20150331,20260311,12.0,1.0,UNIQUE_OFFICIAL
081660,미스토홀딩스,2010-09-01,2026-05-01,00195229,20150331,20260318,20.0,1.0,UNIQUE_OFFICIAL
082640,동양생명,2009-10-01,2026-05-01,00117267,20150331,20260331,21.0,1.0,UNIQUE_OFFICIAL
082740,한화엔진,2011-01-01,2026-05-01,00361008,20150331,20260318,14.0,1.0,UNIQUE_OFFICIAL
083420,그린케미칼,2005-10-01,2026-05-01,00454946,20150331,20260317,12.0,1.0,UNIQUE_OFFICIAL
084010,대한제강,2005-10-01,2026-05-01,00113225,20150331,20260318,15.0,1.0,UNIQUE_OFFICIAL
084670,동양고속,2005-07-01,2026-05-01,00540641,20150331,20260323,14.0,1.0,UNIQUE_OFFICIAL
084680,이월드,2005-07-01,2026-05-01,00540605,20150331,20260319,13.0,1.0,UNIQUE_OFFICIAL
084690,대상홀딩스,2005-08-01,2026-05-01,00539274,20150331,20260327,16.0,1.0,UNIQUE_OFFICIAL
084870,TBH글로벌,2005-12-01,2026-05-01,00409672,20150331,20260323,14.0,1.0,UNIQUE_OFFICIAL
085310,엔케이,2008-01-01,2026-05-01,00172228,20150331,20260323,14.0,1.0,UNIQUE_OFFICIAL
085620,미래에셋생명,2014-08-01,2026-05-01,00112332,20150331,20260420,23.0,1.0,UNIQUE_OFFICIAL
086280,현대글로비스,2005-12-01,2026-05-01,00360595,20150331,20260318,14.0,1.0,UNIQUE_OFFICIAL
088350,한화생명,2010-03-01,2026-05-01,00113058,20150331,20260331,19.0,1.0,UNIQUE_OFFICIAL
088790,진도,2006-03-01,2026-05-01,00557933,20150331,20260323,16.0,1.0,UNIQUE_OFFICIAL
089470,HDC현대EP,2006-09-01,2026-05-01,00357935,20150331,20260318,16.0,1.0,UNIQUE_OFFICIAL
089590,제주항공,2014-08-01,2026-05-01,00555874,20150331,20260515,24.0,1.0,UNIQUE_OFFICIAL
089860,롯데렌탈,2021-08-01,2026-05-01,00545716,20150331,20260316,20.0,1.0,UNIQUE_OFFICIAL
090080,평화산업,2006-06-01,2026-05-01,00573579,20150331,20260316,13.0,1.0,UNIQUE_OFFICIAL
090350,노루페인트,2006-07-01,2026-05-01,00583442,20150331,20260312,12.0,1.0,UNIQUE_OFFICIAL
090370,메타랩스,2006-12-01,2026-05-01,00442835,20150331,20260319,16.0,1.0,UNIQUE_OFFICIAL
090430,아모레퍼시픽,2006-06-01,2026-05-01,00583424,20150331,20260318,15.0,1.0,UNIQUE_OFFICIAL
090460,비에이치,2007-01-01,2026-05-01,00447609,20150331,20260323,19.0,1.0,UNIQUE_OFFICIAL
091090,세원이앤씨,2006-07-01,2025-09-01,00585219,20150331,20260323,15.0,1.0,UNIQUE_OFFICIAL
091810,트리니티항공,2018-08-01,2026-05-01,00671376,20190329,20260430,11.0,1.0,UNIQUE_OFFICIAL
092200,디아이씨,2007-10-01,2026-05-01,00112165,20150331,20260320,14.0,1.0,UNIQUE_OFFICIAL
092220,KEC,2006-10-01,2026-05-01,00589127,20150330,20260319,16.0,1.0,UNIQUE_OFFICIAL
092230,KPX홀딩스,2006-10-01,2026-05-01,00587466,20150331,20260320,13.0,1.0,UNIQUE_OFFICIAL
092440,기신정기,2007-10-01,2026-05-01,00106614,20150629,20250612,11.0,1.0,UNIQUE_OFFICIAL
092780,DYP,2017-12-01,2026-05-01,00117726,20180402,20260323,9.0,1.0,UNIQUE_OFFICIAL
092790,넥스틸,2023-08-01,2026-05-01,00220613,20240321,20260414,6.0,1.0,UNIQUE_OFFICIAL
093050,LF,2006-12-01,2026-05-01,00593032,20150331,20260318,12.0,1.0,UNIQUE_OFFICIAL
093230,이아이디,2007-11-01,2025-08-01,00480950,20150331,20260331,15.0,1.0,UNIQUE_OFFICIAL
093240,형지엘리트,2009-09-01,2026-05-01,00441243,20150921,20250919,13.0,1.0,UNIQUE_OFFICIAL
093370,후성,2006-12-01,2026-05-01,00595191,20150331,20260318,14.0,1.0,UNIQUE_OFFICIAL
094280,효성ITX,2007-10-01,2026-05-01,00414850,20150331,20260318,12.0,1.0,UNIQUE_OFFICIAL
095570,AJ네트웍스,2015-08-01,2026-05-01,00365387,20150331,20260318,21.0,1.0,UNIQUE_OFFICIAL
095720,웅진씽크빅,2007-05-01,2026-05-01,00628189,20150331,20260318,12.0,1.0,UNIQUE_OFFICIAL
096760,JW홀딩스,2007-07-01,2026-05-01,00632304,20150331,20260318,23.0,1.0,UNIQUE_OFFICIAL
096770,SK이노베이션,2007-07-01,2026-05-01,00631518,20150331,20260316,14.0,1.0,UNIQUE_OFFICIAL
097230,HJ중공업,2007-08-01,2026-05-01,00633835,20150331,20260319,21.0,1.0,UNIQUE_OFFICIAL
097520,엠씨넥스,2012-07-01,2026-05-01,00564562,20150331,20260318,12.0,1.0,UNIQUE_OFFICIAL
097950,CJ제일제당,2007-09-01,2026-05-01,00635134,20150331,20260316,17.0,1.0,UNIQUE_OFFICIAL
100090,SK오션플랜트,2008-08-01,2026-05-01,00480367,20150331,20260323,16.0,1.0,UNIQUE_OFFICIAL
100220,비상교육,2008-06-01,2026-05-01,00520887,20150331,20260319,16.0,1.0,UNIQUE_OFFICIAL
100250,진양홀딩스,2008-02-01,2026-05-01,00646732,20150331,20260312,14.0,1.0,UNIQUE_OFFICIAL
100840,SNT에너지,2008-02-01,2026-05-01,00648721,20150323,20260220,13.0,1.0,UNIQUE_OFFICIAL
101060,SBS미디어홀딩스,2008-03-01,2021-12-01,00650629,20150331,20210317,7.0,1.0,UNIQUE_OFFICIAL
101140,인바이오젠,2008-04-01,2026-05-01,00652423,20150330,20260331,17.0,1.0,UNIQUE_OFFICIAL
101530,해태제과식품,2016-05-01,2026-05-01,00428321,20150331,20260318,20.0,1.0,UNIQUE_OFFICIAL
101990,파브코,2008-06-01,2014-04-01,,,,,,NO_OFFICIAL_MAPPING
102260,동성케미컬,2008-06-01,2026-05-01,00679314,20150331,20260318,20.0,1.0,UNIQUE_OFFICIAL
102280,쌍방울,2008-06-01,2025-10-01,00681142,20150331,20260331,18.0,1.0,UNIQUE_OFFICIAL
102460,이연제약,2010-06-01,2026-05-01,00145598,20150331,20260320,16.0,1.0,UNIQUE_OFFICIAL
103130,웅진에너지(주),2010-06-01,2020-05-01,00609485,20150331,20220331,11.0,1.0,UNIQUE_OFFICIAL
103140,풍산,2008-07-01,2026-05-01,00684714,20150331,20260312,12.0,1.0,UNIQUE_OFFICIAL
103150,하이트맥주,2008-07-01,2011-08-01,,,,,,NO_OFFICIAL_MAPPING
103160,풀무원식품(주),2008-07-01,2009-03-01,00684732,20150331,20260323,15.0,1.0,UNIQUE_OFFICIAL
103590,일진전기,2008-08-01,2026-05-01,00683469,20150331,20260311,15.0,1.0,UNIQUE_OFFICIAL
104110,신성이엔지,2008-09-01,2016-12-01,00686068,20150331,20171212,3.0,1.0,UNIQUE_OFFICIAL
104120,신성에프에이,2008-09-01,2016-12-01,00686147,20150331,20171212,3.0,1.0,UNIQUE_OFFICIAL
104700,한국철강,2008-09-01,2026-05-01,00687711,20150331,20260319,15.0,1.0,UNIQUE_OFFICIAL
105630,한세실업,2009-03-01,2026-05-01,00728638,20150331,20260318,14.0,1.0,UNIQUE_OFFICIAL
105840,우진,2010-07-01,2026-05-01,00173944,20150330,20260316,14.0,1.0,UNIQUE_OFFICIAL
107590,미원홀딩스,2009-03-01,2026-05-01,00706715,20150331,20260319,13.0,1.0,UNIQUE_OFFICIAL
108070,삼성이미징,2009-03-01,2010-03-01,,,,,,NO_OFFICIAL_MAPPING
108320,LX세미콘,2010-06-01,2026-05-01,00525934,20150331,20260318,14.0,1.0,UNIQUE_OFFICIAL
108670,LX하우시스,2009-04-01,2026-05-01,00759513,20150331,20260316,14.0,1.0,UNIQUE_OFFICIAL
109070,주성코퍼레이션,2009-03-01,2026-05-01,00753643,20150331,20260318,19.0,1.0,UNIQUE_OFFICIAL
110570,(주)넥솔론,2011-10-01,2017-03-01,00636045,20150331,20170331,4.0,1.0,UNIQUE_OFFICIAL
111110,호전실업,2017-02-01,2026-05-01,00226316,20170331,20260330,18.0,1.0,UNIQUE_OFFICIAL
111380,동인기연,2023-11-01,2026-05-01,00367710,20240321,20260319,3.0,1.0,UNIQUE_OFFICIAL
111770,영원무역,2009-07-01,2026-05-01,00776820,20150331,20260319,14.0,1.0,UNIQUE_OFFICIAL
112610,씨에스윈드,2014-11-01,2026-05-01,00670340,20150331,20260318,21.0,1.0,UNIQUE_OFFICIAL
114090,GKL,2009-11-01,2026-05-01,00557508,20150330,20260318,17.0,1.0,UNIQUE_OFFICIAL
114410,(주)현대푸드시스템,2009-12-01,2010-06-01,,,,,,NO_OFFICIAL_MAPPING
115390,락앤락,2010-01-01,2024-11-01,00561866,20150331,20250320,13.0,1.0,UNIQUE_OFFICIAL
117580,대성에너지,2010-12-01,2026-05-01,00787376,20150331,20260318,12.0,1.0,UNIQUE_OFFICIAL
117930,한진해운,2009-12-01,2017-02-01,00790501,20150331,20160330,3.0,1.0,UNIQUE_OFFICIAL
118000,메타케어,2009-12-01,2026-05-01,00791209,20150331,20260317,15.0,1.0,UNIQUE_OFFICIAL
119650,KC코트렐,2010-01-01,2026-05-01,00797364,20150330,20260423,17.0,1.0,UNIQUE_OFFICIAL
120030,조선선재,2010-02-01,2026-05-01,00796994,20150331,20260518,16.0,1.0,UNIQUE_OFFICIAL
120110,코오롱인더,2010-02-01,2026-05-01,00795135,20150331,20260331,17.0,1.0,UNIQUE_OFFICIAL
122290,동양밸류스팩,2010-03-01,2012-10-01,,,,,,NO_OFFICIAL_MAPPING
122750,우리스팩1호,2010-05-01,2012-11-01,,,,,,NO_OFFICIAL_MAPPING
122900,아이마켓코리아,2010-07-01,2026-05-01,00360142,20150331,20260319,13.0,1.0,UNIQUE_OFFICIAL
123690,한국화장품,2010-06-01,2026-05-01,00823429,20150331,20260319,14.0,1.0,UNIQUE_OFFICIAL
123700,SJM,2010-05-01,2026-05-01,00815369,20150331,20260319,18.0,1.0,UNIQUE_OFFICIAL
126560,현대퓨처넷,2010-12-01,2026-05-01,00403632,20150331,20260313,14.0,1.0,UNIQUE_OFFICIAL
126720,수산인더스트리,2022-08-01,2026-05-01,00193328,20230323,20260323,6.0,1.0,UNIQUE_OFFICIAL
128820,대성산업,2010-07-01,2026-05-01,00828789,20150331,20260320,15.0,1.0,UNIQUE_OFFICIAL
128940,한미약품,2010-07-01,2026-05-01,00828497,20150331,20260320,13.0,1.0,UNIQUE_OFFICIAL
129260,인터지스,2011-12-01,2026-05-01,00151368,20150331,20260316,16.0,1.0,UNIQUE_OFFICIAL
130660,한전산업,2010-12-01,2026-05-01,00194947,20150331,20260319,14.0,1.0,UNIQUE_OFFICIAL
133820,화인베스틸,2014-07-01,2026-05-01,00661847,20150331,20260323,15.0,1.0,UNIQUE_OFFICIAL
134380,미원화학,2011-02-01,2026-05-01,00855163,20150327,20260309,12.0,1.0,UNIQUE_OFFICIAL
134790,시디즈,2011-01-01,2026-05-01,00852087,20150331,20260319,17.0,1.0,UNIQUE_OFFICIAL
136490,선진,2011-02-01,2026-05-01,00855093,20150327,20260320,12.0,1.0,UNIQUE_OFFICIAL
137310,에스디바이오센서,2021-07-01,2026-05-01,00854997,20210331,20260318,12.0,1.0,UNIQUE_OFFICIAL
138250,(주)엔에스쇼핑,2015-03-01,2022-02-01,00406392,20150331,20220322,11.0,1.0,UNIQUE_OFFICIAL
138490,코오롱ENP,2011-06-01,2026-03-01,00241005,20150331,20260317,13.0,1.0,UNIQUE_OFFICIAL
139480,이마트,2011-06-01,2026-05-01,00872984,20150331,20260318,16.0,1.0,UNIQUE_OFFICIAL
139990,아주스틸,2021-08-01,2026-05-01,00486705,20220316,20260318,7.0,1.0,UNIQUE_OFFICIAL
143210,핸즈코퍼레이션,2016-12-01,2026-05-01,00119140,20170331,20260526,13.0,1.0,UNIQUE_OFFICIAL
144620,코오롱머티리얼(주),2012-04-01,2021-10-01,00652159,20150331,20220804,10.0,1.0,UNIQUE_OFFICIAL
145210,다이나믹디자인,2015-03-01,2026-05-01,00453488,20150331,20260323,23.0,1.0,UNIQUE_OFFICIAL
145720,덴티움,2017-03-01,2026-05-01,00526599,20170331,20260401,12.0,1.0,UNIQUE_OFFICIAL
145990,삼양사,2011-12-01,2026-05-01,00896285,20150331,20260318,22.0,1.0,UNIQUE_OFFICIAL
152330,코리아오토글라스(주),2015-12-01,2020-11-01,00351418,20160330,20200330,6.0,1.0,UNIQUE_OFFICIAL
155660,DSR,2013-05-01,2026-05-01,00110608,20150330,20260319,12.0,1.0,UNIQUE_OFFICIAL
161000,애경케미칼,2012-09-01,2026-05-01,00936787,20150331,20260318,17.0,1.0,UNIQUE_OFFICIAL
161390,한국타이어앤테크놀로지,2012-10-01,2026-05-01,00937324,20150331,20260318,16.0,1.0,UNIQUE_OFFICIAL
161890,한국콜마,2012-10-01,2026-05-01,00939331,20150331,20260318,15.0,1.0,UNIQUE_OFFICIAL
163560,동일고무벨트,2012-10-01,2026-05-01,00939687,20150331,20260318,14.0,1.0,UNIQUE_OFFICIAL
170900,동아에스티,2013-04-01,2026-05-01,00956930,20150331,20260318,14.0,1.0,UNIQUE_OFFICIAL
178920,PI첨단소재,2014-12-01,2026-05-01,00767460,20150331,20260312,13.0,1.0,UNIQUE_OFFICIAL
180640,한진칼,2013-09-01,2026-05-01,00983040,20150331,20260318,25.0,1.0,UNIQUE_OFFICIAL
181710,NHN,2013-08-01,2026-05-01,00983271,20150331,20260318,16.0,1.0,UNIQUE_OFFICIAL
183190,아세아시멘트,2013-11-01,2026-05-01,00990165,20150331,20260318,14.0,1.0,UNIQUE_OFFICIAL
185750,종근당,2013-12-01,2026-05-01,00992871,20150331,20260318,14.0,1.0,UNIQUE_OFFICIAL
192080,더블유게임즈,2015-11-01,2026-05-01,01010110,20160329,20260318,13.0,1.0,UNIQUE_OFFICIAL
192400,쿠쿠홀딩스,2014-08-01,2026-05-01,00132354,20150331,20260316,17.0,1.0,UNIQUE_OFFICIAL
192650,드림텍,2019-03-01,2026-05-01,00415646,20190401,20260318,12.0,1.0,UNIQUE_OFFICIAL
192820,코스맥스,2014-04-01,2026-05-01,01009789,20150331,20260318,16.0,1.0,UNIQUE_OFFICIAL
194370,제이에스코퍼레이션,2016-02-01,2026-05-01,00332927,20160330,20260318,13.0,1.0,UNIQUE_OFFICIAL
195870,해성디에스,2016-06-01,2026-05-01,01032413,20170330,20260318,10.0,1.0,UNIQUE_OFFICIAL
200880,서연이화,2014-08-01,2026-05-01,01036446,20150331,20260319,17.0,1.0,UNIQUE_OFFICIAL
204320,HL만도,2014-10-01,2026-05-01,01042775,20150331,20260318,18.0,1.0,UNIQUE_OFFICIAL
207940,삼성바이오로직스,2016-11-01,2026-05-01,00877059,20170331,20260515,13.0,1.0,UNIQUE_OFFICIAL
210540,디와이파워,2015-01-01,2026-05-01,01059605,20150327,20260316,12.0,1.0,UNIQUE_OFFICIAL
210980,SK디앤디,2015-06-01,2026-05-01,00508344,20160330,20260317,14.0,1.0,UNIQUE_OFFICIAL
213500,한솔제지,2015-01-01,2026-05-01,01060744,20160329,20260316,17.0,1.0,UNIQUE_OFFICIAL
214320,이노션,2015-07-01,2026-05-01,00565154,20160330,20260310,16.0,1.0,UNIQUE_OFFICIAL
214330,금호에이치티,2015-11-01,2026-05-01,00105606,20160330,20260318,19.0,1.0,UNIQUE_OFFICIAL
214390,경보제약,2015-06-01,2026-05-01,00101664,20160330,20260318,12.0,1.0,UNIQUE_OFFICIAL
214420,토니모리,2015-07-01,2026-05-01,00816544,20160329,20260323,13.0,1.0,UNIQUE_OFFICIAL
217590,티엠씨,2025-12-01,2026-05-01,00949161,20260318,20260318,1.0,1.0,UNIQUE_OFFICIAL
226320,잇츠한불,2015-12-01,2026-05-01,00911955,20160329,20260319,13.0,1.0,UNIQUE_OFFICIAL
227840,현대코퍼레이션홀딩스,2015-10-01,2026-05-01,01108099,20160330,20260323,13.0,1.0,UNIQUE_OFFICIAL
229640,LS에코에너지,2016-09-01,2026-05-01,01093007,20170331,20260316,10.0,1.0,UNIQUE_OFFICIAL
234080,JW생명과학,2016-10-01,2026-05-01,00225706,20160603,20260318,19.0,1.0,UNIQUE_OFFICIAL
241560,두산밥캣,2016-11-01,2026-05-01,01032486,20170331,20260319,13.0,1.0,UNIQUE_OFFICIAL
241590,화승엔터프라이즈,2016-10-01,2026-05-01,01128613,20170330,20260312,10.0,1.0,UNIQUE_OFFICIAL
244920,에이플러스에셋,2020-04-01,2026-05-01,00684802,20150331,20260323,14.0,1.0,UNIQUE_OFFICIAL
248070,솔루엠,2021-02-01,2026-05-01,01159233,20200623,20260325,16.0,1.0,UNIQUE_OFFICIAL
248170,샘표식품,2016-08-01,2026-05-01,01167056,20170331,20260515,11.0,1.0,UNIQUE_OFFICIAL
249420,일동제약,2016-08-01,2026-05-01,01168383,20170331,20260318,11.0,1.0,UNIQUE_OFFICIAL
251270,넷마블,2017-05-01,2026-05-01,00904672,20180402,20260318,13.0,1.0,UNIQUE_OFFICIAL
259960,크래프톤,2021-08-01,2026-05-01,00760971,20170331,20260515,23.0,1.0,UNIQUE_OFFICIAL
264900,크라운제과,2017-04-01,2026-05-01,01205329,20180402,20260318,13.0,1.0,UNIQUE_OFFICIAL
267250,HD현대,2017-05-01,2026-05-01,01205709,20180402,20260320,11.0,1.0,UNIQUE_OFFICIAL
267260,HD현대일렉트릭,2017-05-01,2026-05-01,01205851,20180402,20260316,11.0,1.0,UNIQUE_OFFICIAL
267270,HD건설기계,2017-05-01,2026-05-01,01205842,20180402,20260318,12.0,1.0,UNIQUE_OFFICIAL
267290,경동도시가스,2017-05-01,2026-05-01,01208885,20180402,20260316,9.0,1.0,UNIQUE_OFFICIAL
267850,아시아나IDT,2018-11-01,2026-05-01,00458234,20190401,20260317,12.0,1.0,UNIQUE_OFFICIAL
268280,미원에스씨,2017-05-01,2026-05-01,01234297,20180402,20260311,10.0,1.0,UNIQUE_OFFICIAL
271560,오리온,2017-07-01,2026-05-01,01238169,20180402,20260318,12.0,1.0,UNIQUE_OFFICIAL
271940,일진하이솔루스,2021-09-01,2026-05-01,00972503,20220317,20260311,6.0,1.0,UNIQUE_OFFICIAL
271980,제일약품,2017-07-01,2026-05-01,01236897,20180402,20260316,9.0,1.0,UNIQUE_OFFICIAL
272210,한화시스템,2019-11-01,2026-05-01,00339391,20200327,20260513,16.0,1.0,UNIQUE_OFFICIAL
272450,진에어,2017-12-01,2026-05-01,00653024,20180330,20260318,9.0,1.0,UNIQUE_OFFICIAL
272550,삼양패키징,2017-11-01,2026-05-01,01060814,20180402,20260313,11.0,1.0,UNIQUE_OFFICIAL
278470,에이피알,2024-02-01,2026-05-01,01190568,20180416,20260323,19.0,1.0,UNIQUE_OFFICIAL
279570,케이뱅크,2026-03-01,2026-05-01,01203312,20220331,20260323,7.0,1.0,UNIQUE_OFFICIAL
280360,롯데웰푸드,2017-10-01,2026-05-01,01258507,20180402,20260312,13.0,1.0,UNIQUE_OFFICIAL
281820,케이씨텍,2017-12-01,2026-05-01,01261893,20180402,20260313,9.0,1.0,UNIQUE_OFFICIAL
282330,BGF리테일,2017-12-01,2026-05-01,01263022,20180402,20260318,10.0,1.0,UNIQUE_OFFICIAL
282690,동아타이어,2017-11-01,2024-09-01,01262458,20180402,20240314,7.0,1.0,UNIQUE_OFFICIAL
284740,쿠쿠홈시스,2018-01-01,2026-05-01,01267684,20180330,20260318,14.0,1.0,UNIQUE_OFFICIAL
285130,SK케미칼,2018-01-01,2026-05-01,01267170,20180330,20260319,16.0,1.0,UNIQUE_OFFICIAL
286940,롯데이노베이트,2018-07-01,2026-05-01,01262032,20190401,20260313,10.0,1.0,UNIQUE_OFFICIAL
293480,하나제약,2018-10-01,2026-05-01,00248974,20190401,20260320,10.0,1.0,UNIQUE_OFFICIAL
294870,IPARK현대산업개발,2018-06-01,2026-05-01,01310269,20190401,20260318,14.0,1.0,UNIQUE_OFFICIAL
298000,효성화학,2018-07-01,2026-05-01,01316236,20190401,20260311,8.0,1.0,UNIQUE_OFFICIAL
298020,효성티앤씨,2018-07-01,2026-05-01,01316227,20190329,20260311,8.0,1.0,UNIQUE_OFFICIAL
298040,효성중공업,2018-07-01,2026-05-01,01316245,20190325,20260323,15.0,1.0,UNIQUE_OFFICIAL
298050,HS효성첨단소재,2018-07-01,2026-05-01,01316254,20190329,20260312,9.0,1.0,UNIQUE_OFFICIAL
298690,에어부산,2018-12-01,2026-05-01,00651901,20190401,20260317,12.0,1.0,UNIQUE_OFFICIAL
300720,한일시멘트,2018-08-01,2026-05-01,01319808,20190401,20260317,9.0,1.0,UNIQUE_OFFICIAL
302440,SK바이오사이언스,2021-03-01,2026-05-01,01319899,20190401,20260313,9.0,1.0,UNIQUE_OFFICIAL
306200,세아제강,2018-10-01,2026-05-01,01325979,20190401,20260312,8.0,1.0,UNIQUE_OFFICIAL
307950,현대오토에버,2019-03-01,2026-05-01,00362441,20190401,20260318,10.0,1.0,UNIQUE_OFFICIAL
308170,씨티알모빌리티,2019-11-01,2026-05-01,00450010,20200330,20260318,10.0,1.0,UNIQUE_OFFICIAL
317400,자이에스앤디,2019-11-01,2026-05-01,00367844,20200327,20260316,11.0,1.0,UNIQUE_OFFICIAL
317450,명인제약,2025-10-01,2026-05-01,00179489,20260318,20260325,2.0,1.0,UNIQUE_OFFICIAL
322000,HD현대에너지솔루션,2019-11-01,2026-05-01,01199550,20200330,20260313,11.0,1.0,UNIQUE_OFFICIAL
323410,카카오뱅크,2021-08-01,2026-05-01,01133217,20210331,20260318,8.0,1.0,UNIQUE_OFFICIAL
326030,SK바이오팜,2020-07-01,2026-05-01,00878696,20210316,20260318,6.0,1.0,UNIQUE_OFFICIAL
329180,HD현대중공업,2021-09-01,2026-05-01,01390344,20210401,20260320,6.0,1.0,UNIQUE_OFFICIAL
336260,두산퓨얼셀,2019-10-01,2026-05-01,01412725,20200330,20260318,7.0,1.0,UNIQUE_OFFICIAL
336370,솔루스첨단소재,2019-10-01,2026-05-01,01412822,20200330,20260319,9.0,1.0,UNIQUE_OFFICIAL
339770,교촌에프앤비,2020-11-01,2026-05-01,00453284,20210319,20260323,7.0,1.0,UNIQUE_OFFICIAL
344820,KCC글라스,2020-01-01,2026-05-01,01428203,20210318,20260319,9.0,1.0,UNIQUE_OFFICIAL
352820,하이브,2020-10-01,2026-05-01,01204056,20210322,20260320,8.0,1.0,UNIQUE_OFFICIAL
353200,대덕전자,2020-05-01,2026-05-01,01478712,20210317,20260318,6.0,1.0,UNIQUE_OFFICIAL
361610,SK아이이테크놀로지,2021-05-01,2026-05-01,01386916,20220318,20260316,6.0,1.0,UNIQUE_OFFICIAL
363280,티와이홀딩스,2020-09-01,2026-05-01,01497869,20210318,20260320,9.0,1.0,UNIQUE_OFFICIAL
372910,한컴라이프케어,2021-08-01,2026-05-01,00534598,20220310,20260317,7.0,1.0,UNIQUE_OFFICIAL
373220,LG에너지솔루션,2022-01-01,2026-05-01,01515323,20210317,20260312,6.0,1.0,UNIQUE_OFFICIAL
375500,DL이앤씨,2021-01-01,2026-05-01,01524093,20220316,20260515,9.0,1.0,UNIQUE_OFFICIAL
377300,카카오페이,2021-11-01,2026-05-01,01244601,20220318,20260312,6.0,1.0,UNIQUE_OFFICIAL
377740,바이오노트,2022-12-01,2026-05-01,00622787,20210331,20260318,8.0,1.0,UNIQUE_OFFICIAL
378850,화승알앤에이,2021-03-01,2026-05-01,01532603,20220321,20260323,5.0,1.0,UNIQUE_OFFICIAL
380440,엔에이치스팩19호,2021-05-01,2023-12-01,01535257,20220318,20230316,2.0,1.0,UNIQUE_OFFICIAL
381970,케이카,2021-10-01,2026-05-01,01323032,20220321,20260318,7.0,1.0,UNIQUE_OFFICIAL
383220,F&F,2021-05-01,2026-05-01,01568413,20220317,20260318,6.0,1.0,UNIQUE_OFFICIAL
383800,LX홀딩스,2021-05-01,2026-05-01,01562589,20220321,20260323,5.0,1.0,UNIQUE_OFFICIAL
402340,SK스퀘어,2021-11-01,2026-05-01,01596425,20220317,20260317,6.0,1.0,UNIQUE_OFFICIAL
403550,쏘카,2022-08-01,2026-05-01,01026157,20230322,20260318,4.0,1.0,UNIQUE_OFFICIAL
439260,대한조선,2025-08-01,2026-05-01,00182696,20260323,20260323,1.0,1.0,UNIQUE_OFFICIAL
443060,HD현대마린솔루션,2024-05-01,2026-05-01,01194689,20250317,20260316,4.0,1.0,UNIQUE_OFFICIAL
446070,유니드비티플러스,2022-11-01,2026-05-01,01702017,20230322,20260318,5.0,1.0,UNIQUE_OFFICIAL
450080,에코프로머티,2023-11-01,2026-05-01,01311408,20230321,20260320,7.0,1.0,UNIQUE_OFFICIAL
450140,코오롱모빌리티그룹,2023-01-01,2025-12-01,01712485,20240320,20260318,3.0,1.0,UNIQUE_OFFICIAL
452260,한화갤러리아,2023-03-01,2026-05-01,01722437,20240318,20260318,3.0,1.0,UNIQUE_OFFICIAL
453340,현대그린푸드,2023-04-01,2026-05-01,01721809,20240318,20260316,3.0,1.0,UNIQUE_OFFICIAL
454910,두산로보틱스,2023-10-01,2026-05-01,01105153,20240320,20260318,3.0,1.0,UNIQUE_OFFICIAL
456040,OCI,2023-05-01,2026-05-01,01760738,20240314,20260313,3.0,1.0,UNIQUE_OFFICIAL
457190,이수스페셜티케미컬,2023-05-01,2026-05-01,01762569,20240321,20260319,4.0,1.0,UNIQUE_OFFICIAL
460850,동국씨엠,2023-06-01,2026-05-01,01765256,20240313,20260317,4.0,1.0,UNIQUE_OFFICIAL
460860,동국제강,2023-06-01,2026-05-01,01765265,20240312,20260313,4.0,1.0,UNIQUE_OFFICIAL
462520,조선내화,2023-07-01,2026-05-01,01770203,20240313,20260319,5.0,1.0,UNIQUE_OFFICIAL
462870,시프트업,2024-07-01,2026-05-01,01384787,20250319,20260318,2.0,1.0,UNIQUE_OFFICIAL
465770,STX그린로지스,2023-09-01,2026-05-01,01784394,20240321,20260319,3.0,1.0,UNIQUE_OFFICIAL
475150,SK이터닉스,2024-03-01,2026-05-01,01817081,20250317,20260316,2.0,1.0,UNIQUE_OFFICIAL
475560,더본코리아,2024-11-01,2026-05-01,00968607,20250320,20260323,2.0,1.0,UNIQUE_OFFICIAL
480370,씨케이솔루션,2025-03-01,2026-05-01,01210677,20250320,20260320,2.0,1.0,UNIQUE_OFFICIAL
483650,달바글로벌,2025-05-01,2026-05-01,01649204,20250318,20260407,3.0,1.0,UNIQUE_OFFICIAL
484870,엠앤씨솔루션,2024-12-01,2026-05-01,01519790,20250319,20260318,2.0,1.0,UNIQUE_OFFICIAL
487570,HS효성,2024-07-01,2026-05-01,01854763,20250312,20260312,3.0,1.0,UNIQUE_OFFICIAL
489790,한화비전,2024-09-01,2026-05-01,01867758,20250317,20260330,3.0,1.0,UNIQUE_OFFICIAL
499790,GS피앤엘,2024-12-01,2026-05-01,01882845,20250311,20260311,2.0,1.0,UNIQUE_OFFICIAL
900030,연합과기,2008-12-01,2012-08-01,,,,,,NO_OFFICIAL_MAPPING
900050,중국원양자원,2009-05-01,2017-08-01,00722500,20150430,20170809,6.0,1.0,UNIQUE_OFFICIAL
900140,엘브이엠씨홀딩스,2010-11-01,2026-05-01,00838500,20150429,20260428,13.0,1.0,UNIQUE_OFFICIAL
950010,평산차업,2007-11-01,2015-10-01,00599230,20150430,20170508,3.0,1.0,UNIQUE_OFFICIAL
950070,중국고섬,2011-01-01,2013-09-01,,,,,,NO_OFFICIAL_MAPPING
950100,SBI모기지,2012-04-01,2014-12-01,00907660,20150729,20150729,1.0,1.0,UNIQUE_OFFICIAL
950210,프레스티지바이오파마,2021-02-01,2026-05-01,01510489,20210916,20250923,8.0,1.0,UNIQUE_OFFICIAL
