bias_type,method,n_observations,metric,pass_fail_unverified,evidence_path,severity,mitigation,remaining_risk
look_ahead_publication,raw_hash/value/receipt checks; KRX next-day month-end; financial BE value/date cross-match,38742,"{""future_leaks"": 0, ""PIT_G_rows"": 4540}",PASS,governance_panel_quality.csv; data/source_audit.csv,high,quarantine unmatched receipts and late financial revisions,does not establish unobserved original historical versions
survivorship_delisting,retain original historical codes; preceding-month universe; current official KRX listing snapshot and terminal-return gaps,1054,"{""currently_listed"": 769, ""early_end_and_not_current"": 279, ""missing_formed_cell_months"": 53}",UNVERIFIED,current_listing_survival_audit.csv; selection_audit.csv,high,no current-list survivor filter; missing return invalidates cell month; never impute terminal return,original exchange-wide universe/delisting-return completeness and absence of historical companies remain unresolved
coverage_selection,"monthly covered/uncovered lag-ME, verified BM, returns and current industry descriptive comparisons",96379,"{""mean_G_coverage"": 0.4661244135388052, ""market_distribution_current"": {""유가"": 769, ""NOT_IN_CURRENT_SNAPSHOT"": 285}}",UNVERIFIED,coverage_characteristics.csv; current_industry_coverage_diagnostic.csv; selection_audit.csv,high,report full acquisition failures and flow of exclusions,non-random governance and financial matching; original universe is not the complete Korean stock market
size_industry_profitability_confounding,cell log-ME/BM/verified ROE/leverage; verified monthly cross-sectional controls; current industry descriptive only,38742,"{""control_file"": ""verified_controls.csv""}",UNVERIFIED,concentration_confounding.csv; verified_controls.csv; pilot_verified_controls.csv; control_extraction_integrity.csv,high,size stratification and verified ROE checks reported including NA,historical industry classifications absent; regulation and profitability may explain G differences
statutory_minimum_ratio,G discrete/tie distribution versus annual reported total-assets >=2trillion; distinguish financial-statement scope,4540,"{""amended_G_rows"": 1009}",UNVERIFIED,regulatory_size_diagnostic.csv; governance_ratio_distribution.csv,high,ratio interpreted as outside-director share only,consolidated assets do not certify statutory separate-entity threshold; historical company exceptions not independently verified
mega_cap_concentration,cell HHI/effective N/top5 weights; exclude top5 of original formation-month population,500,"{""max_top5_weight"": 0.6609544498407444}",PASS,concentration_confounding.csv; robustness.csv,medium,predefined top5 exclusion; publish weak and NA sensitivities,PASS means diagnostic performed; does not mean economically unconcentrated
stale_revised_data,"period priority, latest receipt only at its actual publication; 365/550 day comparison",4540,"{""joint_rows_older_365d"": 1064, ""amended_rows"": 1009}",UNVERIFIED,data/source_audit.csv; robustness.csv,high,late corrections never backdated; current final value can only enter after final receipt,document/original-file API unavailable; original-before-correction counts not reconstructed
threshold_mining,frozen YAML SHA256 and complete fixed secondary registry; no max-Sharpe or min-p choice,21,"{""locked_sha"": ""7821915eaf47ffe343b5e4a1892f9809132698ab95bf862feb2f3cf04679b5b3""}",PASS,config/pre_registration.lock.json; multiple_testing.csv,medium,report every preregistered variant including insufficient samples,initial smoke membership correction recorded before G outcomes; no claim of prospective original HML registration
time_series_overfit,"2021-12/2022-01 fixed split; pre/post2024, contiguous windows and independent monthly observation unit",3,"{""IS_months"": 0, ""OOS_months"": 3, ""independent_OOS"": false}",UNVERIFIED,robustness.csv; config/analysis_window.lock.json,high,no holdout tuning; fixed tests disclosed,short IS and data-availability exclusions can prevent independent OOS validation
multiple_testing,all primary H1/H2 and secondary mean/alpha/control p values; Holm secondary family,45,"{""secondary_tests_performed"": 12}",PASS,multiple_testing.csv,medium,all nonsignificant and NA results retained,Holm covers every performed secondary inference including supplementary mean and controls; primary H1/H2 separately disclosed
outlier_influence,leave-one-month-out alpha; historical >100% price-return filtering audit,0,"{""primary_N"": 0, ""pilot_N"": 24, ""pilot_alpha_min"": 0.0061894888520458, ""pilot_alpha_max"": 0.8097344773944155}",UNVERIFIED,leave_one_month_out.csv; return_filter_audit.csv; pilot_leave_one_month_out.csv; independent_price_event_flags.csv; corporate_action_evidence.csv,high,no winsorization or deletion to improve results,independent adjusted-price/corporate-action source unavailable; original return filter inherited
transaction_implementation,drift-adjusted turnover; monthly/quarterly/annual membership; assumed 0/10/30bp per one-way traded amount,500,"{""average_turnover"": 0.06493973485740111}",UNVERIFIED,primary_returns.csv; robustness.csv,high,gross spread and assumed-cost estimates separated,"short eligibility, borrowing, financing, liquidity and suspension execution unverified"
factor_definition,"legacy/spec-aligned factors, same-month RF treatment; value-date verification for portfolio BM only",3,"{""benchmark"": ""spec_aligned_FF3""}",UNVERIFIED,ff3_summary.csv; robustness.csv; ff3_specification_sensitivity.csv,high,report both benchmarks; conditional-on-benchmark claim,benchmark universe and every factor stock's financial PIT/dividend metadata not independently resolved
model_uncertainty,"HAC3/HAC6; circular blocks 6/12; residual autocorrelation, heteroskedasticity and condition number",3,"{""primary_alpha_status"": ""not_estimated""}",UNVERIFIED,block_bootstrap.csv; model_diagnostics.json; robustness.csv; fixed_stage150_two_leg_available_block_bootstrap.csv; pilot_model_diagnostics.json,medium,all uncertainty methods shown; no favorable-method selection,short sample and temporal dependence limit power
