date,has_G,N,mean_log_ME,median_BM_verified_only,verified_BM_N,return_available_fraction,mean_return_available_pct,reported_K_fraction,reported_Y_fraction
2016-01-01,False,733,19.46313095716638,,0,0.9959072305593452,-2.816005516691585,0.0,0.0
2016-02-01,False,732,19.433780925658763,,0,0.9986338797814208,-0.23792045318852506,0.0,0.0
2016-03-01,False,733,19.434034587701078,,0,0.9931787175989086,4.576041582365771,0.0,0.0
2016-04-01,False,733,19.480230326531483,,0,0.9931787175989086,2.4361107434027147,0.0,0.0
2016-05-01,False,732,19.506751823602396,,0,0.9959016393442623,0.08132219028764426,0.0,0.0
2016-06-01,False,732,19.515465465553458,,0,0.994535519125683,-1.8277967132460549,0.0,0.0
2016-07-01,False,734,19.498446895720136,,0,1.0,3.0192568571162077,0.0,0.0
2016-08-01,False,735,19.522805985430452,,0,0.9972789115646259,-2.4108608432353247,0.0,0.0
2016-09-01,False,736,19.492308630698414,,0,0.998641304347826,2.3722973100856493,0.0,0.0
2016-10-01,False,737,19.511837580085132,,0,1.0,-5.728354951880957,0.0,0.0
2016-11-01,False,739,19.451048755055552,,0,0.9959404600811907,-2.3236429717923066,0.0,0.0
2016-12-01,False,739,19.441599934866257,,0,1.0,3.561491763887243,0.0,0.0
2017-01-01,False,740,19.475001590992854,,0,0.9945945945945946,-0.33666968223321936,0.0,0.0
2017-02-01,False,737,19.47226794959718,,0,1.0,1.7498158748750932,0.0,0.0
2017-03-01,False,738,19.483089640239555,,0,0.994579945799458,0.860427415136297,0.0,0.0
2017-04-01,False,737,19.501888084822767,,0,0.994572591587517,0.8978065342159913,0.0,0.0
2017-05-01,False,735,19.520459980377797,,0,1.0,5.399278754104983,0.0,0.0
2017-06-01,False,741,19.574032825626016,,0,0.9973009446693657,-0.6176268003341469,0.0,0.0
2017-07-01,False,741,19.56320305907658,,0,0.9973009446693657,-2.3800393393553607,0.0,0.0
2017-08-01,False,742,19.543521975443728,,0,0.9959568733153639,-0.31059181066062735,0.0,0.0
2017-09-01,False,740,19.5502081323725,,0,0.995945945945946,-5.187839728874045,0.0,0.0
2017-10-01,False,739,19.497675430281536,,0,1.0,3.160015490955633,0.0,0.0
2017-11-01,False,741,19.524534326354377,,0,0.9946018893387314,3.0480164785015216,0.0,0.0
2017-12-01,False,743,19.55265495636856,,0,0.9986541049798116,-1.9564833080088502,0.0,0.0
2018-01-01,False,747,19.535114171314387,,0,0.9892904953145917,8.711335523066278,0.0,0.0
2018-02-01,False,749,19.625635932404556,,0,0.9986648865153538,-4.371052169965594,0.0,0.0
2018-03-01,False,749,19.57913216866339,,0,0.9906542056074766,1.598481691556572,0.0,0.0
2018-04-01,False,749,19.597732344271986,,0,0.9933244325767691,5.640040501598031,0.0,0.0
2018-05-01,False,749,19.652115836781615,,0,0.9933244325767691,0.6884006049376435,0.0,0.0
2018-06-01,False,748,19.662549560355394,,0,0.9973262032085561,-6.996767612929439,0.0,0.0
2018-07-01,False,750,19.583329700398945,,0,0.9973333333333333,-3.4055399161634656,0.0,0.0
2018-08-01,False,755,19.555305129544827,,0,1.0,2.1740143126669533,0.0,0.0
2018-09-01,False,757,19.572397841158363,,0,1.0,1.3576385888497224,0.0,0.0
2018-10-01,False,758,19.579251810021624,,0,0.9986807387862797,-17.320083689942496,0.0,0.0
2018-11-01,False,759,19.381221414791135,,0,1.0,7.719721642706641,0.0,0.0
2018-12-01,False,760,19.450861749555415,,0,0.9973684210526316,-0.4544855641630831,0.0,0.0
2019-01-01,False,759,19.444201539897094,,0,0.997364953886693,8.24765335271028,0.0,0.0
2019-02-01,False,759,19.526141704409216,,0,1.0,-0.6895561701455296,0.0,0.0
2019-03-01,False,759,19.515527750561432,,0,0.9986824769433466,-1.5431611156898866,0.0,0.0
2019-04-01,False,761,19.497337537111406,,0,0.9973718791064389,4.081634600309266,0.0,0.0
2019-05-01,False,761,19.540433800252725,,0,0.9960578186596584,-6.364152242741332,0.0,0.0
2019-06-01,False,760,19.476000599535137,,0,0.9947368421052631,3.307849491140384,0.0,0.0
2019-07-01,False,759,19.511815546522936,,0,0.9960474308300395,-9.088101165375386,0.0,0.0
2019-08-01,False,759,19.418146875276562,,0,0.9986824769433466,-1.739895445795826,0.0,0.0
2019-09-01,False,759,19.399486848615293,,0,0.9986824769433466,3.0534881969377867,0.0,0.0
2019-10-01,False,759,19.429034705538122,,0,0.997364953886693,-1.0518120465068366,0.0,0.0
2019-11-01,False,761,19.41916171832585,,0,1.0,0.3222472079602165,0.0,0.0
2019-12-01,False,765,19.41940245974924,,0,1.0,2.7046963953600365,0.0,0.0
2020-01-01,False,765,19.442913641788223,,0,0.9973856209150327,-5.364672905219088,0.0,0.0
2020-02-01,False,766,19.38774408659452,,0,0.9986945169712794,-8.084600473977567,0.0,0.0
2020-03-01,False,766,19.30028903848909,,0,0.9934725848563969,-14.58083223540812,0.0,0.0
2020-04-01,False,765,19.137559051171824,,0,0.9973856209150327,19.969547420934404,0.0,0.0
2020-05-01,False,765,19.312249174267073,,0,0.9947712418300654,5.293947053275797,0.0,0.0
2020-06-01,False,766,19.357729620161752,,0,0.9947780678851175,-0.44811862789837814,0.0,0.0
2020-07-01,False,765,19.354922806568176,,0,0.9908496732026144,7.760336632220623,0.0,0.0
2020-08-01,False,764,19.434089376369883,,0,0.9947643979057592,2.8279926861232303,0.0,0.0
2020-09-01,False,764,19.461649655385795,,0,1.0,2.041221542585108,0.0,0.0
2020-10-01,False,762,19.48145959494747,,0,0.9973753280839895,-1.610743575679325,0.0,0.0
2020-10-01,True,3,17.96079814889121,,0,1.0,7.012215528369536,0.0,1.0
2020-11-01,False,763,19.46880999072654,,0,0.9960681520314548,12.321879206837192,0.0,0.0
2020-11-01,True,3,18.025800468918913,,0,1.0,11.578710817715173,0.0,1.0
2020-12-01,False,764,19.588390862568488,,0,0.993455497382199,5.085080861243479,0.0,0.0
2020-12-01,True,3,18.107514649097837,,0,1.0,1.1147606844312188,0.0,1.0
2021-01-01,False,762,19.64653406716441,,0,0.994750656167979,1.7452488237384833,0.0,0.0
2021-01-01,True,5,18.126632014025027,,0,1.0,0.09022217444854652,0.0,1.0
2021-02-01,False,763,19.662668262026823,,0,0.9960681520314548,3.5814039581243517,0.0,0.0
2021-02-01,True,5,18.114796918216218,,0,1.0,-1.180793246322056,0.0,1.0
2021-03-01,False,760,19.700502349968314,,0,0.9947368421052631,6.336815717693316,0.0,0.0
2021-03-01,True,10,18.808288687016976,,0,1.0,6.482414399964728,0.0,1.0
2021-04-01,False,151,19.473432739516028,,0,1.0,5.839827310841343,0.0,0.0
2021-04-01,True,621,19.819188188310402,,0,0.9951690821256038,7.9355365364191135,0.0,0.9533011272141707
2021-05-01,False,99,19.508678850581145,,0,0.98989898989899,6.320430323998597,0.0,0.0
2021-05-01,True,672,19.86582059508924,,0,0.9985119047619048,3.815307968652675,0.0,0.9568452380952381
2021-06-01,False,92,19.593544201997663,,0,1.0,5.95041761240119,0.0,0.0
2021-06-01,True,683,19.901859515066533,,0,0.9970717423133236,4.462446738587595,0.0,0.9546120058565154
2021-07-01,False,86,19.633250816723475,0.14994657995715371,4,0.9883720930232558,-2.765617615437342,0.0,0.0
2021-07-01,True,690,19.941580607636848,0.9058825432273062,665,1.0,-2.0017865624721036,0.0,0.9536231884057971
2021-08-01,False,80,19.603602228172555,0.14994657995715371,4,1.0,-2.3137940781870334,0.0,0.0
2021-08-01,True,697,19.921493543963347,0.9058825432273062,665,1.0,-2.638127245862991,0.0,0.9526542324246772
2021-09-01,False,74,19.721294818673115,0.14994657995715371,4,0.972972972972973,0.8924887702177219,0.0,0.0
2021-09-01,True,708,19.88757186655456,0.9058825432273062,665,0.9957627118644068,-0.5984015818234629,0.0,0.9519774011299436
2021-10-01,False,71,19.75298280720761,0.14994657995715371,4,1.0,-4.509371030307299,0.0,0.0
2021-10-01,True,713,19.89118258089767,0.9058825432273062,665,1.0,-2.3013049404747123,0.0,0.9509116409537167
2021-11-01,False,71,19.714828312490273,0.14994657995715371,4,1.0,-7.848069332152304,0.0,0.0
2021-11-01,True,714,19.866760130037864,0.9058825432273062,665,0.9985994397759104,-11.499232618466909,0.0,0.9509803921568627
2021-12-01,False,68,19.674087624401718,0.14994657995715371,4,1.0,6.207633127328573,0.0,0.0
2021-12-01,True,718,19.747118507813553,0.9067065060600068,664,1.0,8.770752293022268,0.0,0.9526462395543176
2022-01-01,False,67,19.658811306695792,0.14994657995715371,4,1.0,-9.078555064523794,0.0,0.0
2022-01-01,True,719,19.837764874222074,0.9067065060600068,664,0.9972183588317107,-9.074647215692238,0.0,0.952712100139082
2022-02-01,False,68,19.646977123615,0.14994657995715371,4,1.0,5.642644349698534,0.0,0.0
2022-02-01,True,717,19.73940548501184,0.9032275762793374,662,0.99721059972106,4.804949501923625,0.0,0.9553695955369595
2022-03-01,False,65,19.617182680592816,0.14994657995715371,4,1.0,5.687455323529289,0.0,0.0
2022-03-01,True,719,19.79232428085566,0.9005726093313684,661,0.9986091794158554,6.330872507123011,0.0,0.9568845618915159
2022-04-01,False,40,18.937050934043405,1.224016087742362,2,1.0,-3.1422261812688075,0.0,0.0
2022-04-01,True,743,19.883801681835237,0.8932906126241114,662,0.9986541049798116,1.9187150321992388,0.0,0.9569313593539704
2022-05-01,False,36,18.875406436265305,0.1931222807440063,1,1.0,-2.640430586717922,0.0,0.0
2022-05-01,True,747,19.89505380125012,0.9005726093313684,663,0.998661311914324,-2.6465460397970557,0.0,0.9571619812583668
2022-06-01,False,34,18.757082132818496,0.1931222807440063,1,1.0,-11.367634679306315,0.0,0.0
2022-06-01,True,749,19.866606214939036,0.9005726093313684,663,1.0,-14.260881307280371,0.0,0.9559412550066756
2022-07-01,False,34,18.625606104092473,0.32420186821649705,2,0.9705882352941176,1.2629075315498173,0.0,0.0
2022-07-01,True,749,19.705768184284292,1.2744398573536249,602,0.9986648865153538,4.339266122178809,0.0,0.9559412550066756
2022-08-01,False,33,18.634668074362867,0.32420186821649705,2,1.0,2.8284018106005187,0.0,0.0
2022-08-01,True,749,19.746639457113037,1.2741232564772784,601,0.9986648865153538,1.629104999986854,0.0,0.9572763684913218
2022-09-01,False,33,18.68910246520365,0.32420186821649705,2,1.0,-13.25032670835794,0.0,0.0
2022-09-01,True,751,19.762443633337433,1.2741232564772784,601,1.0,-14.54888721317899,0.0,0.9573901464713716
2022-10-01,False,58,18.919710987154257,0.32420186821649705,2,1.0,0.02875761569644894,0.0,0.39655172413793105
2022-10-01,True,726,19.60529384773895,1.2741232564772784,601,0.9972451790633609,1.4683960249841037,0.0,0.9586776859504132
2022-11-01,False,48,18.740877874256665,0.32420186821649705,2,1.0,8.672969623306583,0.0,0.2708333333333333
2022-11-01,True,736,19.620857686950284,1.2741232564772784,601,0.9945652173913043,9.63918433339849,0.0,0.9592391304347826
2022-12-01,False,49,18.719149750294385,0.32420186821649705,2,1.0,-4.830745909810485,0.0,0.24489795918367346
2022-12-01,True,736,19.719349447505632,1.2741232564772784,601,1.0,-6.114860709268987,0.0,0.9605978260869565
2023-01-01,False,45,18.659769557855704,0.32420186821649705,2,0.9777777777777777,3.5390100543954945,0.0,0.2
2023-01-01,True,741,19.647306984986866,1.2741232564772784,601,1.0,6.568861674910368,0.0,0.9608636977058029
2023-02-01,False,46,18.717588735628922,0.32420186821649705,2,1.0,-0.36292114796646746,0.0,0.1956521739130435
2023-02-01,True,741,19.70930328269451,1.2741232564772784,601,1.0,0.22003289018049368,0.0,0.9608636977058029
2023-03-01,False,47,18.68803292228955,0.32420186821649705,2,1.0,-3.3819113355895074,0.0,0.2127659574468085
2023-03-01,True,740,19.710548065819772,1.2741232564772784,601,0.9972972972972973,0.38926240691120356,0.0,0.9608108108108108
2023-04-01,False,34,18.277583101381136,,0,0.9117647058823529,-1.1243499863458608,0.0,0.14705882352941177
2023-04-01,True,754,19.707645599787075,1.268175081155956,603,0.9986737400530504,1.0598618229112253,0.0,0.9602122015915119
2023-05-01,False,33,18.399263141442994,,0,0.9696969696969697,3.1191269938546893,0.0,0.15151515151515152
2023-05-01,True,754,19.711419511264772,1.268175081155956,603,1.0,1.641527729112888,0.0,0.9602122015915119
2023-06-01,False,35,18.577867874749646,,0,0.9714285714285714,-2.682894502897361,0.0,0.14285714285714285
2023-06-01,True,754,19.722643203873698,1.268175081155956,603,0.9973474801061007,0.8229233354568266,0.0,0.9602122015915119
2023-07-01,False,37,18.64103034295269,0.582725669829222,1,0.972972972972973,-4.05114378813408,0.0,0.13513513513513514
2023-07-01,True,754,19.726712076707194,1.4249738754576446,656,0.993368700265252,-2.7189577182348805,0.0,0.9602122015915119
2023-08-01,False,36,18.57155881772918,0.582725669829222,1,0.9722222222222222,-0.053154783120264844,0.0,0.1111111111111111
2023-08-01,True,756,19.699830259040397,1.4249738754576446,656,0.9973544973544973,1.146107878131212,0.0,0.958994708994709
2023-09-01,False,38,18.772615229903987,0.582725669829222,1,1.0,-1.789775576370113,0.0,0.13157894736842105
2023-09-01,True,755,19.69989999523419,1.4249738754576446,656,1.0,-4.497264875645757,0.0,0.9589403973509933
2023-10-01,False,57,19.0121016050864,0.582725669829222,3,1.0,-9.405139200045182,0.0,0.38596491228070173
2023-10-01,True,737,19.656972528861516,1.4249738754576446,654,1.0,-6.044267920142735,0.0,0.9592944369063772
2023-11-01,False,60,18.94542522874237,0.6329833645900973,4,0.9833333333333333,6.97269097957451,0.0,0.4
2023-11-01,True,735,19.581084168572392,1.4294232850625448,653,0.9972789115646259,7.912213618260143,0.0,0.9591836734693877
2023-12-01,False,62,19.006389335045178,0.6329833645900973,4,0.9838709677419355,2.0475586519276123,0.0,0.3709677419354839
2023-12-01,True,734,19.666112518951092,1.4294232850625448,653,1.0,1.3334915382541355,0.0,0.9618528610354223
2024-01-01,False,62,19.054524462502748,0.6329833645900973,4,1.0,-8.148740482218892,0.0,0.3709677419354839
2024-01-01,True,735,19.677622076287406,1.4294232850625448,653,0.9972789115646259,-2.548146099125027,0.0,0.9619047619047619
2024-02-01,False,61,18.9739475303953,0.6329833645900973,4,1.0,4.696178529673023,0.0,0.36065573770491804
2024-02-01,True,734,19.646377300830387,1.4295189020607735,652,1.0,2.820645539164029,0.0,0.9645776566757494
2024-03-01,False,62,19.053820864755007,0.6329833645900973,4,0.9838709677419355,-0.3037536454750038,0.0,0.3548387096774194
2024-03-01,True,734,19.67133017367705,1.4295189020607735,652,0.9986376021798365,0.8665536877963336,0.0,0.9645776566757494
2024-04-01,False,34,18.418390873760483,0.582725669829222,1,1.0,-3.65637361359459,0.0,0.29411764705882354
2024-04-01,True,762,19.68032923164161,1.4249738754576446,654,0.9973753280839895,0.4703829629136088,0.0,0.9645669291338582
2024-05-01,False,30,18.086614545222393,0.582725669829222,1,0.9666666666666667,6.7965839113978825,0.0,0.3
2024-05-01,True,766,19.68374133661613,1.4249738754576446,654,1.0,0.8081194566043756,0.0,0.9634464751958225
2024-06-01,False,30,18.40720300435753,0.582725669829222,1,0.9666666666666667,-0.29996767877959635,0.0,0.3
2024-06-01,True,766,19.691771786149705,1.4249738754576446,654,0.9986945169712794,0.9869173498914665,0.0,0.9634464751958225
2024-07-01,False,31,18.44833046178676,0.49869703730650156,3,0.967741935483871,-2.5902779487326475,0.0,0.2903225806451613
2024-07-01,True,766,19.696754875894275,1.5034822968990174,729,0.9960835509138382,-2.3159171340091897,0.0,0.9634464751958225
2024-08-01,False,34,18.659475795455425,0.49869703730650156,3,1.0,-2.5602784746814273,0.0,0.2647058823529412
2024-08-01,True,764,19.66805206005551,1.5145062107810625,727,1.0,-3.0573661549743205,0.0,0.9659685863874345
2024-09-01,False,35,18.623034281187206,0.49869703730650156,3,1.0,-1.8258911634002322,0.0,0.2571428571428571
2024-09-01,True,764,19.63334793311628,1.5145062107810625,727,0.9986910994764397,0.07629511170449083,0.0,0.9659685863874345
2024-10-01,False,46,18.631133549630114,0.5436902604394965,4,1.0,2.5778608643551926,0.0,0.41304347826086957
2024-10-01,True,754,19.646145314320112,1.50899425384004,726,0.9973474801061007,-1.9845906128300026,0.0,0.9655172413793104
2024-11-01,False,46,18.66598166268222,0.5436902604394965,4,0.9782608695652174,-0.07198606983993106,0.0,0.41304347826086957
2024-11-01,True,753,19.62669919020898,1.5034822968990174,725,0.99734395750332,-4.551821012748414,0.0,0.9667994687915007
2024-12-01,False,46,18.722625533882688,0.5436902604394965,4,1.0,-3.019902953079861,0.0,0.41304347826086957
2024-12-01,True,754,19.57372173493179,1.5034822968990174,725,0.9946949602122016,-0.5493184759364108,0.0,0.96684350132626
2025-01-01,False,48,18.719728253231377,0.5436902604394965,4,0.9791666666666666,1.3295329732884948,0.0,0.3958333333333333
2025-01-01,True,753,19.56655773830547,1.50899425384004,724,1.0,3.0507683462630055,0.0,0.9681274900398407
2025-02-01,False,47,18.76552988010604,0.5436902604394965,4,0.9787234042553191,0.6962305999497885,0.0,0.3829787234042553
2025-02-01,True,754,19.58995132243195,1.50899425384004,724,1.0,2.0436951596431276,0.0,0.9681697612732095
2025-03-01,False,46,18.859596485495018,0.5436902604394965,4,1.0,-0.9330070755171994,0.0,0.3695652173913043
2025-03-01,True,755,19.60338376328733,1.50899425384004,724,1.0,-4.556773488675881,0.0,0.9682119205298013
2025-04-01,False,31,18.34537990834362,0.49869703730650156,3,1.0,3.3849709717215357,0.0,0.3870967741935484
2025-04-01,True,771,19.553876362308618,1.5145062107810625,725,0.9987029831387808,6.951656894518115,0.0,0.9688715953307393
2025-05-01,False,32,18.369838985701914,0.49869703730650156,3,1.0,6.307154089146335,0.0,0.40625
2025-05-01,True,770,19.619060740816046,1.5145062107810625,725,0.9987012987012988,5.234075031421575,0.0,0.9688311688311688
2025-06-01,False,30,18.300490284177094,0.49869703730650156,3,1.0,2.0264143005483866,0.0,0.4
2025-06-01,True,772,19.667709034733306,1.5187075363662694,724,0.9974093264248705,6.296201198076407,0.0,0.9702072538860104
2025-07-01,False,29,18.29572380684272,0.5644680499781854,3,1.0,-1.0878748629177382,0.0,0.41379310344827586
2025-07-01,True,773,19.725388833339025,1.6298637404399323,643,0.9987063389391979,1.77270698728909,0.0,0.9702457956015524
2025-08-01,False,29,18.27642927741061,0.5644680499781854,3,1.0,-1.8288250956827983,0.0,0.41379310344827586
2025-08-01,True,772,19.739803151507775,1.630887303746679,642,0.9987046632124352,-2.1710067964666786,0.0,0.9715025906735751
2025-09-01,False,28,18.278792191502234,0.5644680499781854,3,1.0,5.623085426587054,0.0,0.35714285714285715
2025-09-01,True,774,19.714395071229603,1.630887303746679,642,0.9935400516795866,0.21468897117588895,0.0,0.9715762273901809
2025-10-01,False,35,18.601426356237877,0.4839117228642587,4,1.0,0.9599888285285046,0.0,0.45714285714285713
2025-10-01,True,764,19.71875553682828,1.6394833088928127,639,0.9973821989528796,2.290992100440834,0.0,0.9764397905759162
2025-11-01,False,35,18.666500396306727,0.4839117228642587,4,1.0,-2.2127441334123596,0.0,0.42857142857142855
2025-11-01,True,764,19.73576611812498,1.6394833088928127,639,0.9960732984293194,0.392411671051093,0.0,0.9777486910994765
2025-12-01,False,35,18.756435033503095,0.4839117228642587,4,1.0,1.4965290244717198,0.0,0.37142857142857144
2025-12-01,True,764,19.73951444299496,1.639775452537712,638,0.9947643979057592,1.0807090190991824,0.0,0.9803664921465969
2026-01-01,False,34,18.604060091689128,0.4839117228642587,4,1.0,5.881846179408417,0.0,0.3235294117647059
2026-01-01,True,766,19.75696644223303,1.639775452537712,638,0.9908616187989556,6.084293584966409,0.0,0.9804177545691906
2026-02-01,False,34,18.64770142962128,0.4839117228642587,4,1.0,2.149100431081965,0.0,0.3235294117647059
2026-02-01,True,760,19.816733567733273,1.6458075624050015,632,0.9947368421052631,8.721976296903149,0.0,0.9881578947368421
2026-03-01,False,33,18.628613798814307,0.4839117228642587,4,0.9696969696969697,-0.8520583105113614,0.0,0.30303030303030304
2026-03-01,True,760,19.894023085020574,1.640067596182611,631,0.9986842105263158,-8.654967280307163,0.0,0.9894736842105263
2026-04-01,False,24,18.18041150010575,0.5644680499781854,3,0.9583333333333334,1.2985674082975125,0.0,0.2916666666666667
2026-04-01,True,769,19.798592742367816,1.639775452537712,632,0.9830949284785435,13.784213463096293,0.0,0.988296488946684
2026-05-01,False,21,18.533930348980284,0.5644680499781854,3,0.38095238095238093,-7.116111783244032,0.0,0.2857142857142857
2026-05-01,True,770,19.9201750397973,1.640067596182611,631,0.9948051948051948,-6.21786617896461,0.0,0.9883116883116884
