stock_code,name,first_month,last_month,stock_months,valid_returns,acquisition_order,current_name,current_market,current_industry,current_listing_date,present_in_current_KRX_snapshot,early_price_end
000020,동화약품,1999-12-01,2026-05-01,318,317,1,동화약품,유가,의약품 제조업,1976-03-24,True,False
000040,KR모터스,1999-12-01,2026-05-01,318,317,4,KR모터스,유가,그외 기타 운송장비 제조업,1976-05-25,True,False
000050,경방,1999-12-01,2026-05-01,318,317,2,경방,유가,종합 소매업,1956-03-03,True,False
000070,삼양홀딩스,1999-12-01,2026-05-01,318,316,5,삼양홀딩스,유가,기타 금융업,1968-12-27,True,False
000080,하이트진로,1999-12-01,2026-05-01,237,235,8,하이트진로,유가,알코올음료 제조업,2009-10-19,True,False
000100,유한양행,1999-12-01,2026-05-01,318,317,11,유한양행,유가,의약품 제조업,1962-11-01,True,False
000120,CJ대한통운,1999-12-01,2026-05-01,318,317,14,CJ대한통운,유가,도로 화물 운송업,1956-07-02,True,False
000140,하이트진로홀딩스,1999-12-01,2026-05-01,318,317,7,하이트진로홀딩스,유가,기타 금융업,1973-09-19,True,False
000150,두산,1999-12-01,2026-05-01,318,317,17,두산,유가,전자부품 제조업,1973-06-29,True,False
000180,성창기업지주,1999-12-01,2026-05-01,318,317,10,성창기업지주,유가,회사 본부 및 경영 컨설팅 서비스업,1976-06-02,True,False
000200,대우중공업,1999-12-01,2001-04-01,17,15,716,,,,,False,True
000210,DL,1999-12-01,2026-05-01,318,317,20,DL,유가,기초 화학물질 제조업,1976-02-02,True,False
000220,유유제약,1999-12-01,2026-05-01,318,315,0,유유제약,유가,의약품 제조업,1975-11-18,True,False
000230,일동홀딩스,1999-12-01,2026-05-01,318,317,13,일동홀딩스,유가,의약품 제조업,1975-06-28,True,False
000240,한국앤컴퍼니,1999-12-01,2026-05-01,318,317,23,한국앤컴퍼니,유가,기타 금융업,1968-12-27,True,False
000270,기아,1999-12-01,2026-05-01,318,317,26,기아,유가,자동차용 엔진 및 자동차 제조업,1973-07-21,True,False
000280,동아건설산업(주),1999-12-01,2001-05-01,18,16,717,,,,,False,True
000300,DH오토넥스,1999-12-01,2026-05-01,318,316,16,DH오토넥스,유가,자동차 신품 부품 제조업,1975-06-09,True,False
000310,하이콘테크(주),1999-12-01,2001-10-01,23,21,718,,,,,False,True
000320,노루홀딩스,1999-12-01,2026-05-01,318,317,19,노루홀딩스,유가,기타 금융업,1973-08-10,True,False
000360,삼환기업(주),1999-12-01,2015-03-01,184,183,3,,,,,False,True
000390,SP삼화,1999-12-01,2026-05-01,318,317,22,SP삼화,유가,기타 화학제품 제조업,1993-09-10,True,False
000420,(주)로케트전기,1999-12-01,2015-01-01,182,179,6,,,,,False,True
000430,대원강업,1999-12-01,2026-05-01,318,317,25,대원강업,유가,자동차 신품 부품 제조업,1977-06-22,True,False
000480,CR홀딩스,1999-12-01,2026-05-01,318,316,29,시알홀딩스,유가,"내화, 비내화 요업제품 제조업",1978-06-30,True,False
000490,대동,1999-12-01,2026-05-01,318,317,28,대동,유가,특수 목적용 기계 제조업,1975-06-27,True,False
000500,가온전선,1999-12-01,2026-05-01,318,316,31,가온전선,유가,절연선 및 케이블 제조업,1987-06-08,True,False
000520,삼일제약,1999-12-01,2026-05-01,318,316,9,삼일제약,유가,의약품 제조업,1985-05-29,True,False
000540,흥국화재,1999-12-01,2026-05-01,318,317,34,흥국화재,유가,보험업,1974-12-05,True,False
000590,CS홀딩스,1999-12-01,2026-05-01,318,316,37,CS홀딩스,유가,기타 금융업,1975-12-22,True,False
000610,제일화재,1999-12-01,2009-12-01,121,120,719,,,,,False,True
000640,동아쏘시오홀딩스,1999-12-01,2026-05-01,318,317,32,동아쏘시오홀딩스,유가,기타 금융업,1970-02-10,True,False
000650,천일고속,1999-12-01,2026-05-01,318,315,12,천일고속,유가,육상 여객 운송업,1977-06-23,True,False
000660,SK하이닉스,1999-12-01,2026-05-01,318,317,35,SK하이닉스,유가,반도체 제조업,1996-12-26,True,False
000670,영풍,1999-12-01,2026-05-01,318,317,38,영풍,유가,1차 비철금속 제조업,1976-06-12,True,False
000680,LS네트웍스,1999-12-01,2026-05-01,318,315,40,LS네트웍스,유가,상품 종합 도매업,1973-11-15,True,False
000700,유수홀딩스,1999-12-01,2026-05-01,318,317,43,유수홀딩스,유가,회사 본부 및 경영 컨설팅 서비스업,1956-03-03,True,False
000720,현대건설,1999-12-01,2026-05-01,318,316,41,현대건설,유가,토목 건설업,1984-12-22,True,False
000760,이화산업,1999-12-01,2026-05-01,318,317,15,이화산업,유가,기타 전문 도매업,1994-04-29,True,False
000790,씨앤상선,1999-12-01,2011-04-01,136,130,720,,,,,False,True
000800,경남기업,1999-12-01,2026-04-01,255,162,46,,,,,False,True
000810,삼성화재,1999-12-01,2026-05-01,318,317,44,삼성화재해상보험,유가,보험업,1975-06-30,True,False
000830,삼성물산,1999-12-01,2015-08-01,189,188,47,,,,,False,True
000840,한국벨트,1999-12-01,2000-05-01,6,5,721,,,,,False,True
000850,화천기공,1999-12-01,2026-05-01,318,317,49,화천기공,유가,특수 목적용 기계 제조업,1999-11-18,True,False
000860,강남제비스코,1999-12-01,2026-05-01,318,317,52,강남제비스코,유가,기타 화학제품 제조업,1975-11-12,True,False
000880,한화,1999-12-01,2026-05-01,318,317,50,한화,유가,기타 화학제품 제조업,1976-06-24,True,False
000890,보해양조,1999-12-01,2026-05-01,318,316,18,보해양조,유가,알코올음료 제조업,1988-09-23,True,False
000900,강원산업,1999-12-01,2000-03-01,4,3,722,,,,,False,True
000910,유니온,1999-12-01,2026-05-01,318,315,21,유니온,유가,"시멘트, 석회, 플라스터 및 그 제품 제조업",1996-07-03,True,False
000950,전방,1999-12-01,2026-05-01,318,317,24,전방,유가,방적 및 가공사 제조업,1968-10-21,True,False
000970,한국주철관,1999-12-01,2026-05-01,318,317,55,한국주철관공업,유가,1차 철강 제조업,1969-12-12,True,False
000980,극동건설,1999-12-01,2018-04-01,83,35,723,,,,,False,True
000990,DB하이텍,1999-12-01,2026-05-01,318,316,58,DB하이텍,유가,반도체 제조업,1975-12-12,True,False
001020,페이퍼코리아,1999-12-01,2026-05-01,318,316,61,페이퍼코리아,유가,"펄프, 종이 및 판지 제조업",1976-06-26,True,False
001040,CJ,1999-12-01,2026-05-01,318,317,53,CJ,유가,기타 금융업,1973-06-29,True,False
001060,JW중외제약,1999-12-01,2026-05-01,318,317,64,JW중외제약,유가,의약품 제조업,1976-06-14,True,False
001070,대한방직,1999-12-01,2026-05-01,318,317,27,대한방직,유가,직물직조 및 직물제품 제조업,1973-12-28,True,False
001080,만호제강,1999-12-01,2026-05-01,318,317,30,만호제강,유가,1차 철강 제조업,1977-06-18,True,False
001110,(주)대농,1999-12-01,2002-03-01,28,27,724,,,,,False,True
001120,LX인터내셔널,1999-12-01,2026-05-01,318,317,56,LX인터내셔널,유가,상품 중개업,1976-01-30,True,False
001130,대한제분,1999-12-01,2026-05-01,318,317,67,대한제분,유가,"곡물가공품, 전분 및 전분제품 제조업",1970-11-25,True,False
001140,국보,1999-12-01,2025-12-01,313,311,33,,,,,False,True
001150,(주)서통,1999-12-01,2003-09-01,46,45,725,,,,,False,True
001190,마이크로닉스,1999-12-01,2009-03-01,112,110,726,,,,,False,True
001210,금호전기,1999-12-01,2026-05-01,318,315,70,금호전기,유가,전구 및 조명장치 제조업,1973-11-15,True,False
001230,동국홀딩스,1999-12-01,2026-05-01,318,317,59,동국홀딩스,유가,기타 금융업,1988-05-09,True,False
001250,GS글로벌,1999-12-01,2026-05-01,318,315,73,GS글로벌,유가,상품 종합 도매업,1976-06-26,True,False
001260,남광토건,1999-12-01,2026-05-01,318,311,36,남광토건,유가,토목 건설업,1976-12-28,True,False
001300,제일모직,1999-12-01,2014-06-01,175,174,727,,,,,False,True
001310,풍림산업,1999-12-01,2017-03-01,172,21,728,,,,,False,True
001340,PKC,1999-12-01,2026-05-01,318,317,39,PKC,유가,기초 화학물질 제조업,1976-06-10,True,False
001350,대한모방,1999-12-01,2000-05-01,6,5,729,,,,,False,True
001360,삼성제약,1999-12-01,2026-05-01,318,316,42,삼성제약,유가,의약품 제조업,1975-07-04,True,False
001370,FnC코오롱,1999-12-01,2009-07-01,116,115,730,,,,,False,True
001380,SG글로벌,1999-12-01,2026-05-01,318,314,45,SG글로벌,유가,자동차 신품 부품 제조업,1976-06-29,True,False
001390,KG케미칼,1999-12-01,2026-05-01,318,317,76,KG케미칼,유가,기초 화학물질 제조업,1989-08-25,True,False
001400,동산씨앤지,1999-12-01,2001-03-01,16,15,731,,,,,False,True
001420,태원물산,1999-12-01,2026-05-01,318,317,48,태원물산,유가,자동차 신품 부품 제조업,1975-06-24,True,False
001430,세아베스틸지주,1999-12-01,2026-05-01,318,316,62,세아베스틸지주,유가,1차 철강 제조업,1991-03-12,True,False
001440,대한전선,1999-12-01,2026-05-01,318,316,79,대한전선,유가,절연선 및 케이블 제조업,1968-12-27,True,False
001450,현대해상,1999-12-01,2026-05-01,318,317,65,현대해상,유가,보험업,1989-08-25,True,False
001460,BYC,1999-12-01,2026-05-01,318,316,82,BYC,유가,봉제의복 제조업,1975-06-02,True,False
001470,삼부토건,1999-12-01,2026-05-01,318,314,51,삼부토건,유가,토목 건설업,1976-06-26,True,False
001490,천지산업,1999-12-01,2026-04-01,191,170,732,,,,,False,True
001520,동양,1999-12-01,2026-05-01,318,315,85,동양,유가,"시멘트, 석회, 플라스터 및 그 제품 제조업",1976-06-25,True,False
001530,DI동일,1999-12-01,2026-05-01,318,317,88,디아이동일,유가,상품 중개업,1964-01-04,True,False
001550,조비,1999-12-01,2026-05-01,318,314,54,조비,유가,"비료, 농약 및 살균, 살충제 제조업",1976-12-28,True,False
001560,제일연마,2005-12-01,2026-05-01,246,245,57,제일연마,유가,기타 비금속 광물제품 제조업,2005-12-09,True,False
001570,금양,1999-12-01,2026-05-01,318,313,60,금양,유가,기초 화학물질 제조업,1976-12-17,True,False
001580,신광기업,1999-12-01,2005-07-01,68,64,733,,,,,False,True
001590,일화모직공업,1999-12-01,2017-07-01,93,89,63,,,,,False,True
001600,(주)서광건설산업,1999-12-01,2010-03-01,124,122,734,,,,,False,True
001620,케이비아이동국실업,1999-12-01,2026-05-01,318,317,66,케이비아이동국실업,유가,자동차 신품 부품 제조업,1990-09-15,True,False
001630,종근당홀딩스,1999-12-01,2026-05-01,318,317,91,종근당홀딩스,유가,의약품 제조업,1976-06-30,True,False
001670,경남모직(주),1999-12-01,2005-03-01,64,62,735,,,,,False,True
001680,대상,1999-12-01,2026-05-01,318,317,68,대상,유가,기타 식품 제조업,1970-04-01,True,False
001690,두산테크팩,1999-12-01,2001-12-01,25,24,736,,,,,False,True
001740,SK네트웍스,1999-12-01,2026-05-01,318,316,71,SK네트웍스,유가,기타 전문 도매업,1977-06-30,True,False
001770,SHD,1999-12-01,2026-05-01,318,317,69,SHD,유가,1차 철강 제조업,1988-11-23,True,False
001780,알루코,1999-12-01,2026-05-01,256,253,94,알루코,유가,1차 비철금속 제조업,2007-06-07,True,False
001790,대한제당,1999-12-01,2026-05-01,318,317,97,대한제당,유가,"곡물가공품, 전분 및 전분제품 제조업",1968-12-27,True,False
001800,오리온홀딩스,1999-12-01,2026-05-01,318,317,74,오리온홀딩스,유가,기타 금융업,1975-06-27,True,False
001820,삼화콘덴서,1999-12-01,2026-05-01,318,316,72,삼화콘덴서공업,유가,전자부품 제조업,1976-06-26,True,False
001830,동부일렉트로닉스,1999-12-01,2007-04-01,89,87,737,,,,,False,True
001880,디엘건설(주),1999-12-01,2024-02-01,291,290,100,,,,,False,True
001890,에이치디씨영창,1999-12-01,2026-04-01,198,193,75,,,,,False,True
001920,한보철강공업(주),1999-12-01,2002-03-01,28,26,738,,,,,False,True
001940,KISCO홀딩스,1999-12-01,2026-05-01,318,317,103,KISCO홀딩스,유가,1차 철강 제조업,1989-11-13,True,False
001950,남한제지,1999-12-01,2009-09-01,118,116,739,,,,,False,True
001970,SG신성건설,1999-12-01,2026-04-01,246,232,740,,,,,False,True
001980,대호,1999-12-01,2004-04-01,53,52,741,,,,,False,True
002000,생고뱅코리아홀딩스(주),1999-12-01,2018-11-01,228,227,106,,,,,False,True
002020,코오롱,1999-12-01,2026-05-01,318,317,109,코오롱,유가,기타 금융업,1975-06-23,True,False
002030,아세아,1999-12-01,2026-05-01,318,317,112,아세아,유가,회사 본부 및 경영 컨설팅 서비스업,1974-06-03,True,False
002050,경향건설,1999-12-01,2003-04-01,41,40,742,,,,,False,True
002070,비비안,1999-12-01,2026-05-01,318,316,78,비비안,유가,봉제의복 제조업,1976-07-13,True,False
002080,벽산개발,1999-12-01,2000-11-01,12,11,743,,,,,False,True
002100,경농,1999-12-01,2026-05-01,318,317,115,경농,유가,"비료, 농약 및 살균, 살충제 제조업",1977-06-30,True,False
002130,(주)피어리스,1999-12-01,2001-11-01,24,20,744,,,,,False,True
002140,고려산업,1999-12-01,2026-05-01,318,316,81,고려산업,유가,"곡물가공품, 전분 및 전분제품 제조업",1991-01-14,True,False
002150,도화엔지니어링,2010-08-01,2026-05-01,190,189,118,도화엔지니어링,유가,"건축기술, 엔지니어링 및 관련 기술 서비스업",2010-08-12,True,False
002170,SYTS,1999-12-01,2026-05-01,318,317,121,SYTS,유가,"가죽, 가방 및 유사제품 제조업",1989-11-10,True,False
002180,삼익건설(주),1999-12-01,2002-02-01,27,26,745,,,,,False,True
002200,한국수출포장,1999-12-01,2026-05-01,318,317,84,한국수출포장공업,유가,"골판지, 종이 상자 및 종이용기 제조업",1974-06-28,True,False
002210,동성제약,1999-12-01,2026-05-01,318,315,87,동성제약,유가,의약품 제조업,1990-01-19,True,False
002220,한일철강,1999-12-01,2026-05-01,318,317,90,한일철강,유가,1차 철강 제조업,1988-10-07,True,False
002240,고려제강,1999-12-01,2026-05-01,318,317,77,고려제강,유가,1차 철강 제조업,1976-05-25,True,False
002250,알보젠코리아(주),1999-12-01,2019-04-01,233,229,124,,,,,False,True
002270,롯데푸드,1999-12-01,2022-06-01,271,270,80,,,,,False,True
002300,한국제지,1999-12-01,2020-06-01,247,246,127,,,,,False,True
002310,아세아제지,1999-12-01,2026-05-01,318,317,130,아세아제지,유가,"골판지, 종이 상자 및 종이용기 제조업",1988-12-15,True,False
002320,한진,1999-12-01,2026-05-01,318,317,83,한진,유가,도로 화물 운송업,1974-08-12,True,False
002350,넥센타이어,1999-12-01,2026-05-01,318,317,86,넥센타이어,유가,고무제품 제조업,1976-05-19,True,False
002360,SH에너지화학,1999-12-01,2026-05-01,318,316,133,SH에너지화학,유가,기초 화학물질 제조업,1985-12-23,True,False
002380,KCC,1999-12-01,2026-05-01,318,317,89,케이씨씨,유가,기타 화학제품 제조업,1973-06-25,True,False
002390,한독,1999-12-01,2026-05-01,318,317,136,한독,유가,의약품 제조업,1976-06-30,True,False
002410,범양건영,1999-12-01,2026-05-01,318,316,93,범양건영,유가,건물 건설업,1988-05-25,True,False
002420,세기상사,1999-12-01,2026-05-01,318,317,96,우양피앤엘,유가,연료 소매업,1968-12-27,True,False
002450,삼익악기,1999-12-01,2026-05-01,318,317,139,삼익악기,유가,악기 제조업,1988-09-30,True,False
002460,HS화성,1999-12-01,2026-05-01,318,317,142,HS화성,유가,건물 건설업,1988-09-29,True,False
002470,신영씨앤디,1999-12-01,2026-04-01,169,161,99,,,,,False,True
002530,벽산건설,1999-12-01,2014-03-01,172,169,746,,,,,False,True
002540,고제,1999-12-01,2010-03-01,124,120,747,,,,,False,True
002580,삼미,1999-12-01,2026-04-01,161,152,748,,,,,False,True
002600,조흥,1999-12-01,2026-05-01,318,316,102,조흥,유가,기타 식품 제조업,1976-12-23,True,False
002610,(주)LGEI,1999-12-01,2003-02-01,39,38,749,,,,,False,True
002620,제일파마홀딩스,1999-12-01,2026-05-01,318,317,145,제일파마홀딩스,유가,회사 본부 및 경영 컨설팅 서비스업,1988-01-20,True,False
002630,오리엔트바이오,1999-12-01,2026-05-01,318,314,105,오리엔트바이오,유가,의약품 제조업,1976-12-28,True,False
002690,동일제강,2015-09-01,2026-05-01,129,128,750,동일제강,유가,1차 철강 제조업,2015-09-24,True,False
002700,신일전자,1999-12-01,2026-05-01,318,316,148,신일전자,유가,기계장비 및 관련 물품 도매업,1975-09-30,True,False
002710,TCC스틸,1999-12-01,2026-05-01,318,317,108,TCC스틸,유가,1차 철강 제조업,1984-12-21,True,False
002720,국제약품,1999-12-01,2026-05-01,318,317,111,국제약품,유가,의약품 제조업,1975-12-27,True,False
002740,동양화학공업,1999-12-01,2001-04-01,17,16,751,,,,,False,True
002760,보락,1999-12-01,2026-05-01,318,317,114,보락,유가,기타 화학제품 제조업,1989-11-30,True,False
002780,진흥기업,1999-12-01,2026-05-01,318,315,151,진흥기업,유가,토목 건설업,1977-06-25,True,False
002790,아모레퍼시픽홀딩스,1999-12-01,2026-05-01,318,317,92,아모레퍼시픽홀딩스,유가,기타 화학제품 제조업,1973-04-30,True,False
002810,삼영무역,1999-12-01,2026-05-01,318,317,154,삼영무역,유가,기타 전문 도매업,1988-03-28,True,False
002820,SUN&L,1999-12-01,2026-05-01,318,317,117,SUN&L,유가,플라스틱제품 제조업,1976-05-22,True,False
002840,미원상사,1999-12-01,2026-05-01,318,317,157,미원상사,유가,기타 화학제품 제조업,1989-09-25,True,False
002850,영풍산업,1999-12-01,2004-03-01,52,51,752,,,,,False,True
002870,신풍,1999-12-01,2026-05-01,318,317,120,신풍,유가,기타 전문 도매업,1976-06-30,True,False
002880,디와이에이,1999-12-01,2026-05-01,318,316,160,디와이에이,유가,자동차 신품 부품 제조업,1977-02-18,True,False
002900,TYM,1999-12-01,2026-05-01,318,316,123,TYM,유가,특수 목적용 기계 제조업,1973-06-26,True,False
002920,유성기업,1999-12-01,2026-05-01,318,317,163,유성기업,유가,자동차 신품 부품 제조업,1988-10-10,True,False
002930,삼도물산,1999-12-01,2004-04-01,53,51,753,,,,,False,True
002940,경동산업,1999-12-01,2000-05-01,6,5,754,,,,,False,True
002950,두산건설(주),1999-12-01,2004-04-01,53,52,755,,,,,False,True
002960,한국쉘석유,1999-12-01,2026-05-01,318,317,95,한국쉘석유,유가,석유 정제품 제조업,1988-08-10,True,False
002990,금호건설,1999-12-01,2026-05-01,318,316,98,금호건설,유가,건물 건설업,1976-06-26,True,False
003000,부광약품,1999-12-01,2026-05-01,318,316,101,부광약품,유가,의약품 제조업,1988-08-05,True,False
003010,혜인,1999-12-01,2026-05-01,318,316,126,혜인,유가,기계장비 및 관련 물품 도매업,1988-09-20,True,False
003020,(주)남양,1999-12-01,2004-04-01,53,49,756,,,,,False,True
003030,세아제강지주,1999-12-01,2026-05-01,318,317,104,세아제강지주,유가,기타 금융업,1969-05-13,True,False
003040,한일약품,1999-12-01,2006-10-01,83,82,757,,,,,False,True
003050,넥상스코리아(주),1999-12-01,2004-11-01,60,59,758,,,,,False,True
003060,에이프로젠바이오로직스,1999-12-01,2026-05-01,318,314,129,에이프로젠바이오로직스,유가,의약품 제조업,1984-10-19,True,False
003070,코오롱글로벌,1999-12-01,2026-05-01,318,316,166,코오롱글로벌,유가,토목 건설업,1978-09-15,True,False
003080,SB성보,1999-12-01,2026-05-01,318,317,132,SB성보,유가,"비료, 농약 및 살균, 살충제 제조업",1976-12-23,True,False
003090,대웅,1999-12-01,2026-05-01,318,317,107,대웅,유가,의약품 제조업,1973-06-26,True,False
003110,대일화학공업(주),1999-12-01,2002-03-01,28,27,759,,,,,False,True
003120,일성아이에스,1999-12-01,2026-05-01,318,317,169,일성아이에스,유가,의약품 제조업,1985-01-14,True,False
003160,디아이,1999-12-01,2026-05-01,318,315,172,디아이,유가,"측정, 시험, 항해, 제어 및 기타 정밀기기 제조업; 광학기기 제외",1996-07-31,True,False
003190,(주)알바이오,1999-12-01,2013-04-01,161,155,760,,,,,False,True
003200,일신방직,1999-12-01,2026-05-01,318,317,110,일신방직,유가,방적 및 가공사 제조업,1973-05-23,True,False
003220,대원제약,1999-12-01,2026-05-01,318,316,175,대원제약,유가,의약품 제조업,1999-12-15,True,False
003230,삼양식품,1999-12-01,2026-05-01,318,315,178,삼양식품,유가,기타 식품 제조업,1975-06-30,True,False
003240,태광산업,1999-12-01,2026-05-01,318,317,113,태광산업,유가,화학섬유 제조업,1975-12-27,True,False
003260,서광,1999-12-01,2026-03-01,232,206,135,,,,,False,True
003280,흥아해운,1999-12-01,2026-05-01,318,315,181,흥아해운,유가,해상 운송업,1976-06-29,True,False
003300,한일홀딩스,1999-12-01,2026-05-01,318,317,116,한일홀딩스,유가,"시멘트, 석회, 플라스터 및 그 제품 제조업",1969-11-20,True,False
003350,한국화장품제조,1999-12-01,2026-05-01,318,316,138,한국화장품제조,유가,기타 화학제품 제조업,1978-02-06,True,False
003410,쌍용C&E,1999-12-01,2024-06-01,295,294,119,,,,,False,True
003480,한진중공업홀딩스,1999-12-01,2026-05-01,318,317,184,한진중공업홀딩스,유가,연료용 가스 제조 및 배관공급업,1956-03-03,True,False
003490,대한항공,1999-12-01,2026-05-01,318,317,122,대한항공,유가,항공 여객 운송업,1966-03-18,True,False
003520,영진약품,1999-12-01,2026-05-01,318,314,187,영진약품,유가,의약품 제조업,1973-06-25,True,False
003550,LG,1999-12-01,2026-05-01,318,317,125,LG,유가,기타 금융업,1970-02-13,True,False
003560,IHQ,1999-12-01,2025-12-01,313,311,190,,,,,False,True
003570,SNT다이내믹스,1999-12-01,2026-05-01,318,317,193,SNT다이내믹스,유가,자동차 신품 부품 제조업,1976-07-08,True,False
003580,HLB글로벌,1999-12-01,2026-05-01,318,315,141,HLB글로벌,유가,종합 소매업,1990-03-23,True,False
003590,광덕물산,1999-12-01,2004-06-01,55,53,761,,,,,False,True
003600,SK,1999-12-01,2015-07-01,188,187,128,,,,,False,True
003610,방림,1999-12-01,2026-05-01,318,316,196,방림,유가,직물직조 및 직물제품 제조업,1989-05-30,True,False
003620,KG모빌리티,1999-12-01,2026-05-01,318,316,131,KG모빌리티,유가,자동차용 엔진 및 자동차 제조업,1975-05-29,True,False
003640,유니온스틸(주),1999-12-01,2014-12-01,181,180,199,,,,,False,True
003650,미창석유,1999-12-01,2026-05-01,318,317,202,미창석유공업,유가,석유 정제품 제조업,1989-09-27,True,False
003660,고려시멘트,1999-12-01,2008-07-01,104,102,762,,,,,False,True
003670,포스코퓨처엠,2001-11-01,2026-05-01,295,294,134,포스코퓨처엠,유가,일차전지 및 이차전지 제조업,2019-05-29,True,False
003680,한성기업,1999-12-01,2026-05-01,318,315,144,한성기업,유가,수산물 가공 및 저장 처리업,1989-01-26,True,False
003690,코리안리,1999-12-01,2026-05-01,318,317,137,코리안리,유가,재 보험업,1969-12-22,True,False
003720,삼영,1999-12-01,2026-05-01,318,317,147,삼영,유가,플라스틱제품 제조업,1976-06-30,True,False
003780,진양산업,1999-12-01,2026-05-01,318,315,150,진양산업,유가,플라스틱제품 제조업,1973-06-26,True,False
003810,(주)대우,1999-12-01,2001-04-01,17,16,763,,,,,False,True
003830,대한화섬,1999-12-01,2026-05-01,318,316,205,대한화섬,유가,화학섬유 제조업,1985-12-23,True,False
003850,보령,1999-12-01,2026-05-01,318,317,208,보령,유가,의약품 제조업,1988-10-24,True,False
003900,(주)동원데어리푸드,1999-12-01,2004-02-01,51,50,764,,,,,False,True
003920,남양유업,1999-12-01,2026-05-01,318,316,140,남양유업,유가,동·식물성 유지 및 낙농제품 제조업,1978-06-24,True,False
003930,(주)부흥,1999-12-01,2004-05-01,54,52,765,,,,,False,True
003940,(주)삼양제넥스,1999-12-01,2015-12-01,193,192,211,,,,,False,True
003960,사조대림,1999-12-01,2026-05-01,318,314,153,사조대림,유가,수산물 가공 및 저장 처리업,1976-09-16,True,False
003980,(주)한일합섬,1999-12-01,2003-08-01,45,44,766,,,,,False,True
003990,BHK,1999-12-01,2009-03-01,112,109,767,,,,,False,True
004000,롯데정밀화학,1999-12-01,2026-05-01,318,317,143,롯데정밀화학,유가,기초 화학물질 제조업,1976-04-15,True,False
004010,(주)롯데미도파,1999-12-01,2012-12-01,157,155,768,,,,,False,True
004020,현대제철,1999-12-01,2026-05-01,318,317,146,현대제철,유가,1차 철강 제조업,1987-05-23,True,False
004060,SG세계물산,1999-12-01,2026-05-01,318,316,214,SG세계물산,유가,상품 종합 도매업,1976-04-19,True,False
004080,신흥,1999-12-01,2026-05-01,318,317,156,신흥,유가,기계장비 및 관련 물품 도매업,1991-02-08,True,False
004090,한국석유,1999-12-01,2026-05-01,318,316,159,한국석유공업,유가,기타 비금속 광물제품 제조업,1977-06-25,True,False
004100,태양금속,1999-12-01,2026-05-01,318,317,162,태양금속공업,유가,자동차 신품 부품 제조업,1976-05-25,True,False
004110,대선주조(주),1999-12-01,2002-03-01,28,27,769,,,,,False,True
004130,대덕GDS,1999-12-01,2018-11-01,228,227,217,,,,,False,True
004140,동방,1999-12-01,2026-05-01,318,315,165,동방,유가,기타 운송관련 서비스업,1988-08-10,True,False
004150,한솔홀딩스,1999-12-01,2026-05-01,318,317,149,한솔홀딩스,유가,기타 금융업,1972-05-17,True,False
004170,신세계,1999-12-01,2026-05-01,318,317,152,신세계,유가,종합 소매업,1985-08-19,True,False
004190,(주)스마텔,1999-12-01,2004-02-01,51,48,770,,,,,False,True
004200,고려개발,1999-12-01,2020-06-01,247,246,168,,,,,False,True
004230,세신(주),1999-12-01,2009-03-01,112,111,771,,,,,False,True
004250,NPC,1999-12-01,2026-05-01,318,317,220,엔피씨,유가,플라스틱제품 제조업,1969-09-08,True,False
004270,남성,1999-12-01,2026-05-01,318,317,171,남성,유가,기타 전문 도매업,1989-11-14,True,False
004290,아이케이엔터프라이즈,1999-12-01,2001-12-01,25,23,772,,,,,False,True
004310,현대약품,1999-12-01,2026-05-01,318,316,174,현대약품,유가,의약품 제조업,1978-06-28,True,False
004360,세방,1999-12-01,2026-05-01,318,317,223,세방,유가,도로 화물 운송업,1977-05-19,True,False
004370,농심,1999-12-01,2026-05-01,318,317,155,농심,유가,기타 식품 제조업,1976-06-30,True,False
004380,삼익THK,1999-12-01,2026-05-01,318,316,226,삼익THK,유가,일반 목적용 기계 제조업,1989-09-26,True,False
004390,오리온전기(주),1999-12-01,2002-03-01,28,27,773,,,,,False,True
004410,서울식품,1999-12-01,2026-05-01,318,313,177,서울식품공업,유가,기타 식품 제조업,1973-12-28,True,False
004420,동국무역,1999-12-01,2002-03-01,28,27,774,,,,,False,True
004430,송원산업,1999-12-01,2026-05-01,318,317,229,송원산업,유가,기타 화학제품 제조업,1977-06-25,True,False
004440,삼일씨엔에스,2016-03-01,2026-05-01,123,122,775,삼일씨엔에스,유가,"시멘트, 석회, 플라스터 및 그 제품 제조업",2016-03-30,True,False
004450,삼화왕관,1999-12-01,2026-05-01,318,317,180,삼화왕관,유가,기타 금속 가공제품 제조업,1976-05-28,True,False
004460,(주)고합,1999-12-01,2002-03-01,28,27,776,,,,,False,True
004490,세방전지,1999-12-01,2026-05-01,318,317,158,세방전지,유가,일차전지 및 이차전지 제조업,1987-11-28,True,False
004510,(주)디와이홀딩스,1999-12-01,2004-03-01,52,51,777,,,,,False,True
004530,SY,1999-12-01,2008-03-01,100,96,778,,,,,False,True
004540,깨끗한나라,1999-12-01,2026-05-01,318,317,232,깨끗한나라,유가,"펄프, 종이 및 판지 제조업",1975-06-25,True,False
004550,대우송도개발(주),1999-12-01,2012-05-01,150,146,779,,,,,False,True
004560,현대비앤지스틸,1999-12-01,2026-05-01,318,316,235,현대비앤지스틸,유가,1차 철강 제조업,1987-03-24,True,False
004620,캠브리지코오롱,1999-12-01,2011-04-01,137,136,780,,,,,False,True
004660,(주)신동방CP,1999-12-01,2005-02-01,63,61,781,,,,,False,True
004690,삼천리,1999-12-01,2026-05-01,318,317,161,삼천리,유가,연료용 가스 제조 및 배관공급업,1976-12-23,True,False
004700,조광피혁,1999-12-01,2026-05-01,318,317,164,조광피혁,유가,"가죽, 가방 및 유사제품 제조업",1977-05-27,True,False
004710,한솔테크닉스,1999-12-01,2026-05-01,318,316,238,한솔테크닉스,유가,전자부품 제조업,1988-07-06,True,False
004720,팜젠사이언스,1999-12-01,2026-05-01,318,315,183,팜젠사이언스,유가,의약품 제조업,1990-06-15,True,False
004730,진로종합식품,1999-12-01,1999-12-01,1,0,782,,,,,False,True
004740,(주)보루네오가구,1999-12-01,2017-06-01,211,210,186,,,,,False,True
004770,써니전자,1999-12-01,2026-05-01,318,314,189,써니전자,유가,전자부품 제조업,1987-04-22,True,False
004800,효성,1999-12-01,2026-05-01,318,317,167,효성,유가,기타 금융업,1973-06-30,True,False
004820,조인에너지,1999-12-01,2010-03-01,124,121,783,,,,,False,True
004830,덕성,1999-12-01,2026-05-01,318,313,192,덕성,유가,플라스틱제품 제조업,1987-09-25,True,False
004840,DRB동일,1999-12-01,2026-05-01,318,315,241,DRB동일,유가,고무제품 제조업,1976-05-21,True,False
004870,티웨이홀딩스,1999-12-01,2026-05-01,318,315,244,티웨이홀딩스,유가,"시멘트, 석회, 플라스터 및 그 제품 제조업",1977-06-30,True,False
004890,동일산업,2005-06-01,2026-05-01,252,251,247,동일산업,유가,1차 철강 제조업,2005-06-30,True,False
004910,조광페인트,1999-12-01,2026-05-01,318,316,250,조광페인트,유가,기타 화학제품 제조업,1976-12-27,True,False
004920,씨아이테크,1999-12-01,2026-05-01,318,315,195,씨아이테크,유가,영상 및 음향기기 제조업,1989-11-30,True,False
004960,한신공영,1999-12-01,2026-05-01,318,316,253,한신공영,유가,건물 건설업,1976-07-07,True,False
004970,신라교역,1999-12-01,2026-05-01,318,316,256,신라교역,유가,어로 어업,1976-06-30,True,False
004980,성신양회,1999-12-01,2026-05-01,318,317,259,성신양회,유가,"시멘트, 석회, 플라스터 및 그 제품 제조업",1976-06-30,True,False
004990,롯데지주,1999-12-01,2026-05-01,318,317,170,롯데지주,유가,기타 금융업,1974-02-16,True,False
005010,휴스틸,1999-12-01,2026-05-01,318,314,262,휴스틸,유가,1차 철강 제조업,1973-06-29,True,False
005030,부산주공,1999-12-01,2026-05-01,318,317,198,부산주공,유가,자동차 신품 부품 제조업,1975-12-26,True,False
005060,대우통신(주),1999-12-01,2002-03-01,28,27,784,,,,,False,True
005070,코스모신소재,1999-12-01,2026-05-01,318,316,201,코스모신소재,유가,기타 화학제품 제조업,1987-09-28,True,False
005090,SGC에너지,1999-12-01,2026-05-01,318,316,265,SGC에너지,유가,전기업,1993-01-06,True,False
005110,한창,1999-12-01,2026-05-01,318,316,204,한창,유가,기계장비 및 관련 물품 도매업,1976-06-01,True,False
005180,빙그레,1999-12-01,2026-05-01,318,317,173,빙그레,유가,동·식물성 유지 및 낙농제품 제조업,1978-08-31,True,False
005190,동성화학,1999-12-01,2021-03-01,256,254,207,,,,,False,True
005250,녹십자홀딩스,1999-12-01,2026-05-01,318,317,176,녹십자홀딩스,유가,회사 본부 및 경영 컨설팅 서비스업,1978-08-28,True,False
005300,롯데칠성,1999-12-01,2026-05-01,318,317,179,롯데칠성음료,유가,비알코올음료 및 얼음 제조업,1973-06-21,True,False
005320,온타이드,1999-12-01,2026-05-01,318,315,210,온타이드,유가,생활용품 도매업,1996-12-24,True,False
005330,카스코,1999-12-01,2007-05-01,90,89,785,,,,,False,True
005350,(주)심팩인더스트리,1999-12-01,2011-03-01,136,135,786,,,,,False,True
005360,모나미,1999-12-01,2026-05-01,318,316,213,모나미,유가,생활용품 도매업,1974-06-26,True,False
005380,현대차,1999-12-01,2026-05-01,318,317,182,현대자동차,유가,자동차용 엔진 및 자동차 제조업,1974-06-28,True,False
005390,신성통상,1999-12-01,2025-08-01,309,307,268,,,,,False,True
005410,신광산업,1999-12-01,2000-08-01,9,8,787,,,,,False,True
005420,코스모화학,1999-12-01,2026-05-01,318,317,216,코스모화학,유가,기타 화학제품 제조업,1987-07-23,True,False
005430,한국공항,1999-12-01,2026-05-01,318,317,271,한국공항,유가,기타 운송관련 서비스업,1976-12-28,True,False
005440,현대지에프홀딩스,1999-12-01,2026-05-01,318,317,185,현대지에프홀딩스,유가,기타 금융업,1989-08-22,True,False
005450,(주)신한,1999-12-01,2020-05-01,246,244,219,,,,,False,True
005490,POSCO홀딩스,1999-12-01,2026-05-01,318,317,188,POSCO홀딩스,유가,1차 철강 제조업,1988-06-10,True,False
005500,삼진제약,1999-12-01,2026-05-01,318,317,274,삼진제약,유가,의약품 제조업,1988-06-18,True,False
005560,제이에스전선(주),1999-12-01,2014-03-01,117,114,788,,,,,False,True
005580,삼익주택,1999-12-01,2000-05-01,6,5,789,,,,,False,True
005600,중앙제지,1999-12-01,2004-12-01,61,60,790,,,,,False,True
005610,삼립,1999-12-01,2026-05-01,318,315,191,삼립,유가,기타 식품 제조업,1975-05-02,True,False
005620,대성합동지주,1999-12-01,2017-07-01,212,211,222,,,,,False,True
005680,삼영전자,1999-12-01,2026-05-01,318,317,277,삼영전자공업,유가,전자부품 제조업,1976-12-28,True,False
005690,파미셀,1999-12-01,2026-05-01,318,314,280,파미셀,유가,전자부품 제조업,1988-05-20,True,False
005720,넥센,1999-12-01,2026-05-01,318,317,194,넥센,유가,고무제품 제조업,1987-12-19,True,False
005740,크라운해태홀딩스,1999-12-01,2026-05-01,318,315,283,크라운해태홀딩스,유가,기타 금융업,1976-06-30,True,False
005750,대림바스,1999-12-01,2026-05-01,318,317,225,대림바스,유가,"내화, 비내화 요업제품 제조업",1992-12-23,True,False
005760,위너스인프라인,1999-12-01,2009-01-01,110,105,791,,,,,False,True
005790,만도기계(주),1999-12-01,2000-01-01,2,1,792,,,,,False,True
005800,신영와코루,1999-12-01,2026-05-01,318,317,286,신영와코루,유가,봉제의복 제조업,1976-12-28,True,False
005810,풍산홀딩스,1999-12-01,2026-05-01,318,317,289,풍산홀딩스,유가,기타 금융업,1988-07-28,True,False
005820,원림,1999-12-01,2026-05-01,318,317,228,원림,유가,직물직조 및 직물제품 제조업,1990-04-20,True,False
005850,에스엘,1999-12-01,2026-05-01,318,317,197,에스엘,유가,자동차 신품 부품 제조업,1988-11-08,True,False
005870,휴니드,1999-12-01,2026-05-01,318,317,231,휴니드테크놀러지스,유가,통신 및 방송 장비 제조업,1991-09-03,True,False
005880,대한해운,1999-12-01,2026-05-01,318,317,200,대한해운,유가,해상 운송업,1992-04-23,True,False
005900,동양건설산업,1999-12-01,2026-04-01,291,264,793,,,,,False,True
005930,삼성전자,1999-12-01,2026-05-01,318,317,203,삼성전자,유가,통신 및 방송 장비 제조업,1975-06-11,True,False
005950,이수화학,1999-12-01,2026-05-01,318,316,292,이수화학,유가,기초 화학물질 제조업,1988-04-28,True,False
005960,동부건설,1999-12-01,2026-05-01,318,316,234,동부건설,유가,토목 건설업,1978-10-30,True,False
005980,성지건설(주),1999-12-01,2018-09-01,226,223,237,,,,,False,True
006040,동원산업,1999-12-01,2026-05-01,318,317,206,동원산업,유가,기타 금융업,1989-03-07,True,False
006060,화승인더,1999-12-01,2026-05-01,318,317,240,화승인더스트리,유가,상품 종합 도매업,1991-02-04,True,False
006070,(주)기린,1999-12-01,2009-04-01,113,109,794,,,,,False,True
006090,사조오양,1999-12-01,2026-05-01,318,314,243,사조오양,유가,수산물 가공 및 저장 처리업,1986-12-24,True,False
006110,삼아알미늄,1999-12-01,2026-05-01,318,317,246,삼아알미늄,유가,1차 비철금속 제조업,1980-12-05,True,False
006120,SK디스커버리,1999-12-01,2026-05-01,318,317,209,SK디스커버리,유가,기타 금융업,1976-06-29,True,False
006150,한메엔에스,1999-12-01,2005-03-01,64,62,795,,,,,False,True
006160,신화건설,1999-12-01,2000-11-01,12,11,796,,,,,False,True
006200,한국전자홀딩스,1999-12-01,2026-05-01,318,317,249,한국전자홀딩스,유가,기타 금융업,1979-11-30,True,False
006210,휴리프,1999-12-01,2009-06-01,115,111,797,,,,,False,True
006250,극동전선(주),1999-12-01,2005-06-01,67,66,798,,,,,False,True
006260,LS,1999-12-01,2026-05-01,318,317,212,LS,유가,기타 금융업,1977-06-30,True,False
006280,녹십자,1999-12-01,2026-05-01,318,317,215,녹십자,유가,의약품 제조업,1989-08-01,True,False
006290,SK인천정유(주),1999-12-01,2002-03-01,28,27,799,,,,,False,True
006340,대원전선,1999-12-01,2026-05-01,318,315,252,대원전선,유가,절연선 및 케이블 제조업,1988-05-04,True,False
006360,GS건설,1999-12-01,2026-05-01,318,317,218,GS건설,유가,건물 건설업,1981-08-03,True,False
006370,대구백화점,1999-12-01,2026-05-01,318,317,295,대구백화점,유가,종합 소매업,1988-10-10,True,False
006380,카프로,1999-12-01,2026-05-01,318,317,298,,,,,False,False
006390,한일현대시멘트,1999-12-01,2025-10-01,311,308,255,,,,,False,True
006400,삼성SDI,1999-12-01,2026-05-01,318,317,221,삼성SDI,유가,일차전지 및 이차전지 제조업,1979-02-27,True,False
006440,한일건설,1999-12-01,2017-03-01,183,179,800,,,,,False,True
006490,인스코비,1999-12-01,2026-05-01,318,316,301,프리티,유가,전기 통신업,1985-01-17,True,False
006570,대림통상,1999-12-01,2026-05-01,318,317,258,대림통상,유가,기타 금속 가공제품 제조업,1975-11-20,True,False
006600,동신제약,1999-12-01,2006-10-01,83,82,801,,,,,False,True
006650,대한유화,1999-12-01,2026-05-01,318,316,224,대한유화,유가,기초 화학물질 제조업,1999-08-11,True,False
006660,삼성공조,1999-12-01,2026-05-01,318,317,304,삼성공조,유가,자동차 신품 부품 제조업,1987-11-28,True,False
006740,블루산업개발,1999-12-01,2026-05-01,318,317,261,블루산업개발,유가,"골판지, 종이 상자 및 종이용기 제조업",1996-07-03,True,False
006750,센추리,1999-12-01,2005-03-01,64,63,802,,,,,False,True
006840,AK홀딩스,1999-12-01,2026-05-01,318,317,227,AK홀딩스,유가,기타 금융업,1999-08-11,True,False
006880,신송홀딩스,2013-11-01,2026-05-01,151,150,307,신송홀딩스,유가,산업용 농·축산물 및 동·식물 도매업,2013-11-21,True,False
006890,태경케미컬,1999-12-01,2026-05-01,318,315,264,태경케미컬,유가,기초 화학물질 제조업,2003-01-28,True,False
006980,우성,1999-12-01,2026-05-01,318,317,267,우성,유가,"곡물가공품, 전분 및 전분제품 제조업",1988-10-10,True,False
007050,유리이에스(주),1999-12-01,2009-03-01,112,108,803,,,,,False,True
007070,GS리테일,2011-12-01,2026-05-01,174,173,230,GS리테일,유가,종합 소매업,2011-12-23,True,False
007100,호남식품(주),1999-12-01,2000-04-01,5,4,804,,,,,False,True
007110,일신석재,1999-12-01,2026-05-01,318,314,310,일신석재,유가,"건축자재, 철물 및 난방장치 도매업",1986-03-04,True,False
007120,미래아이앤지,1999-12-01,2026-05-01,318,316,270,미래아이앤지,유가,"컴퓨터 프로그래밍, 시스템 통합 및 관리업",1999-11-26,True,False
007160,사조산업,1999-12-01,2026-05-01,318,316,313,사조산업,유가,수산물 가공 및 저장 처리업,1989-07-25,True,False
007190,한솔아트원제지(주),1999-12-01,2017-02-01,207,206,273,,,,,False,True
007210,벽산,1999-12-01,2026-05-01,318,315,316,벽산,유가,기타 비금속 광물제품 제조업,1972-01-04,True,False
007280,한국특강,1999-12-01,2026-05-01,318,315,276,한국특강,유가,1차 철강 제조업,1989-11-13,True,False
007310,오뚜기,1999-12-01,2026-05-01,318,317,233,오뚜기,유가,기타 식품 제조업,1994-08-12,True,False
007340,DN오토모티브,1999-12-01,2026-05-01,318,317,236,DN오토모티브,유가,일차전지 및 이차전지 제조업,1988-09-24,True,False
007410,대우전자(주),1999-12-01,2002-03-01,28,27,805,,,,,False,True
007420,해동신용금고,1999-12-01,2001-09-01,22,21,806,,,,,False,True
007460,에이프로젠,1999-12-01,2026-05-01,318,316,279,에이프로젠,유가,의약품 제조업,1995-07-08,True,False
007480,대한은박지,1999-12-01,2012-12-01,157,154,807,,,,,False,True
007490,태창기업(주),1999-12-01,2010-04-01,125,124,808,,,,,False,True
007540,샘표,1999-12-01,2026-05-01,318,317,319,샘표,유가,기타 금융업,1976-06-29,True,False
007570,일양약품,1999-12-01,2026-05-01,318,316,239,일양약품,유가,의약품 제조업,1974-08-28,True,False
007590,동방아그로,1999-12-01,2026-05-01,318,317,282,동방아그로,유가,"비료, 농약 및 살균, 살충제 제조업",1977-06-29,True,False
007610,선도전기,1999-12-01,2026-05-01,318,316,285,선도전기,유가,"전동기, 발전기 및 전기 변환 · 공급 · 제어 장치 제조업",1989-11-30,True,False
007630,(주)폴루스바이오팜,1999-12-01,2022-01-01,266,262,288,,,,,False,True
007660,이수페타시스,2000-08-01,2026-05-01,310,309,322,이수페타시스,유가,전자부품 제조업,2003-10-07,True,False
007690,국도화학,1999-12-01,2026-05-01,318,317,325,국도화학,유가,기초 화학물질 제조업,1989-08-05,True,False
007700,F&F홀딩스,1999-12-01,2026-05-01,318,316,328,F&F 홀딩스,유가,기타 금융업,1984-10-04,True,False
007810,코리아써키트,1999-12-01,2026-05-01,318,317,331,코리아써키트,유가,전자부품 제조업,1985-09-09,True,False
007860,서연,1999-12-01,2026-05-01,318,316,334,서연,유가,기타 금융업,1989-09-09,True,False
007910,세원화성(주),1999-12-01,2005-01-01,62,61,809,,,,,False,True
007980,TP,1999-12-01,2026-05-01,318,317,337,TP,유가,봉제의복 제조업,1994-12-27,True,False
008000,도레이케미칼(주),1999-12-01,2018-02-01,219,217,242,,,,,False,True
008020,경남에너지(주),1999-12-01,2016-04-01,197,196,340,,,,,False,True
008040,사조동아원,1999-12-01,2026-05-01,318,316,343,사조동아원,유가,"곡물가공품, 전분 및 전분제품 제조업",1989-06-24,True,False
008060,대덕,1999-12-01,2026-05-01,318,317,245,대덕,유가,기타 금융업,1989-01-26,True,False
008080,에스와이코퍼레이션,1999-12-01,2013-08-01,165,162,810,,,,,False,True
008110,대동전자,1999-12-01,2026-02-01,315,314,291,,,,,False,True
008120,엠소닉,1999-12-01,2026-04-01,205,200,294,,,,,False,True
008250,이건산업,1999-12-01,2026-05-01,318,316,346,이건산업,유가,나무제품 제조업,1988-10-21,True,False
008260,NI스틸,1999-12-01,2026-05-01,318,313,297,NI스틸,유가,1차 철강 제조업,1975-06-28,True,False
008320,한국기술산업,1999-12-01,2010-02-01,123,119,811,,,,,False,True
008350,남선알미늄,1999-12-01,2026-05-01,318,316,349,남선알미늄,유가,1차 비철금속 제조업,1978-05-22,True,False
008400,(주)씨앤중공업,1999-12-01,2009-04-01,113,110,812,,,,,False,True
008420,문배철강,1999-12-01,2026-05-01,318,317,300,문배철강,유가,1차 철강 제조업,1994-11-05,True,False
008440,(주)아이넥스테크놀로지,1999-12-01,2002-03-01,28,27,813,,,,,False,True
008480,KEP전자(주),1999-12-01,2002-03-01,28,27,814,,,,,False,True
008490,서흥,1999-12-01,2026-05-01,318,317,248,서흥,유가,기타 화학제품 제조업,1990-03-27,True,False
008500,일정실업,1999-12-01,2026-05-01,318,315,303,,,,,False,False
008540,케이비물산,1999-12-01,2012-05-01,150,148,815,,,,,False,True
008600,윌비스,1999-12-01,2026-05-01,318,317,306,윌비스,유가,생활용품 도매업,1989-07-28,True,False
008640,우성건설,1999-12-01,2000-12-01,13,12,816,,,,,False,True
008690,비에스한양,1999-12-01,2026-04-01,155,152,309,,,,,False,True
008700,아남전자,1999-12-01,2026-05-01,318,313,312,아남전자,유가,영상 및 음향기기 제조업,1984-08-11,True,False
008720,삼양엔텍,1999-12-01,2014-11-01,180,179,817,,,,,False,True
008730,율촌화학,1999-12-01,2026-05-01,318,317,352,율촌화학,유가,플라스틱제품 제조업,1988-08-30,True,False
008750,범양식품,1999-12-01,2003-11-01,48,47,818,,,,,False,True
008770,호텔신라,1999-12-01,2026-05-01,318,317,251,호텔신라,유가,기타 상품 전문 소매업,1991-03-12,True,False
008870,금비,1999-12-01,2026-05-01,318,317,315,금비,유가,유리 및 유리제품 제조업,1990-06-08,True,False
008900,티이씨앤코,1999-12-01,2016-04-01,197,195,318,,,,,False,True
008930,한미사이언스,1999-12-01,2026-05-01,318,315,254,한미사이언스,유가,기타 금융업,1988-06-20,True,False
008970,KBI동양철관,1999-12-01,2026-05-01,318,317,321,KBI동양철관,유가,1차 철강 제조업,1977-03-05,True,False
009050,대한알루미늄공업(주),1999-12-01,2001-02-01,15,14,819,,,,,False,True
009070,KCTC,1999-12-01,2026-05-01,318,315,324,케이씨티시,유가,도로 화물 운송업,1978-09-29,True,False
009080,태평양종합산업,1999-12-01,2005-07-01,68,67,820,,,,,False,True
009140,경인전자,1999-12-01,2026-05-01,318,316,327,케이아이이,유가,전자부품 제조업,1989-06-20,True,False
009150,삼성전기,1999-12-01,2026-05-01,318,316,257,삼성전기,유가,전자부품 제조업,1979-02-27,True,False
009160,SIMPAC,1999-12-01,2026-05-01,318,317,355,SIMPAC,유가,1차 철강 제조업,1989-07-29,True,False
009180,한솔로지스틱스,1999-12-01,2026-05-01,318,316,358,한솔로지스틱스,유가,기타 운송관련 서비스업,1989-11-13,True,False
009190,대양금속,1999-12-01,2026-05-01,318,316,330,대양금속,유가,1차 철강 제조업,1994-04-29,True,False
009200,무림페이퍼,1999-12-01,2026-05-01,318,317,333,무림페이퍼,유가,"펄프, 종이 및 판지 제조업",1990-06-09,True,False
009240,한샘,2002-07-01,2026-05-01,287,286,260,한샘,유가,생활용품 도매업,2002-07-16,True,False
009270,신원,1999-12-01,2026-05-01,318,317,361,신원,유가,봉제의복 제조업,1988-08-24,True,False
009280,다함이텍,1999-12-01,2026-04-01,241,239,821,,,,,False,True
009290,광동제약,1999-12-01,2026-05-01,318,317,263,광동제약,유가,의약품 제조업,1989-11-17,True,False
009310,참엔지니어링,1999-12-01,2026-05-01,318,316,336,참엔지니어링,유가,특수 목적용 기계 제조업,1987-11-12,True,False
009320,아진전자부품,1999-12-01,2026-05-01,318,315,339,아진전자부품,유가,자동차 신품 부품 제조업,1989-08-25,True,False
009330,(주)삼애인더스,1999-12-01,2002-09-01,34,32,822,,,,,False,True
009360,베네데스하이텍,1999-12-01,2005-03-01,64,62,823,,,,,False,True
009380,아세아페이퍼텍(주),1999-12-01,2012-12-01,157,156,824,,,,,False,True
009410,태영건설,1999-12-01,2026-05-01,318,317,364,태영건설,유가,토목 건설업,1989-11-13,True,False
009420,한올바이오파마,1999-12-01,2026-05-01,318,316,367,한올바이오파마,유가,의약품 제조업,1989-12-18,True,False
009440,KC그린홀딩스,1999-12-01,2026-05-01,318,317,370,KC그린홀딩스,유가,기타 금융업,1994-11-05,True,False
009450,경동나비엔,1999-12-01,2026-05-01,318,317,373,경동나비엔,유가,가정용 기기 제조업,1993-08-31,True,False
009460,한창제지,1999-12-01,2026-05-01,318,317,342,한창제지,유가,"펄프, 종이 및 판지 제조업",1987-12-23,True,False
009470,삼화전기,1999-12-01,2026-05-01,318,316,345,삼화전기,유가,전자부품 제조업,1986-11-24,True,False
009540,HD한국조선해양,1999-12-01,2026-05-01,318,317,266,HD한국조선해양,유가,기타 금융업,1999-08-24,True,False
009580,무림P&P,1999-12-01,2026-05-01,318,316,376,무림P&P,유가,"펄프, 종이 및 판지 제조업",1989-06-20,True,False
009680,모토닉,1999-12-01,2026-05-01,318,317,269,모토닉,유가,자동차 신품 부품 제조업,1994-01-14,True,False
009690,케이엠에이치(주),1999-12-01,2009-04-01,113,112,825,,,,,False,True
009720,한국전기초자(주),1999-12-01,2011-01-01,134,133,826,,,,,False,True
009760,한국지주(주),1999-12-01,2005-03-01,64,63,827,,,,,False,True
009770,삼정펄프,2006-10-01,2026-05-01,236,235,379,삼정펄프,유가,"펄프, 종이 및 판지 제조업",2006-10-17,True,False
009790,(주)휴닉스,1999-12-01,2003-09-01,46,44,828,,,,,False,True
009810,플레이그램,1999-12-01,2026-05-01,318,315,348,MDS스피어,유가,기타 전문 도매업,1988-08-31,True,False
009830,한화솔루션,1999-12-01,2026-05-01,318,317,272,한화솔루션,유가,기초 화학물질 제조업,1974-06-19,True,False
009840,(주)갑을,1999-12-01,2003-03-01,40,37,829,,,,,False,True
009890,맥슨텔레콤(주),1999-12-01,2005-03-01,64,63,830,,,,,False,True
009900,명신산업,2020-12-01,2026-05-01,66,65,831,명신산업,유가,자동차 신품 부품 제조업,2020-12-07,True,False
009940,대아리드선(주),1999-12-01,2005-03-01,64,61,832,,,,,False,True
009970,영원무역홀딩스,1999-12-01,2026-05-01,318,317,275,영원무역홀딩스,유가,기타 금융업,1988-11-07,True,False
010040,한국내화,1999-12-01,2026-05-01,318,316,351,한국내화,유가,"내화, 비내화 요업제품 제조업",2000-10-16,True,False
010060,OCI홀딩스,1999-12-01,2026-05-01,318,316,278,OCI홀딩스,유가,기타 금융업,1985-07-09,True,False
010090,이마트에브리데이,1999-12-01,2024-06-01,171,168,382,,,,,False,True
010100,한국무브넥스,1999-12-01,2026-05-01,318,317,385,한국무브넥스,유가,자동차 신품 부품 제조업,1987-10-02,True,False
010110,고려화학,1999-12-01,2000-03-01,4,3,833,,,,,False,True
010120,LS ELECTRIC,1999-12-01,2026-05-01,318,317,281,엘에스일렉트릭,유가,"전동기, 발전기 및 전기 변환 · 공급 · 제어 장치 제조업",1994-07-11,True,False
010130,고려아연,1999-12-01,2026-05-01,318,317,284,고려아연,유가,1차 비철금속 제조업,1990-07-28,True,False
010140,삼성중공업,1999-12-01,2026-05-01,318,317,287,삼성중공업,유가,선박 및 보트 건조업,1994-01-28,True,False
010150,포스코티엠씨,1999-12-01,2016-10-01,71,67,834,,,,,False,True
010200,극동제혁,1999-12-01,2004-09-01,58,57,835,,,,,False,True
010330,라미화장품,1999-12-01,2003-03-01,40,38,836,,,,,False,True
010400,우진아이엔에스,2018-09-01,2026-05-01,93,92,837,우진아이엔에스,유가,건물설비 설치 공사업,2018-09-14,True,False
010420,한솔PNS,1999-12-01,2025-08-01,309,307,354,,,,,False,True
010460,(주)화인자산관리,1999-12-01,2014-03-01,172,170,838,,,,,False,True
010510,일진,1999-12-01,2003-10-01,47,46,839,,,,,False,True
010520,현대하이스코,1999-12-01,2015-06-01,187,186,290,,,,,False,True
010580,에스엠벡셀,1999-12-01,2026-05-01,318,316,357,에스엠벡셀,유가,자동차 신품 부품 제조업,1994-12-27,True,False
010600,웰바이오텍,1999-12-01,2025-12-01,313,310,360,,,,,False,True
010620,HD현대미포,1999-12-01,2025-11-01,312,311,293,,,,,False,True
010640,진양폴리,1999-12-01,2026-05-01,318,317,363,진양폴리우레탄,유가,플라스틱제품 제조업,1989-09-30,True,False
010660,화천기계,1999-12-01,2026-05-01,318,317,366,화천기계,유가,특수 목적용 기계 제조업,1988-12-12,True,False
010690,화신,1999-12-01,2026-05-01,318,317,388,화신,유가,자동차 신품 부품 제조업,1994-01-14,True,False
010730,금강화섬(주),1999-12-01,2004-06-01,55,54,840,,,,,False,True
010770,평화홀딩스,1999-12-01,2026-05-01,318,316,369,평화홀딩스,유가,자동차 신품 부품 제조업,1986-03-31,True,False
010780,아이에스동서,1999-12-01,2026-05-01,318,316,296,아이에스동서,유가,"시멘트, 석회, 플라스터 및 그 제품 제조업",1986-01-27,True,False
010820,퍼스텍,1999-12-01,2026-05-01,318,316,372,퍼스텍,유가,무기 및 총포탄 제조업,1989-05-10,True,False
010950,S-Oil,1999-12-01,2026-05-01,318,317,299,S-Oil,유가,석유 정제품 제조업,1987-05-27,True,False
010960,삼호개발,2002-07-01,2026-05-01,287,283,375,삼호개발,유가,기반조성 및 시설물 축조관련 전문공사업,2005-05-12,True,False
011000,진원생명과학,1999-12-01,2026-05-01,318,309,391,진원생명과학,유가,의약품 제조업,1987-11-16,True,False
011020,코오롱유화,1999-12-01,2007-05-01,90,89,841,,,,,False,True
011050,케드콤,1999-12-01,2010-06-01,127,126,842,,,,,False,True
011070,LG이노텍,2008-07-01,2026-05-01,215,214,302,LG이노텍,유가,전자부품 제조업,2008-07-24,True,False
011090,에넥스,1999-12-01,2026-05-01,318,317,378,에넥스,유가,가구 제조업,1995-07-08,True,False
011150,CJ씨푸드,1999-12-01,2026-05-01,318,315,381,CJ씨푸드,유가,기타 식품 제조업,1988-11-26,True,False
011160,두산건설(주),1999-12-01,2020-02-01,243,240,305,,,,,False,True
011170,롯데케미칼,1999-12-01,2026-05-01,318,317,308,롯데케미칼,유가,기초 화학물질 제조업,1991-05-30,True,False
011200,HMM,1999-12-01,2026-05-01,318,317,311,HMM,유가,해상 운송업,1995-10-05,True,False
011210,현대위아,2011-02-01,2026-05-01,184,183,314,현대위아,유가,자동차 신품 부품 제조업,2011-02-21,True,False
011230,삼화전자,1999-12-01,2026-05-01,318,315,384,삼화전자공업,유가,영상 및 음향기기 제조업,1987-05-25,True,False
011280,태림포장,1999-12-01,2026-05-01,318,317,394,태림포장,유가,"골판지, 종이 상자 및 종이용기 제조업",1988-12-20,True,False
011290,갑을방적(주),1999-12-01,2001-02-01,15,13,843,,,,,False,True
011300,우성머티리얼스,1999-12-01,2026-05-01,318,316,387,우성머티리얼스,유가,직물직조 및 직물제품 제조업,1995-11-10,True,False
011330,유니켐,1999-12-01,2026-05-01,318,317,390,유니켐,유가,자동차 신품 부품 제조업,1989-12-14,True,False
011390,부산산업,1999-12-01,2026-05-01,318,316,393,부산산업,유가,"시멘트, 석회, 플라스터 및 그 제품 제조업",1990-09-14,True,False
011400,아진카인텍,1999-12-01,2026-04-01,184,180,844,,,,,False,True
011420,갤럭시아에스엠,1999-12-01,2026-05-01,318,317,396,갤럭시아에스엠,유가,스포츠 서비스업,1989-11-14,True,False
011450,클라리언트피그먼트코리아(주),1999-12-01,2001-11-01,24,23,845,,,,,False,True
011500,한농화성,2003-01-01,2026-05-01,281,279,399,한농화성,유가,기타 화학제품 제조업,2003-01-09,True,False
011510,(주)청구,1999-12-01,2002-03-01,28,27,846,,,,,False,True
011650,엘지정보통신,1999-12-01,2000-08-01,9,8,847,,,,,False,True
011690,와이투솔루션,1999-12-01,2026-05-01,318,317,402,와이투솔루션,유가,반도체 제조업,1995-12-21,True,False
011700,한신기계,1999-12-01,2026-05-01,318,317,405,한신기계공업,유가,일반 목적용 기계 제조업,1987-07-24,True,False
011720,현대페인트,1999-12-01,2016-10-01,203,199,408,,,,,False,True
011760,현대코퍼레이션,1999-12-01,2026-05-01,318,316,317,현대코퍼레이션,유가,상품 종합 도매업,1977-12-01,True,False
011780,금호석유화학,1999-12-01,2026-05-01,318,316,320,금호석유화학,유가,기초 화학물질 제조업,1988-01-22,True,False
011790,SKC,1999-12-01,2026-05-01,318,316,323,SKC,유가,기타 화학제품 제조업,1997-07-18,True,False
011800,배명금속,1999-12-01,2012-08-01,153,151,848,,,,,False,True
011810,STX,1999-12-01,2026-05-01,318,312,397,STX,유가,상품 종합 도매업,1990-09-12,True,False
011840,(주)계몽사,1999-12-01,2003-04-01,41,38,849,,,,,False,True
011930,신성이엔지,1999-12-01,2026-05-01,318,317,411,신성이엔지,유가,반도체 제조업,1996-07-31,True,False
012030,DB,1999-12-01,2026-05-01,318,317,414,DB,유가,"컴퓨터 프로그래밍, 시스템 통합 및 관리업",1993-01-06,True,False
012090,성원건설(주),1999-12-01,2010-04-01,125,123,850,,,,,False,True
0120G0,삼양바이오팜,2025-11-01,2026-05-01,7,6,851,삼양바이오팜,유가,의약품 제조업,2025-11-24,True,False
012160,영흥,2010-01-01,2026-05-01,197,196,400,영흥,유가,1차 철강 제조업,2010-01-25,True,False
012170,아센디오,1999-12-01,2026-05-01,318,312,417,아센디오,유가,"영화, 비디오물, 방송프로그램 제작 및 배급업",1989-12-20,True,False
012200,계양전기,1999-12-01,2026-05-01,318,316,403,계양전기,유가,일반 목적용 기계 제조업,1988-07-06,True,False
012250,(주)셰프라인,1999-12-01,2005-03-01,64,63,852,,,,,False,True
012260,이지닷컴,1999-12-01,2002-03-01,28,27,853,,,,,False,True
012270,동신,1999-12-01,2003-09-01,46,45,854,,,,,False,True
012280,영화금속,1999-12-01,2026-05-01,318,316,420,영화금속,유가,자동차 신품 부품 제조업,1990-01-25,True,False
012320,경동인베스트,1999-12-01,2026-05-01,318,316,406,경동인베스트,유가,기타 금융업,1997-03-07,True,False
012330,현대모비스,1999-12-01,2026-05-01,318,317,326,현대모비스,유가,자동차 신품 부품 제조업,1989-09-05,True,False
012400,(주)허메스홀딩스,1999-12-01,2012-05-01,150,148,855,,,,,False,True
012410,글로스텍,1999-12-01,2013-05-01,162,161,856,,,,,False,True
012450,한화에어로스페이스,1999-12-01,2026-05-01,318,317,329,한화에어로스페이스,유가,"항공기,우주선 및 부품 제조업",1987-05-27,True,False
012510,더존비즈온,1999-12-01,2026-05-01,318,316,409,,,,,False,False
012580,신세계톰보이,1999-12-01,2026-04-01,267,263,412,,,,,False,True
012600,청호ICT,1999-12-01,2025-04-01,305,301,423,,,,,False,True
012610,경인양행,1999-12-01,2026-05-01,318,316,415,경인양행,유가,기초 화학물질 제조업,1995-10-05,True,False
012630,HDC,1999-12-01,2026-05-01,318,317,332,HDC,유가,기타 금융업,1996-10-16,True,False
012670,환영철강공업,1999-12-01,2026-04-01,161,157,857,,,,,False,True
012690,모나리자,1999-12-01,2026-05-01,318,314,418,모나리자,유가,기타 종이 및 판지 제품 제조업,1988-10-14,True,False
0126Z0,삼성에피스홀딩스,2025-11-01,2026-05-01,7,6,858,삼성에피스홀딩스,유가,기타 금융업,2025-11-24,True,False
012720,(주)건영,1999-12-01,2003-09-01,46,45,859,,,,,False,True
012750,에스원,1999-12-01,2026-05-01,318,317,335,에스원,유가,"경비, 경호 및 탐정업",1996-01-30,True,False
012760,동아,1999-12-01,2026-04-01,196,182,426,,,,,False,True
012800,대창,1999-12-01,2026-05-01,318,317,429,대창,유가,1차 비철금속 제조업,1989-12-05,True,False
012990,LG석유화학,2001-07-01,2007-10-01,76,75,860,,,,,False,True
013000,세우글로벌,1999-12-01,2026-05-01,318,315,432,세우글로벌,유가,기타 전문 도매업,1989-09-05,True,False
013090,인켈,1999-12-01,2023-03-01,124,88,861,,,,,False,True
013200,(주)우방,1999-12-01,2009-04-01,113,110,862,,,,,False,True
013240,(주)셀런,1999-12-01,2011-03-01,136,134,863,,,,,False,True
013250,대양상호신용금고,1999-12-01,2002-09-01,34,31,864,,,,,False,True
013360,일성건설,1999-12-01,2026-05-01,318,313,435,일성건설,유가,토목 건설업,1989-12-02,True,False
013520,화승코퍼레이션,1999-12-01,2026-05-01,318,317,421,화승코퍼레이션,유가,자동차 신품 부품 제조업,1991-02-22,True,False
013570,디와이,1999-12-01,2026-05-01,318,317,424,디와이,유가,기타 금융업,1989-05-30,True,False
013580,계룡건설,1999-12-01,2026-05-01,318,317,438,계룡건설산업,유가,토목 건설업,1996-01-30,True,False
013700,까뮤이앤씨,1999-12-01,2026-05-01,318,315,441,까뮤이앤씨,유가,건물 건설업,1989-11-30,True,False
013870,지엠비코리아,2012-11-01,2026-05-01,163,162,427,지엠비코리아,유가,자동차 신품 부품 제조업,2012-11-20,True,False
013890,지누스,1999-12-01,2026-05-01,206,201,444,지누스,유가,가구 제조업,2019-10-30,True,False
014010,인터피온반도체,1999-12-01,2005-11-01,72,69,865,,,,,False,True
014040,GPS,1999-12-01,2002-10-01,35,33,866,,,,,False,True
014080,뉴맥스,1999-12-01,2001-03-01,16,15,867,,,,,False,True
014130,한익스프레스,1999-12-01,2026-05-01,318,315,447,한익스프레스,유가,도로 화물 운송업,1989-07-25,True,False
014160,대영포장,1999-12-01,2026-05-01,318,316,450,대영포장,유가,"골판지, 종이 상자 및 종이용기 제조업",1990-03-06,True,False
014280,금강공업,1999-12-01,2026-05-01,318,317,430,금강공업,유가,1차 철강 제조업,1988-09-10,True,False
014300,선진지주,1999-12-01,2012-12-01,157,156,868,,,,,False,True
014350,(주)신일건업,1999-12-01,2015-03-01,184,183,453,,,,,False,True
014440,영보화학,1999-12-01,2026-05-01,318,316,456,영보화학,유가,플라스틱제품 제조업,1997-08-27,True,False
014530,극동유화,1999-12-01,2026-05-01,318,317,459,극동유화,유가,석유 정제품 제조업,1991-01-31,True,False
014580,태경비케이,1999-12-01,2026-05-01,318,317,462,태경비케이,유가,"시멘트, 석회, 플라스터 및 그 제품 제조업",1991-03-07,True,False
014590,(주)지앤엘,1999-12-01,2011-04-01,137,135,869,,,,,False,True
014680,한솔케미칼,1999-12-01,2026-05-01,318,317,338,한솔케미칼,유가,기초 화학물질 제조업,1989-05-20,True,False
014710,사조씨푸드,2012-06-01,2026-05-01,168,167,433,사조씨푸드,유가,수산물 가공 및 저장 처리업,2012-06-29,True,False
014740,금호케미칼(주),1999-12-01,2000-12-01,13,12,870,,,,,False,True
014790,HL D&I,1999-12-01,2026-05-01,318,316,436,HL D&I,유가,토목 건설업,1994-08-12,True,False
014820,동원시스템즈,1999-12-01,2026-05-01,318,317,341,동원시스템즈,유가,플라스틱제품 제조업,1994-03-29,True,False
014830,유니드,2004-12-01,2026-05-01,258,257,439,유니드,유가,기초 화학물질 제조업,2004-12-03,True,False
014900,(주)에스컴,1999-12-01,2007-03-01,88,86,871,,,,,False,True
014910,성문전자,1999-12-01,2026-05-01,318,317,465,성문전자,유가,전자부품 제조업,1990-03-24,True,False
014990,인디에프,1999-12-01,2026-05-01,318,315,468,인디에프,유가,봉제의복 제조업,1989-06-20,True,False
015020,이스타코,1999-12-01,2026-05-01,318,314,442,이스타코,유가,부동산 임대 및 공급업,1988-12-23,True,False
015110,(주)중앙건설,1999-12-01,2012-11-01,156,154,872,,,,,False,True
015230,대창단조,1999-12-01,2026-05-01,318,317,471,대창단조,유가,자동차 신품 부품 제조업,1989-07-25,True,False
015260,에이엔피,1999-12-01,2026-05-01,318,316,474,에이엔피,유가,전자부품 제조업,1988-01-18,True,False
015350,(주)부산도시가스,1999-12-01,2021-12-01,265,264,445,,,,,False,True
015360,INVENI,1999-12-01,2026-05-01,318,317,448,INVENI,유가,회사 본부 및 경영 컨설팅 서비스업,1996-12-24,True,False
015540,(주)에코바이브,1999-12-01,2023-10-01,287,284,477,,,,,False,True
015590,DKME,1999-12-01,2026-05-01,318,317,480,DKME,유가,일반 목적용 기계 제조업,1989-05-27,True,False
015670,AP우주통신,1999-12-01,2007-08-01,93,91,873,,,,,False,True
015760,한국전력,1999-12-01,2026-05-01,318,317,344,한국전력공사,유가,전기업,1989-08-10,True,False
015860,일진홀딩스,1999-12-01,2026-05-01,318,317,451,일진홀딩스,유가,기타 금융업,1990-03-22,True,False
015880,태화쇼핑,1999-12-01,2001-08-01,21,20,874,,,,,False,True
015890,태경산업,1999-12-01,2026-05-01,318,317,454,태경산업,유가,기초 화학물질 제조업,1996-01-30,True,False
015940,(주)엘지데이콤,1999-12-01,2009-12-01,121,120,875,,,,,False,True
016090,대현,1999-12-01,2026-05-01,318,317,457,대현,유가,봉제의복 제조업,1990-09-20,True,False
016160,(주)오라바이오틱스,1999-12-01,2011-03-01,136,135,876,,,,,False,True
016380,KG스틸,1999-12-01,2026-05-01,318,316,483,KG스틸,유가,1차 철강 제조업,1986-02-03,True,False
016450,한세예스24홀딩스,1999-12-01,2026-05-01,318,317,347,한세예스24홀딩스,유가,봉제의복 제조업,2000-01-06,True,False
016510,현대DSF,1999-12-01,2011-06-01,139,138,877,,,,,False,True
016550,한별텔레콤(주),1999-12-01,2002-03-01,28,27,878,,,,,False,True
016570,(주)에스트라,1999-12-01,2013-02-01,159,158,879,,,,,False,True
016580,환인제약,1999-12-01,2026-05-01,318,317,350,환인제약,유가,의약품 제조업,1996-07-03,True,False
016590,신대양제지,1999-12-01,2026-05-01,318,317,460,신대양제지,유가,"골판지, 종이 상자 및 종이용기 제조업",1995-12-21,True,False
016710,대성홀딩스,1999-12-01,2026-05-01,318,317,463,대성홀딩스,유가,회사 본부 및 경영 컨설팅 서비스업,1999-12-22,True,False
016740,두올,2016-07-01,2026-05-01,119,118,880,두올,유가,자동차 신품 부품 제조업,2016-07-29,True,False
016800,퍼시스,1999-12-01,2026-05-01,318,317,466,퍼시스,유가,가구 제조업,1996-12-24,True,False
016880,웅진,1999-12-01,2026-05-01,318,316,469,웅진,유가,기타 금융업,1994-11-05,True,False
016970,씨크롭,1999-12-01,2006-06-01,79,77,881,,,,,False,True
017040,광명전기,1999-12-01,2026-05-01,318,316,472,광명전기,유가,"전동기, 발전기 및 전기 변환 · 공급 · 제어 장치 제조업",1990-09-14,True,False
017120,(주)바로크가구,1999-12-01,2001-06-01,19,17,882,,,,,False,True
017170,(주)훈영,1999-12-01,2011-04-01,137,133,883,,,,,False,True
017180,명문제약,2008-07-01,2026-05-01,215,214,486,명문제약,유가,의약품 제조업,2008-07-10,True,False
017300,(주)에이치비이에너지,1999-12-01,2010-03-01,124,121,884,,,,,False,True
017320,태일정밀,1999-12-01,2001-03-01,16,15,885,,,,,False,True
017370,우신시스템,2001-08-01,2026-05-01,298,296,489,우신시스템,유가,특수 목적용 기계 제조업,2002-05-28,True,False
017390,서울가스,1999-12-01,2026-05-01,318,317,353,서울도시가스,유가,연료용 가스 제조 및 배관공급업,1995-08-18,True,False
017550,수산세보틱스,1999-12-01,2026-05-01,318,316,492,수산세보틱스,유가,특수 목적용 기계 제조업,1991-08-30,True,False
017670,SK텔레콤,1999-12-01,2026-05-01,318,317,356,SK텔레콤,유가,전기 통신업,1989-11-07,True,False
017800,현대엘리베이터,1999-12-01,2026-05-01,318,313,359,현대엘리베이터,유가,일반 목적용 기계 제조업,1996-07-03,True,False
017810,풀무원,1999-12-01,2026-05-01,318,317,362,풀무원,유가,기타 식품 제조업,1995-10-05,True,False
017860,DS단석,2023-12-01,2026-05-01,30,28,886,DS단석,유가,기타 화학제품 제조업,2023-12-22,True,False
017900,광전자,1999-12-01,2026-05-01,318,316,495,광전자,유가,반도체 제조업,1996-10-16,True,False
017940,E1,1999-12-01,2026-05-01,318,317,365,E1,유가,기타 전문 도매업,1997-08-27,True,False
017960,한국카본,1999-12-01,2026-05-01,318,317,475,한국카본,유가,"구조용 금속제품, 탱크 및 증기발생기 제조업",1995-07-08,True,False
018020,스타리스(주),1999-12-01,2003-10-01,47,45,887,,,,,False,True
018250,애경산업,2018-03-01,2026-05-01,99,98,888,애경산업,유가,기타 화학제품 제조업,2018-03-22,True,False
018260,삼성에스디에스,2014-08-01,2026-05-01,142,141,368,삼성에스디에스,유가,"컴퓨터 프로그래밍, 시스템 통합 및 관리업",2014-11-14,True,False
018360,삼성메디슨,1999-12-01,2026-04-01,168,164,371,,,,,False,True
018410,현대금속,1999-12-01,2010-04-01,125,121,889,,,,,False,True
018470,조일알미늄,1999-12-01,2026-05-01,318,317,498,조일알미늄,유가,1차 비철금속 제조업,1988-11-22,True,False
018500,동원금속,1999-12-01,2026-05-01,318,315,501,동원모빌리티,유가,자동차 신품 부품 제조업,1995-11-10,True,False
018550,한국안전유리,1999-12-01,2000-04-01,5,4,890,,,,,False,True
018570,(주)엠비메탈,1999-12-01,2002-04-01,29,27,891,,,,,False,True
018590,KNC,1999-12-01,2003-12-01,49,48,892,,,,,False,True
018670,SK가스,1999-12-01,2026-05-01,318,317,374,SK가스,유가,기타 전문 도매업,1997-08-27,True,False
018880,한온시스템,1999-12-01,2026-05-01,318,317,377,한온시스템,유가,일반 목적용 기계 제조업,1996-07-31,True,False
019170,신풍제약,1999-12-01,2026-05-01,318,316,478,신풍제약,유가,의약품 제조업,1990-01-20,True,False
019180,티에이치엔,1999-12-01,2026-05-01,318,317,504,티에이치엔,유가,기타 전기장비 제조업,1996-07-31,True,False
019300,태림페이퍼,1999-12-01,2016-07-01,200,199,507,,,,,False,True
019440,세아특수강,2011-06-01,2026-01-01,176,175,481,,,,,False,True
019490,엑시큐어하이트론,1999-12-01,2026-05-01,318,316,510,엑시큐어하이트론,유가,영상 및 음향기기 제조업,1998-11-04,True,False
019680,대교,2004-02-01,2026-05-01,268,267,380,대교,유가,초등 교육기관,2004-02-03,True,False
019930,기라정보통신(주),1999-12-01,2004-01-01,50,49,893,,,,,False,True
020000,한섬,1999-12-01,2026-05-01,318,317,383,한섬,유가,봉제의복 제조업,1996-07-03,True,False
020120,키다리스튜디오,1999-12-01,2026-05-01,318,316,513,키다리스튜디오,유가,"자료처리, 호스팅, 포털 및 기타 인터넷 정보매개 서비스업",1996-07-03,True,False
020150,롯데에너지머티리얼즈,2011-03-01,2026-05-01,183,182,484,롯데에너지머티리얼즈,유가,전자부품 제조업,2011-03-04,True,False
020560,아시아나항공,1999-12-01,2026-05-01,318,317,386,아시아나항공,유가,항공 여객 운송업,2008-03-28,True,False
020760,일진디스플,2002-01-01,2026-05-01,293,292,487,일진디스플,유가,반도체 제조업,2002-01-09,True,False
021050,서원,1999-12-01,2026-05-01,318,316,516,서원,유가,금속 주조업,1996-01-30,True,False
021240,코웨이,1999-12-01,2026-05-01,318,317,389,코웨이,유가,그외 기타 개인 서비스업,2001-08-07,True,False
021820,세원정공,1999-12-01,2026-05-01,318,316,490,세원정공,유가,자동차 신품 부품 제조업,1996-07-03,True,False
022100,포스코DX,2000-11-01,2026-05-01,307,305,392,포스코DX,유가,"건축기술, 엔지니어링 및 관련 기술 서비스업",2024-01-02,True,False
022520,코오롱아이넷,2001-09-01,2011-12-01,124,121,894,,,,,False,True
023000,삼원강재,2011-07-01,2026-05-01,179,178,493,삼원강재,유가,자동차 신품 부품 제조업,2011-07-22,True,False
023150,MH에탄올,1999-12-01,2026-05-01,318,317,519,MH에탄올,유가,알코올음료 제조업,1996-12-24,True,False
023350,한국종합기술,2011-04-01,2026-05-01,182,181,522,한국종합기술,유가,"건축기술, 엔지니어링 및 관련 기술 서비스업",2011-04-28,True,False
023450,동남합성,1999-12-01,2026-05-01,318,315,525,동남합성,유가,기초 화학물질 제조업,1996-12-24,True,False
023530,롯데쇼핑,2006-02-01,2026-05-01,244,243,395,롯데쇼핑,유가,종합 소매업,2006-02-09,True,False
023590,다우기술,1999-12-01,2026-05-01,318,317,398,다우기술,유가,"자료처리, 호스팅, 포털 및 기타 인터넷 정보매개 서비스업",1997-08-27,True,False
023800,인지컨트롤스,1999-12-01,2026-05-01,318,317,528,인지컨트롤스,유가,자동차 신품 부품 제조업,1997-06-23,True,False
023810,인팩,1999-12-01,2026-05-01,318,316,531,인팩,유가,자동차 신품 부품 제조업,2004-09-21,True,False
023960,에쓰씨엔지니어링,1999-12-01,2026-05-01,318,313,534,에쓰씨엔지니어링,유가,토목 건설업,1997-06-23,True,False
024070,WISCOM,1999-12-01,2026-05-01,318,317,537,WISCOM,유가,플라스틱제품 제조업,1996-11-22,True,False
024090,디씨엠,1999-12-01,2026-05-01,318,317,496,디씨엠,유가,1차 철강 제조업,1999-08-18,True,False
024720,콜마홀딩스,1999-12-01,2026-05-01,318,316,401,콜마홀딩스,유가,기타 금융업,2002-04-09,True,False
024870,(주)유성티에스아이,1999-12-01,2010-04-01,125,121,895,,,,,False,True
024890,대원화성,1999-12-01,2026-05-01,318,317,540,대원화성,유가,플라스틱제품 제조업,1997-10-28,True,False
024900,디와이덕양,1999-12-01,2026-05-01,318,316,543,디와이덕양,유가,자동차 신품 부품 제조업,1997-06-23,True,False
025000,KPX케미칼,1999-12-01,2026-05-01,318,317,499,KPX케미칼,유가,기초 화학물질 제조업,1994-12-27,True,False
025530,SJM홀딩스,1999-12-01,2026-05-01,318,317,546,에스제이엠홀딩스,유가,자동차 부품 및 내장품 판매업,1997-02-12,True,False
025540,한국단자,1999-12-01,2026-05-01,318,317,404,한국단자공업,유가,"전동기, 발전기 및 전기 변환 · 공급 · 제어 장치 제조업",1996-10-16,True,False
025560,미래산업,1999-12-01,2026-05-01,318,315,549,미래산업,유가,"측정, 시험, 항해, 제어 및 기타 정밀기기 제조업; 광학기기 제외",1996-11-22,True,False
025620,차AI헬스케어,1999-12-01,2026-05-01,318,311,502,차AI헬스케어,유가,기타 화학제품 제조업,1995-07-08,True,False
025750,한솔홈데코,2003-11-01,2026-05-01,271,270,505,한솔홈데코,유가,제재 및 목재 가공업,2003-11-04,True,False
025820,이구산업,1999-12-01,2026-05-01,318,317,552,이구산업,유가,1차 비철금속 제조업,1995-08-18,True,False
025830,한국합섬,1999-12-01,2007-03-01,88,84,896,,,,,False,True
025840,(주)레이디,1999-12-01,2001-12-01,25,24,897,,,,,False,True
025850,한화화인케미칼,1999-12-01,2016-02-01,195,194,555,,,,,False,True
025860,남해화학,1999-12-01,2026-05-01,318,316,407,남해화학,유가,"비료, 농약 및 살균, 살충제 제조업",1995-11-10,True,False
025890,한국주강,1999-12-01,2026-05-01,318,317,558,한국주강,유가,특수 목적용 기계 제조업,1997-07-18,True,False
025930,(주)팬택자산관리,1999-12-01,2007-03-01,88,87,898,,,,,False,True
026870,코원에너지서비스(주),1999-12-01,2012-10-01,155,154,899,,,,,False,True
026890,스틱인베스트먼트,1999-12-01,2026-05-01,318,317,508,스틱인베스트먼트,유가,신탁업 및 집합투자업,1997-11-25,True,False
026940,부국철강,1999-12-01,2026-05-01,318,316,561,부국철강,유가,1차 철강 제조업,2008-10-14,True,False
026960,동서,1999-12-01,2026-05-01,318,317,410,동서,유가,음·식료품 및 담배 도매업,2016-07-15,True,False
027390,(주)한화갤러리아타임월드,1999-12-01,2020-03-01,244,242,413,,,,,False,True
027410,BGF,2014-05-01,2026-05-01,145,144,416,BGF,유가,기타 금융업,2014-05-19,True,False
027740,마니커,2000-12-01,2026-05-01,306,305,564,마니커,유가,"도축, 육류 가공 및 저장 처리업",2002-10-29,True,False
027840,고덴시,1999-12-01,2010-06-01,127,126,900,,,,,False,True
027970,한국제지,1999-12-01,2026-05-01,318,316,567,한국제지,유가,"펄프, 종이 및 판지 제조업",1996-07-03,True,False
028050,삼성E&A,1999-12-01,2026-05-01,318,317,419,삼성E&A,유가,"건축기술, 엔지니어링 및 관련 기술 서비스업",1996-12-24,True,False
028100,동아지질,2009-06-01,2026-05-01,204,203,570,동아지질,유가,기반조성 및 시설물 축조관련 전문공사업,2009-06-12,True,False
028260,삼성물산,2014-12-01,2026-05-01,138,137,422,삼성물산,유가,기타 전문 도매업,2014-12-18,True,False
028670,팬오션,2007-09-01,2026-05-01,225,224,425,팬오션,유가,해상 운송업,2007-09-21,True,False
029460,케이씨,1999-12-01,2026-05-01,318,316,511,케이씨,유가,"측정, 시험, 항해, 제어 및 기타 정밀기기 제조업; 광학기기 제외",1997-11-25,True,False
029530,신도리코,1999-12-01,2026-05-01,318,317,428,신도리코,유가,컴퓨터 및 주변장치 제조업,1996-12-24,True,False
030000,제일기획,1999-12-01,2026-05-01,318,317,431,제일기획,유가,광고업,1998-03-03,True,False
030190,NICE평가정보,2000-05-01,2026-05-01,313,312,514,NICE평가정보,유가,기타 정보 서비스업,2023-08-08,True,False
030200,KT,1999-12-01,2026-05-01,318,317,434,케이티,유가,전기 통신업,1998-12-23,True,False
030710,동아상호신용금고,1999-12-01,2001-06-01,19,18,901,,,,,False,True
030720,동원수산,1999-12-01,2026-05-01,318,316,573,동원수산,유가,어로 어업,1996-11-22,True,False
030790,비케이탑스,2000-12-01,2024-04-01,281,279,576,,,,,False,True
031430,신세계인터내셔날,2011-07-01,2026-05-01,179,178,437,신세계인터내셔날,유가,"섬유, 의복, 신발 및 가죽제품 소매업",2011-07-14,True,False
031440,신세계푸드,2001-07-01,2026-05-01,299,298,440,,,,,False,False
031820,아이티센씨티에스,1999-12-01,2026-05-01,318,317,579,아이티센씨티에스,유가,"컴퓨터 프로그래밍, 시스템 통합 및 관리업",1997-02-12,True,False
032350,롯데관광개발,2006-06-01,2026-05-01,240,238,517,롯데관광개발,유가,여행사 및 기타 여행보조 서비스업,2006-06-08,True,False
032390,KTF,1999-12-01,2009-05-01,114,113,902,,,,,False,True
032560,황금에스티,1999-12-01,2026-05-01,318,316,582,황금에스티,유가,1차 비철금속 제조업,2009-10-29,True,False
032640,LG유플러스,2000-09-01,2026-05-01,309,307,443,LG유플러스,유가,전기 통신업,2008-04-21,True,False
032830,삼성생명,2010-05-01,2026-05-01,193,192,446,삼성생명,유가,보험업,2010-05-12,True,False
033180,KH 필룩스,1999-12-01,2025-12-01,313,308,585,,,,,False,True
033240,자화전자,1999-12-01,2026-05-01,318,317,520,자화전자,유가,전자부품 제조업,1999-01-06,True,False
033250,체시스,1999-12-01,2026-05-01,318,315,588,체시스,유가,자동차 신품 부품 제조업,1999-08-11,True,False
033270,유나이티드제약,1999-12-01,2026-05-01,318,316,523,유나이티드,유가,의약품 제조업,2007-10-23,True,False
033530,SJG세종,1999-12-01,2026-05-01,318,317,526,SJG세종,유가,자동차 신품 부품 제조업,2002-09-25,True,False
033780,KT&G,1999-12-01,2026-05-01,318,317,449,케이티앤지,유가,담배 제조업,1999-10-08,True,False
033920,무학,1999-12-01,2026-05-01,318,316,452,무학,유가,알코올음료 제조업,2010-07-20,True,False
034020,두산에너빌리티,2000-10-01,2026-05-01,308,306,455,두산에너빌리티,유가,일반 목적용 기계 제조업,2000-10-25,True,False
034120,SBS,1999-12-01,2026-05-01,318,317,458,SBS,유가,텔레비전 방송업,2003-06-25,True,False
034220,LG디스플레이,2004-07-01,2026-05-01,263,262,461,LG디스플레이,유가,전자부품 제조업,2004-07-23,True,False
034230,파라다이스,2002-11-01,2026-05-01,283,282,464,파라다이스,유가,유원지 및 기타 오락관련 서비스업,2024-06-24,True,False
034300,신세계건설,1999-12-01,2025-01-01,302,301,529,,,,,False,True
034310,NICE,2004-02-01,2026-05-01,268,267,467,NICE,유가,회사 본부 및 경영 컨설팅 서비스업,2004-02-04,True,False
034590,인천도시가스,2006-11-01,2026-05-01,235,234,532,인천도시가스,유가,연료용 가스 제조 및 배관공급업,2006-11-07,True,False
034730,SK,2009-11-01,2026-05-01,199,198,470,SK,유가,기타 금융업,2009-11-11,True,False
035000,HS애드,1999-12-01,2026-05-01,318,317,535,HS애드,유가,광고업,1999-08-11,True,False
035150,백산,1999-12-01,2026-05-01,318,317,538,백산,유가,플라스틱제품 제조업,1999-08-11,True,False
035250,강원랜드,2001-10-01,2026-05-01,296,295,473,강원랜드,유가,유원지 및 기타 오락관련 서비스업,2003-09-04,True,False
035420,NAVER,2002-10-01,2026-05-01,284,283,476,NAVER,유가,"자료처리, 호스팅, 포털 및 기타 인터넷 정보매개 서비스업",2008-11-28,True,False
035510,신세계 I&C,2000-11-01,2026-05-01,307,306,541,신세계I&C,유가,"컴퓨터 프로그래밍, 시스템 통합 및 관리업",2006-05-18,True,False
035720,카카오,1999-12-01,2026-05-01,318,316,479,카카오,유가,"자료처리, 호스팅, 포털 및 기타 인터넷 정보매개 서비스업",2017-07-10,True,False
036420,콘텐트리중앙,2000-03-01,2026-05-01,315,312,544,콘텐트리중앙,유가,"영화, 비디오물, 방송프로그램 제작 및 배급업",2019-10-18,True,False
036460,한국가스공사,1999-12-01,2026-05-01,318,317,482,한국가스공사,유가,연료용 가스 제조 및 배관공급업,1999-12-15,True,False
036530,SNT홀딩스,2000-03-01,2026-05-01,315,314,547,SNT홀딩스,유가,기타 금융업,2002-10-22,True,False
036570,NC,2000-07-01,2026-05-01,311,310,485,NC,유가,소프트웨어 개발 및 공급업,2003-05-22,True,False
036580,팜스코,1999-12-01,2026-05-01,318,317,488,팜스코,유가,"곡물가공품, 전분 및 전분제품 제조업",1999-10-25,True,False
037270,YG PLUS,2003-08-01,2026-05-01,274,272,550,YG PLUS,유가,"자료처리, 호스팅, 포털 및 기타 인터넷 정보매개 서비스업",2003-08-01,True,False
037560,LG헬로비전,2012-11-01,2026-05-01,163,162,491,LG헬로비전,유가,텔레비전 방송업,2012-11-09,True,False
037710,광주신세계,2002-02-01,2026-05-01,292,291,494,광주신세계,유가,종합 소매업,2002-02-07,True,False
039130,하나투어,2000-11-01,2026-05-01,307,306,497,하나투어,유가,여행사 및 기타 여행보조 서비스업,2011-11-01,True,False
039570,HDC랩스,2015-09-01,2026-05-01,129,128,903,HDC랩스,유가,전기 및 통신 공사업,2015-09-24,True,False
041650,상신브레이크,2001-11-01,2026-05-01,295,294,553,상신브레이크,유가,자동차 신품 부품 제조업,2004-10-27,True,False
042100,(주)현대오토넷,2002-07-01,2009-06-01,84,83,904,,,,,False,True
042660,한화오션,2001-02-01,2026-05-01,304,303,500,한화오션,유가,선박 및 보트 건조업,2001-02-02,True,False
042670,HD현대인프라코어,2001-02-01,2025-12-01,299,298,503,,,,,False,True
042700,한미반도체,2005-07-01,2026-05-01,251,250,506,한미반도체,유가,특수 목적용 기계 제조업,2005-07-22,True,False
044380,주연테크,2006-11-01,2026-05-01,235,234,591,주연테크,유가,컴퓨터 및 주변장치 제조업,2006-11-15,True,False
044450,KSS해운,2007-10-01,2026-05-01,224,223,556,KSS해운,유가,해상 운송업,2007-10-26,True,False
044820,코스맥스비티아이,2002-02-01,2026-05-01,292,290,509,코스맥스비티아이,유가,기타 금융업,2006-11-13,True,False
045710,(주)온미디어,2006-07-01,2011-02-01,56,55,905,,,,,False,True
045820,(주)LG파워콤,2008-11-01,2009-12-01,14,13,906,,,,,False,True
047040,대우건설,2001-03-01,2026-05-01,303,300,512,대우건설,유가,건물 건설업,2001-03-23,True,False
047050,포스코인터내셔널,2001-03-01,2026-05-01,303,300,515,포스코인터내셔널,유가,상품 중개업,2001-03-23,True,False
047400,유니온머티리얼,2009-09-01,2026-05-01,201,199,594,유니온머티리얼,유가,"내화, 비내화 요업제품 제조업",2009-09-29,True,False
047810,한국항공우주,2011-06-01,2026-05-01,180,179,518,한국항공우주,유가,"항공기,우주선 및 부품 제조업",2011-06-30,True,False
049770,동원F&B,2000-11-01,2025-06-01,296,295,521,,,,,False,True
049800,우진플라임,2001-07-01,2026-05-01,299,298,597,우진플라임,유가,특수 목적용 기계 제조업,2006-05-24,True,False
051310,(주)플랜텍,2007-11-01,2016-03-01,101,100,559,,,,,False,True
051600,한전KPS,2007-12-01,2026-05-01,222,221,524,한전KPS,유가,전기 및 통신 공사업,2007-12-14,True,False
051630,진양화학,2001-01-01,2026-05-01,305,302,600,진양화학,유가,플라스틱제품 제조업,2001-01-29,True,False
051900,LG생활건강,2001-04-01,2026-05-01,302,301,527,LG생활건강,유가,기타 화학제품 제조업,2001-04-25,True,False
051910,LG화학,2001-04-01,2026-05-01,302,301,530,LG화학,유가,기초 화학물질 제조업,2001-04-25,True,False
052690,한전기술,2009-12-01,2026-05-01,198,197,533,한전기술,유가,"건축기술, 엔지니어링 및 관련 기술 서비스업",2009-12-14,True,False
053210,스카이라이프,2011-06-01,2026-05-01,180,179,536,케이티스카이라이프,유가,텔레비전 방송업,2011-06-03,True,False
053690,한미글로벌,2009-06-01,2026-05-01,204,203,603,한미글로벌,유가,"건축기술, 엔지니어링 및 관련 기술 서비스업",2009-06-23,True,False
055490,테이팩스,2017-10-01,2026-05-01,104,103,907,테이팩스,유가,플라스틱제품 제조업,2017-10-31,True,False
055550,신한지주,2001-09-01,2026-05-01,297,296,539,신한지주,유가,기타 금융업,2001-09-10,True,False
057050,현대홈쇼핑,2010-09-01,2026-05-01,189,188,542,,,,,False,False
058430,포스코스틸리온,2002-08-01,2026-05-01,286,284,606,포스코스틸리온,유가,1차 철강 제조업,2002-08-16,True,False
058650,세아홀딩스,2001-07-01,2026-05-01,299,298,545,세아홀딩스,유가,1차 철강 제조업,2001-07-30,True,False
058730,다스코,2004-08-01,2026-05-01,262,261,609,다스코,유가,"구조용 금속제품, 탱크 및 증기발생기 제조업",2004-08-02,True,False
058850,KTcs,2010-09-01,2026-05-01,189,188,562,KTcs,유가,기타 정보 서비스업,2010-09-16,True,False
058860,KTis,2010-12-01,2026-05-01,186,185,565,KTis,유가,기타 정보 서비스업,2010-12-17,True,False
060980,HL홀딩스,2010-05-01,2026-05-01,193,192,548,HL홀딩스,유가,기타 금융업,2010-05-19,True,False
062040,산일전기,2024-07-01,2026-05-01,23,22,908,산일전기,유가,"전동기, 발전기 및 전기 변환 · 공급 · 제어 장치 제조업",2024-07-29,True,False
063160,종근당바이오,2001-12-01,2026-05-01,294,293,568,종근당바이오,유가,의약품 제조업,2001-12-11,True,False
063350,(주)팬택앤큐리텔,2003-09-01,2007-03-01,43,42,909,,,,,False,True
063510,코오롱인터,2001-12-01,2006-06-01,55,51,910,,,,,False,True
064350,현대로템,2013-10-01,2026-05-01,152,151,551,현대로템,유가,그외 기타 운송장비 제조업,2013-10-30,True,False
064400,LG씨엔에스,2025-02-01,2026-05-01,16,15,911,LG씨엔에스,유가,"컴퓨터 프로그래밍, 시스템 통합 및 관리업",2025-02-05,True,False
064420,케이피케미칼,2002-06-01,2012-12-01,127,126,912,,,,,False,True
064960,SNT모티브,2002-03-01,2026-05-01,291,290,554,SNT모티브,유가,자동차 신품 부품 제조업,2002-03-11,True,False
066570,LG전자,2002-04-01,2026-05-01,290,289,557,LG전자,유가,통신 및 방송 장비 제조업,2002-04-22,True,False
066970,엘앤에프,2003-01-01,2026-05-01,281,280,612,엘앤에프,유가,일차전지 및 이차전지 제조업,2024-01-29,True,False
067250,케이조선,2003-10-01,2026-04-01,131,129,913,,,,,False,True
067830,세이브존I&C,2002-07-01,2026-05-01,287,285,571,세이브존I&C,유가,종합 소매업,2002-07-25,True,False
068270,셀트리온,2005-07-01,2026-05-01,251,248,560,셀트리온,유가,기초 의약물질 제조업,2018-02-09,True,False
068290,삼성출판사,2002-08-01,2026-05-01,286,284,615,삼성출판사,유가,"서적, 잡지 및 기타 인쇄물 출판업",2002-08-05,True,False
068400,에스케이렌터카(주),2012-07-01,2023-12-01,138,137,574,,,,,False,True
068870,(주)LG생명과학,2002-08-01,2016-12-01,173,172,563,,,,,False,True
069260,TKG휴켐스,2002-10-01,2026-05-01,284,283,566,티케이지휴켐스,유가,기타 화학제품 제조업,2002-10-07,True,False
069460,대호에이엘,2002-11-01,2026-05-01,283,281,618,대호에이엘,유가,1차 비철금속 제조업,2002-11-11,True,False
069470,(주)제로원인터랙티브,2002-11-01,2010-04-01,90,89,914,,,,,False,True
069620,대웅제약,2002-11-01,2026-05-01,283,282,569,대웅제약,유가,의약품 제조업,2002-11-01,True,False
069640,한세엠케이,2011-06-01,2026-05-01,180,179,577,한세엠케이,유가,"섬유, 의복, 신발 및 가죽제품 소매업",2011-06-21,True,False
069730,DSR제강,2003-01-01,2026-05-01,281,279,621,DSR제강,유가,1차 철강 제조업,2003-01-28,True,False
069960,현대백화점,2002-11-01,2026-05-01,283,282,572,현대백화점,유가,종합 소매업,2002-11-25,True,False
070960,모나용평,2016-05-01,2026-05-01,121,120,915,모나용평,유가,일반 및 생활 숙박시설 운영업,2016-05-27,True,False
071090,하이스틸,2003-02-01,2026-05-01,280,279,624,하이스틸,유가,1차 철강 제조업,2003-02-17,True,False
071320,지역난방공사,2010-01-01,2026-05-01,197,196,575,지역난방공사,유가,"증기, 냉·온수 및 공기조절 공급업",2010-01-29,True,False
071840,롯데하이마트,2011-06-01,2026-05-01,180,179,578,롯데하이마트,유가,가전제품 및 정보통신장비 소매업,2011-06-29,True,False
071950,코아스,2005-08-01,2026-05-01,250,248,627,코아스,유가,가구 제조업,2005-08-04,True,False
071970,HD현대마린엔진,2009-05-01,2026-05-01,205,202,580,HD현대마린엔진,유가,일반 목적용 기계 제조업,2009-05-15,True,False
072130,유엔젤,2003-07-01,2026-05-01,275,274,630,유엔젤,유가,"자료처리, 호스팅, 포털 및 기타 인터넷 정보매개 서비스업",2003-07-01,True,False
072710,농심홀딩스,2003-07-01,2026-05-01,275,274,581,농심홀딩스,유가,기타 금융업,2003-07-30,True,False
073240,금호타이어,2005-02-01,2026-05-01,256,255,584,금호타이어,유가,고무제품 제조업,2005-02-17,True,False
074610,이엔플러스,2003-12-01,2026-05-01,270,267,633,이엔플러스,유가,일반 목적용 기계 제조업,2003-12-23,True,False
075180,새론오토모티브,2005-10-01,2026-05-01,248,247,583,새론오토모티브,유가,자동차 신품 부품 제조업,2005-10-21,True,False
075580,세진중공업,2015-11-01,2026-05-01,127,126,916,세진중공업,유가,선박 및 보트 건조업,2015-11-30,True,False
076170,GBS,2004-01-01,2009-03-01,63,62,917,,,,,False,True
077500,유니퀘스트,2004-08-01,2026-05-01,262,261,586,유니퀘스트,유가,기계장비 및 관련 물품 도매업,2004-08-05,True,False
077970,STX엔진,2004-05-01,2026-05-01,265,262,589,STX엔진,유가,일반 목적용 기계 제조업,2004-05-10,True,False
078000,텔코웨어,2004-07-01,2026-05-01,263,262,592,텔코웨어,유가,"자료처리, 호스팅, 포털 및 기타 인터넷 정보매개 서비스업",2004-07-20,True,False
078520,에이블씨엔씨,2005-02-01,2026-05-01,256,255,595,에이블씨엔씨,유가,기타 화학제품 제조업,2011-09-07,True,False
078930,GS,2004-08-01,2026-05-01,262,261,587,GS,유가,기타 금융업,2004-08-05,True,False
079160,CJ CGV,2004-12-01,2026-05-01,258,257,590,CJ CGV,유가,"영화, 비디오물, 방송프로그램 제작 및 배급업",2004-12-24,True,False
079430,현대리바트,2005-11-01,2026-05-01,247,246,593,현대리바트,유가,가구 제조업,2005-11-22,True,False
079550,LIG디펜스앤에어로스페이스,2015-10-01,2026-05-01,128,127,918,LIG디펜스앤에어로스페이스,유가,무기 및 총포탄 제조업,2015-10-02,True,False
079660,사조해표,2004-09-01,2019-05-01,177,176,636,,,,,False,True
079900,전진건설로봇,2024-08-01,2026-05-01,22,21,919,전진건설로봇,유가,특수 목적용 기계 제조업,2024-08-19,True,False
079980,휴비스,2012-02-01,2026-05-01,172,171,598,휴비스,유가,화학섬유 제조업,2012-02-23,True,False
081000,일진다이아,2004-12-01,2026-05-01,258,257,639,일진다이아,유가,기타 화학제품 제조업,2004-12-22,True,False
081660,미스토홀딩스,2010-09-01,2026-05-01,189,188,596,미스토홀딩스,유가,생활용품 도매업,2010-09-28,True,False
082640,동양생명,2009-10-01,2026-05-01,200,199,599,,,,,False,False
082740,한화엔진,2011-01-01,2026-05-01,185,183,602,한화엔진,유가,일반 목적용 기계 제조업,2011-01-04,True,False
083420,그린케미칼,2005-10-01,2026-05-01,248,247,601,그린케미칼,유가,기타 화학제품 제조업,2005-10-20,True,False
084010,대한제강,2005-10-01,2026-05-01,248,247,604,대한제강,유가,1차 철강 제조업,2005-10-31,True,False
084670,동양고속,2005-07-01,2026-05-01,251,249,642,동양고속,유가,육상 여객 운송업,2005-07-25,True,False
084680,이월드,2005-07-01,2026-05-01,251,248,607,이월드,유가,귀금속 및 장신용품 제조업,2005-07-26,True,False
084690,대상홀딩스,2005-08-01,2026-05-01,250,249,605,대상홀딩스,유가,기타 금융업,2005-08-17,True,False
084870,TBH글로벌,2005-12-01,2026-05-01,246,245,610,티비에이치글로벌,유가,봉제의복 제조업,2005-12-19,True,False
085310,엔케이,2008-01-01,2026-05-01,221,220,613,엔케이,유가,"구조용 금속제품, 탱크 및 증기발생기 제조업",2008-01-24,True,False
085620,미래에셋생명,2014-08-01,2026-05-01,142,141,608,미래에셋생명,유가,보험업,2015-07-08,True,False
086280,현대글로비스,2005-12-01,2026-05-01,246,245,611,현대글로비스,유가,기타 운송관련 서비스업,2005-12-26,True,False
088350,한화생명,2010-03-01,2026-05-01,195,194,614,한화생명,유가,보험업,2010-03-17,True,False
088790,진도,2006-03-01,2026-05-01,243,242,645,진도,유가,기타 전문 도매업,2006-03-28,True,False
089470,HDC현대EP,2006-09-01,2026-05-01,237,236,616,HDC현대EP,유가,기타 화학제품 제조업,2006-09-25,True,False
089590,제주항공,2014-08-01,2026-05-01,142,141,617,제주항공,유가,항공 여객 운송업,2015-11-06,True,False
089860,롯데렌탈,2021-08-01,2026-05-01,58,57,920,롯데렌탈,유가,운송장비 임대업,2021-08-19,True,False
090080,평화산업,2006-06-01,2026-05-01,240,238,648,평화산업,유가,자동차 신품 부품 제조업,2006-06-02,True,False
090350,노루페인트,2006-07-01,2026-05-01,239,238,619,노루페인트,유가,기타 화학제품 제조업,2006-07-03,True,False
090370,메타랩스,2006-12-01,2026-05-01,234,233,651,메타랩스,유가,봉제의복 제조업,2006-12-26,True,False
090430,아모레퍼시픽,2006-06-01,2026-05-01,240,239,620,아모레퍼시픽,유가,기타 화학제품 제조업,2006-06-29,True,False
090460,비에이치,2007-01-01,2026-05-01,233,232,622,비에이치,유가,전자부품 제조업,2023-06-20,True,False
091090,세원이앤씨,2006-07-01,2025-09-01,231,230,625,,,,,False,True
091810,트리니티항공,2018-08-01,2026-05-01,94,93,921,트리니티항공,유가,항공 여객 운송업,2018-08-01,True,False
092200,디아이씨,2007-10-01,2026-05-01,224,222,628,디아이씨,유가,자동차 신품 부품 제조업,2007-10-18,True,False
092220,KEC,2006-10-01,2026-05-01,236,235,654,KEC,유가,반도체 제조업,2006-10-16,True,False
092230,KPX홀딩스,2006-10-01,2026-05-01,236,235,631,KPX홀딩스,유가,기초 화학물질 제조업,2006-10-12,True,False
092440,기신정기,2007-10-01,2026-05-01,224,223,634,기신정기,유가,특수 목적용 기계 제조업,2007-10-30,True,False
092780,DYP,2017-12-01,2026-05-01,102,101,922,DYP,유가,자동차용 엔진 및 자동차 제조업,2017-12-08,True,False
092790,넥스틸,2023-08-01,2026-05-01,34,33,923,넥스틸,유가,1차 철강 제조업,2023-08-21,True,False
093050,LF,2006-12-01,2026-05-01,234,233,623,LF,유가,봉제의복 제조업,2006-12-01,True,False
093230,이아이디,2007-11-01,2025-08-01,214,212,657,,,,,False,True
093240,형지엘리트,2009-09-01,2026-05-01,201,199,660,형지엘리트,유가,봉제의복 제조업,2009-09-28,True,False
093370,후성,2006-12-01,2026-05-01,234,233,637,후성,유가,기초 화학물질 제조업,2006-12-22,True,False
094280,효성ITX,2007-10-01,2026-05-01,224,223,640,효성 ITX,유가,기타 사업지원 서비스업,2007-10-25,True,False
095570,AJ네트웍스,2015-08-01,2026-05-01,130,129,924,AJ네트웍스,유가,산업용 기계 및 장비 임대업,2015-08-21,True,False
095720,웅진씽크빅,2007-05-01,2026-05-01,229,228,643,웅진씽크빅,유가,초등 교육기관,2007-05-31,True,False
096760,JW홀딩스,2007-07-01,2026-05-01,227,226,646,JW홀딩스,유가,기타 금융업,2007-07-31,True,False
096770,SK이노베이션,2007-07-01,2026-05-01,227,226,626,SK이노베이션,유가,석유 정제품 제조업,2007-07-25,True,False
097230,HJ중공업,2007-08-01,2026-05-01,226,224,629,HJ중공업,유가,토목 건설업,2007-08-31,True,False
097520,엠씨넥스,2012-07-01,2026-05-01,167,166,663,엠씨넥스,유가,영상 및 음향기기 제조업,2021-07-06,True,False
097950,CJ제일제당,2007-09-01,2026-05-01,225,224,632,CJ제일제당,유가,기타 식품 제조업,2007-09-28,True,False
100090,SK오션플랜트,2008-08-01,2026-05-01,214,212,666,SK오션플랜트,유가,1차 철강 제조업,2023-04-19,True,False
100220,비상교육,2008-06-01,2026-05-01,216,215,649,비상교육,유가,"서적, 잡지 및 기타 인쇄물 출판업",2008-06-30,True,False
100250,진양홀딩스,2008-02-01,2026-05-01,220,219,652,진양홀딩스,유가,플라스틱제품 제조업,2008-02-15,True,False
100840,SNT에너지,2008-02-01,2026-05-01,220,219,655,SNT에너지,유가,일반 목적용 기계 제조업,2008-02-22,True,False
101060,SBS미디어홀딩스,2008-03-01,2021-12-01,166,165,635,,,,,False,True
101140,인바이오젠,2008-04-01,2026-05-01,218,217,669,인바이오젠,유가,기계장비 및 관련 물품 도매업,2008-04-02,True,False
101530,해태제과식품,2016-05-01,2026-05-01,121,120,925,해태제과식품,유가,기타 식품 제조업,2016-05-11,True,False
101990,파브코,2008-06-01,2014-04-01,71,70,926,,,,,False,True
102260,동성케미컬,2008-06-01,2026-05-01,216,215,658,동성케미컬,유가,합성고무 및 플라스틱 물질 제조업,2008-06-23,True,False
102280,쌍방울,2008-06-01,2025-10-01,209,207,672,,,,,False,True
102460,이연제약,2010-06-01,2026-05-01,192,191,661,이연제약,유가,의약품 제조업,2010-06-10,True,False
103130,웅진에너지(주),2010-06-01,2020-05-01,120,119,664,,,,,False,True
103140,풍산,2008-07-01,2026-05-01,215,213,638,풍산,유가,1차 비철금속 제조업,2008-07-30,True,False
103150,하이트맥주,2008-07-01,2011-08-01,38,37,927,,,,,False,True
103160,풀무원식품(주),2008-07-01,2009-03-01,9,8,928,,,,,False,True
103590,일진전기,2008-08-01,2026-05-01,214,213,667,일진전기,유가,절연선 및 케이블 제조업,2008-08-01,True,False
104110,신성이엔지,2008-09-01,2016-12-01,100,99,675,,,,,False,True
104120,신성에프에이,2008-09-01,2016-12-01,100,98,678,,,,,False,True
104700,한국철강,2008-09-01,2026-05-01,213,212,670,한국철강,유가,1차 철강 제조업,2008-09-29,True,False
105630,한세실업,2009-03-01,2026-05-01,207,206,641,한세실업,유가,봉제의복 제조업,2009-03-20,True,False
105840,우진,2010-07-01,2026-05-01,191,190,673,우진,유가,"측정, 시험, 항해, 제어 및 기타 정밀기기 제조업; 광학기기 제외",2010-07-26,True,False
107590,미원홀딩스,2009-03-01,2026-05-01,207,206,676,미원홀딩스,유가,기타 금융업,2009-03-02,True,False
108070,삼성이미징,2009-03-01,2010-03-01,13,11,929,,,,,False,True
108320,LX세미콘,2010-06-01,2026-05-01,192,191,644,LX세미콘,유가,반도체 제조업,2022-11-03,True,False
108670,LX하우시스,2009-04-01,2026-05-01,206,205,647,LX하우시스,유가,플라스틱제품 제조업,2009-04-20,True,False
109070,주성코퍼레이션,2009-03-01,2026-05-01,207,206,681,주성코퍼레이션,유가,통신 및 방송 장비 제조업,2009-03-17,True,False
110570,(주)넥솔론,2011-10-01,2017-03-01,66,64,684,,,,,False,True
111110,호전실업,2017-02-01,2026-05-01,112,111,930,호전실업,유가,봉제의복 제조업,2017-02-02,True,False
111380,동인기연,2023-11-01,2026-05-01,31,30,931,동인기연,유가,"가죽, 가방 및 유사제품 제조업",2023-11-21,True,False
111770,영원무역,2009-07-01,2026-05-01,203,202,650,영원무역,유가,상품 종합 도매업,2009-07-30,True,False
112610,씨에스윈드,2014-11-01,2026-05-01,139,138,653,씨에스윈드,유가,"구조용 금속제품, 탱크 및 증기발생기 제조업",2014-11-27,True,False
114090,GKL,2009-11-01,2026-05-01,199,198,656,GKL,유가,유원지 및 기타 오락관련 서비스업,2009-11-19,True,False
114410,(주)현대푸드시스템,2009-12-01,2010-06-01,7,6,932,,,,,False,True
115390,락앤락,2010-01-01,2024-11-01,179,178,659,,,,,False,True
117580,대성에너지,2010-12-01,2026-05-01,186,184,679,대성에너지,유가,연료용 가스 제조 및 배관공급업,2010-12-24,True,False
117930,한진해운,2009-12-01,2017-02-01,87,86,662,,,,,False,True
118000,메타케어,2009-12-01,2026-05-01,198,195,687,메타케어,유가,기계장비 및 관련 물품 도매업,2009-12-30,True,False
119650,KC코트렐,2010-01-01,2026-05-01,197,196,690,KC코트렐,유가,일반 목적용 기계 제조업,2010-01-29,True,False
120030,조선선재,2010-02-01,2026-05-01,196,194,693,조선선재,유가,기타 금속 가공제품 제조업,2010-02-19,True,False
120110,코오롱인더,2010-02-01,2026-05-01,196,195,665,코오롱인더,유가,화학섬유 제조업,2010-02-01,True,False
122290,동양밸류스팩,2010-03-01,2012-10-01,32,31,933,,,,,False,True
122750,우리스팩1호,2010-05-01,2012-11-01,31,30,934,,,,,False,True
122900,아이마켓코리아,2010-07-01,2026-05-01,191,190,668,아이마켓코리아,유가,상품 종합 도매업,2010-07-30,True,False
123690,한국화장품,2010-06-01,2026-05-01,192,190,696,한국화장품,유가,생활용품 도매업,2010-06-01,True,False
123700,SJM,2010-05-01,2026-05-01,193,192,682,에스제이엠,유가,자동차 신품 부품 제조업,2010-05-31,True,False
126560,현대퓨처넷,2010-12-01,2026-05-01,186,185,671,현대퓨처넷,유가,전기 통신업,2010-12-23,True,False
126720,수산인더스트리,2022-08-01,2026-05-01,46,45,935,수산인더스트리,유가,전기 및 통신 공사업,2022-08-01,True,False
128820,대성산업,2010-07-01,2026-05-01,191,190,699,대성산업,유가,연료 소매업,2010-07-30,True,False
128940,한미약품,2010-07-01,2026-05-01,191,189,674,한미약품,유가,의약품 제조업,2010-07-30,True,False
129260,인터지스,2011-12-01,2026-05-01,174,173,685,인터지스,유가,도로 화물 운송업,2011-12-16,True,False
130660,한전산업,2010-12-01,2026-05-01,186,184,688,한전산업,유가,"건축기술, 엔지니어링 및 관련 기술 서비스업",2010-12-16,True,False
133820,화인베스틸,2014-07-01,2026-05-01,143,142,691,화인베스틸,유가,1차 철강 제조업,2014-07-22,True,False
134380,미원화학,2011-02-01,2026-05-01,184,183,702,미원화학,유가,기타 화학제품 제조업,2011-02-15,True,False
134790,시디즈,2011-01-01,2026-05-01,185,183,705,시디즈,유가,가구 제조업,2011-01-25,True,False
136490,선진,2011-02-01,2026-05-01,184,183,694,선진,유가,동물용 사료 및 조제식품 제조업,2011-02-16,True,False
137310,에스디바이오센서,2021-07-01,2026-05-01,59,58,936,에스디바이오센서,유가,의료용 기기 제조업,2021-07-16,True,False
138250,(주)엔에스쇼핑,2015-03-01,2022-02-01,84,83,937,,,,,False,True
138490,코오롱ENP,2011-06-01,2026-03-01,178,176,697,,,,,False,True
139480,이마트,2011-06-01,2026-05-01,180,179,677,이마트,유가,종합 소매업,2011-06-10,True,False
139990,아주스틸,2021-08-01,2026-05-01,58,57,938,아주스틸,유가,1차 철강 제조업,2021-08-20,True,False
143210,핸즈코퍼레이션,2016-12-01,2026-05-01,114,113,939,핸즈코퍼레이션,유가,자동차 신품 부품 제조업,2016-12-02,True,False
144620,코오롱머티리얼(주),2012-04-01,2021-10-01,115,114,708,,,,,False,True
145210,다이나믹디자인,2015-03-01,2026-05-01,135,132,940,다이나믹디자인,유가,특수 목적용 기계 제조업,2015-03-19,True,False
145720,덴티움,2017-03-01,2026-05-01,111,110,941,덴티움,유가,의료용 기기 제조업,2017-03-15,True,False
145990,삼양사,2011-12-01,2026-05-01,174,173,700,삼양사,유가,기타 식품 제조업,2011-12-05,True,False
152330,코리아오토글라스(주),2015-12-01,2020-11-01,60,59,942,,,,,False,True
155660,DSR,2013-05-01,2026-05-01,157,156,711,DSR,유가,1차 비철금속 제조업,2013-05-15,True,False
161000,애경케미칼,2012-09-01,2026-05-01,165,164,703,애경케미칼,유가,기초 화학물질 제조업,2012-09-17,True,False
161390,한국타이어앤테크놀로지,2012-10-01,2026-05-01,164,163,680,한국타이어앤테크놀로지,유가,고무제품 제조업,2012-10-04,True,False
161890,한국콜마,2012-10-01,2026-05-01,164,163,683,한국콜마,유가,기타 화학제품 제조업,2012-10-19,True,False
163560,동일고무벨트,2012-10-01,2026-05-01,164,163,706,동일고무벨트,유가,고무제품 제조업,2012-10-19,True,False
170900,동아에스티,2013-04-01,2026-05-01,158,157,686,동아에스티,유가,의약품 제조업,2013-04-08,True,False
178920,PI첨단소재,2014-12-01,2026-05-01,138,137,709,PI첨단소재,유가,플라스틱제품 제조업,2021-08-09,True,False
180640,한진칼,2013-09-01,2026-05-01,153,152,689,한진칼,유가,기타 금융업,2013-09-16,True,False
181710,NHN,2013-08-01,2026-05-01,154,153,692,NHN,유가,소프트웨어 개발 및 공급업,2013-08-29,True,False
183190,아세아시멘트,2013-11-01,2026-05-01,151,150,695,아세아시멘트,유가,"시멘트, 석회, 플라스터 및 그 제품 제조업",2013-11-06,True,False
185750,종근당,2013-12-01,2026-05-01,150,149,698,종근당,유가,의약품 제조업,2013-12-06,True,False
192080,더블유게임즈,2015-11-01,2026-05-01,127,126,943,더블유게임즈,유가,소프트웨어 개발 및 공급업,2019-03-12,True,False
192400,쿠쿠홀딩스,2014-08-01,2026-05-01,142,141,701,쿠쿠홀딩스,유가,기타 금융업,2014-08-06,True,False
192650,드림텍,2019-03-01,2026-05-01,87,86,944,드림텍,유가,전자부품 제조업,2019-03-14,True,False
192820,코스맥스,2014-04-01,2026-05-01,146,145,704,코스맥스,유가,기타 화학제품 제조업,2014-04-07,True,False
194370,제이에스코퍼레이션,2016-02-01,2026-05-01,124,123,945,제이에스코퍼레이션,유가,"가죽, 가방 및 유사제품 제조업",2016-02-04,True,False
195870,해성디에스,2016-06-01,2026-05-01,120,119,946,해성디에스,유가,전자부품 제조업,2016-06-24,True,False
200880,서연이화,2014-08-01,2026-05-01,142,141,712,서연이화,유가,자동차 신품 부품 제조업,2014-08-08,True,False
204320,HL만도,2014-10-01,2026-05-01,140,139,707,HL만도,유가,자동차 신품 부품 제조업,2014-10-06,True,False
207940,삼성바이오로직스,2016-11-01,2026-05-01,115,114,947,삼성바이오로직스,유가,기초 의약물질 제조업,2016-11-10,True,False
210540,디와이파워,2015-01-01,2026-05-01,137,136,948,디와이파워,유가,특수 목적용 기계 제조업,2015-01-15,True,False
210980,SK디앤디,2015-06-01,2026-05-01,132,131,949,SK디앤디,유가,부동산 임대 및 공급업,2015-06-23,True,False
213500,한솔제지,2015-01-01,2026-05-01,137,136,950,한솔제지,유가,"펄프, 종이 및 판지 제조업",2015-01-26,True,False
214320,이노션,2015-07-01,2026-05-01,131,130,951,이노션,유가,광고업,2015-07-17,True,False
214330,금호에이치티,2015-11-01,2026-05-01,127,126,952,금호에이치티,유가,자동차 신품 부품 제조업,2015-11-11,True,False
214390,경보제약,2015-06-01,2026-05-01,132,131,953,경보제약,유가,기초 의약물질 제조업,2015-06-29,True,False
214420,토니모리,2015-07-01,2026-05-01,131,130,954,토니모리,유가,기타 화학제품 제조업,2015-07-10,True,False
217590,티엠씨,2025-12-01,2026-05-01,6,5,955,티엠씨,유가,절연선 및 케이블 제조업,2025-12-15,True,False
226320,잇츠한불,2015-12-01,2026-05-01,126,125,956,잇츠한불,유가,기타 화학제품 제조업,2015-12-28,True,False
227840,현대코퍼레이션홀딩스,2015-10-01,2026-05-01,128,127,957,현대코퍼레이션홀딩스,유가,음·식료품 및 담배 도매업,2015-10-23,True,False
229640,LS에코에너지,2016-09-01,2026-05-01,117,115,958,LS에코에너지,유가,기타 금융업,2016-09-22,True,False
234080,JW생명과학,2016-10-01,2026-05-01,116,115,959,JW생명과학,유가,의약품 제조업,2016-10-27,True,False
241560,두산밥캣,2016-11-01,2026-05-01,115,114,960,두산밥캣,유가,특수 목적용 기계 제조업,2016-11-18,True,False
241590,화승엔터프라이즈,2016-10-01,2026-05-01,116,115,961,화승엔터프라이즈,유가,신발 및 신발 부분품 제조업,2016-10-04,True,False
244920,에이플러스에셋,2020-04-01,2026-05-01,74,73,962,에이플러스에셋,유가,보험 및 연금관련 서비스업,2020-11-20,True,False
248070,솔루엠,2021-02-01,2026-05-01,64,63,963,솔루엠,유가,전자부품 제조업,2021-02-02,True,False
248170,샘표식품,2016-08-01,2026-05-01,118,117,964,샘표식품,유가,기타 식품 제조업,2016-08-09,True,False
249420,일동제약,2016-08-01,2026-05-01,118,117,965,일동제약,유가,의약품 제조업,2016-08-31,True,False
251270,넷마블,2017-05-01,2026-05-01,109,108,966,넷마블,유가,소프트웨어 개발 및 공급업,2017-05-12,True,False
259960,크래프톤,2021-08-01,2026-05-01,58,57,967,크래프톤,유가,소프트웨어 개발 및 공급업,2021-08-10,True,False
264900,크라운제과,2017-04-01,2026-05-01,110,109,968,크라운제과,유가,"떡, 빵 및 과자류 제조업",2017-04-11,True,False
267250,HD현대,2017-05-01,2026-05-01,109,108,969,HD현대,유가,기타 금융업,2017-05-10,True,False
267260,HD현대일렉트릭,2017-05-01,2026-05-01,109,108,970,HD현대일렉트릭,유가,"전동기, 발전기 및 전기 변환 · 공급 · 제어 장치 제조업",2017-05-10,True,False
267270,HD건설기계,2017-05-01,2026-05-01,109,108,971,HD건설기계,유가,특수 목적용 기계 제조업,2017-05-10,True,False
267290,경동도시가스,2017-05-01,2026-05-01,109,108,972,경동도시가스,유가,연료용 가스 제조 및 배관공급업,2017-05-12,True,False
267850,아시아나IDT,2018-11-01,2026-05-01,91,90,973,아시아나IDT,유가,"컴퓨터 프로그래밍, 시스템 통합 및 관리업",2018-11-23,True,False
268280,미원에스씨,2017-05-01,2026-05-01,109,108,974,미원에스씨,유가,기초 화학물질 제조업,2017-05-22,True,False
271560,오리온,2017-07-01,2026-05-01,107,106,975,오리온,유가,기타 식품 제조업,2017-07-07,True,False
271940,일진하이솔루스,2021-09-01,2026-05-01,57,56,976,일진하이솔루스,유가,그외 기타 운송장비 제조업,2021-09-01,True,False
271980,제일약품,2017-07-01,2026-05-01,107,106,977,제일약품,유가,의약품 제조업,2017-07-17,True,False
272210,한화시스템,2019-11-01,2026-05-01,79,78,978,한화시스템,유가,전자부품 제조업,2019-11-13,True,False
272450,진에어,2017-12-01,2026-05-01,102,101,979,진에어,유가,항공 여객 운송업,2017-12-08,True,False
272550,삼양패키징,2017-11-01,2026-05-01,103,102,980,삼양패키징,유가,플라스틱제품 제조업,2017-11-29,True,False
278470,에이피알,2024-02-01,2026-05-01,28,27,981,에이피알,유가,기타 화학제품 제조업,2024-02-27,True,False
279570,케이뱅크,2026-03-01,2026-05-01,3,2,982,케이뱅크,유가,은행 및 저축기관,2026-03-05,True,False
280360,롯데웰푸드,2017-10-01,2026-05-01,104,103,983,롯데웰푸드,유가,기타 식품 제조업,2017-10-30,True,False
281820,케이씨텍,2017-12-01,2026-05-01,102,101,984,케이씨텍,유가,"측정, 시험, 항해, 제어 및 기타 정밀기기 제조업; 광학기기 제외",2017-12-05,True,False
282330,BGF리테일,2017-12-01,2026-05-01,102,101,985,BGF리테일,유가,종합 소매업,2017-12-08,True,False
282690,동아타이어,2017-11-01,2024-09-01,83,82,986,,,,,False,True
284740,쿠쿠홈시스,2018-01-01,2026-05-01,101,100,987,쿠쿠홈시스,유가,개인 및 가정용품 임대업,2018-01-11,True,False
285130,SK케미칼,2018-01-01,2026-05-01,101,99,988,SK케미칼,유가,합성고무 및 플라스틱 물질 제조업,2018-01-05,True,False
286940,롯데이노베이트,2018-07-01,2026-05-01,95,94,989,롯데이노베이트,유가,"컴퓨터 프로그래밍, 시스템 통합 및 관리업",2018-07-27,True,False
293480,하나제약,2018-10-01,2026-05-01,92,91,990,하나제약,유가,의약품 제조업,2018-10-02,True,False
294870,IPARK현대산업개발,2018-06-01,2026-05-01,96,95,991,IPARK현대산업개발,유가,건물 건설업,2018-06-12,True,False
298000,효성화학,2018-07-01,2026-05-01,95,94,992,효성화학,유가,기초 화학물질 제조업,2018-07-13,True,False
298020,효성티앤씨,2018-07-01,2026-05-01,95,94,993,효성티앤씨,유가,화학섬유 제조업,2018-07-13,True,False
298040,효성중공업,2018-07-01,2026-05-01,95,94,994,효성중공업,유가,"전동기, 발전기 및 전기 변환 · 공급 · 제어 장치 제조업",2018-07-13,True,False
298050,HS효성첨단소재,2018-07-01,2026-05-01,95,94,995,HS효성첨단소재,유가,화학섬유 제조업,2018-07-13,True,False
298690,에어부산,2018-12-01,2026-05-01,90,89,996,에어부산,유가,항공 여객 운송업,2018-12-27,True,False
300720,한일시멘트,2018-08-01,2026-05-01,94,93,997,한일시멘트,유가,"시멘트, 석회, 플라스터 및 그 제품 제조업",2018-08-06,True,False
302440,SK바이오사이언스,2021-03-01,2026-05-01,63,62,998,SK바이오사이언스,유가,기초 의약물질 제조업,2021-03-18,True,False
306200,세아제강,2018-10-01,2026-05-01,92,91,999,세아제강,유가,1차 철강 제조업,2018-10-05,True,False
307950,현대오토에버,2019-03-01,2026-05-01,87,86,1000,현대오토에버,유가,소프트웨어 개발 및 공급업,2019-03-28,True,False
308170,씨티알모빌리티,2019-11-01,2026-05-01,79,77,1001,씨티알모빌리티,유가,자동차 신품 부품 제조업,2019-11-25,True,False
317400,자이에스앤디,2019-11-01,2026-05-01,79,78,1002,자이에스앤디,유가,부동산 임대 및 공급업,2019-11-06,True,False
317450,명인제약,2025-10-01,2026-05-01,8,7,1003,명인제약,유가,의약품 제조업,2025-10-01,True,False
322000,HD현대에너지솔루션,2019-11-01,2026-05-01,79,78,1004,HD현대에너지솔루션,유가,반도체 제조업,2019-11-19,True,False
323410,카카오뱅크,2021-08-01,2026-05-01,58,57,1005,카카오뱅크,유가,은행 및 저축기관,2021-08-06,True,False
326030,SK바이오팜,2020-07-01,2026-05-01,71,70,1006,에스케이바이오팜,유가,자연과학 및 공학 연구개발업,2020-07-02,True,False
329180,HD현대중공업,2021-09-01,2026-05-01,57,56,1007,HD현대중공업,유가,선박 및 보트 건조업,2021-09-17,True,False
336260,두산퓨얼셀,2019-10-01,2026-05-01,80,77,1008,두산퓨얼셀,유가,"전동기, 발전기 및 전기 변환 · 공급 · 제어 장치 제조업",2019-10-18,True,False
336370,솔루스첨단소재,2019-10-01,2026-05-01,80,79,1009,솔루스첨단소재,유가,전자부품 제조업,2019-10-18,True,False
339770,교촌에프앤비,2020-11-01,2026-05-01,67,66,1010,교촌에프앤비,유가,음·식료품 및 담배 도매업,2020-11-12,True,False
344820,KCC글라스,2020-01-01,2026-05-01,77,76,1011,케이씨씨글라스,유가,유리 및 유리제품 제조업,2020-01-21,True,False
352820,하이브,2020-10-01,2026-05-01,68,67,1012,하이브,유가,오디오물 출판 및 원판 녹음업,2020-10-15,True,False
353200,대덕전자,2020-05-01,2026-05-01,73,72,1013,대덕전자,유가,전자부품 제조업,2020-05-21,True,False
361610,SK아이이테크놀로지,2021-05-01,2026-05-01,61,60,1014,SK아이이테크놀로지,유가,일차전지 및 이차전지 제조업,2021-05-11,True,False
363280,티와이홀딩스,2020-09-01,2026-05-01,69,68,1015,티와이홀딩스,유가,기타 금융업,2020-09-22,True,False
372910,한컴라이프케어,2021-08-01,2026-05-01,58,57,1016,한컴라이프케어,유가,의료용 기기 제조업,2021-08-17,True,False
373220,LG에너지솔루션,2022-01-01,2026-05-01,53,52,1017,LG에너지솔루션,유가,일차전지 및 이차전지 제조업,2022-01-27,True,False
375500,DL이앤씨,2021-01-01,2026-05-01,65,64,1018,DL이앤씨,유가,토목 건설업,2021-01-25,True,False
377300,카카오페이,2021-11-01,2026-05-01,55,53,1019,카카오페이,유가,금융 지원 서비스업,2021-11-03,True,False
377740,바이오노트,2022-12-01,2026-05-01,42,41,1020,바이오노트,유가,의료용품 및 기타 의약 관련제품 제조업,2022-12-22,True,False
378850,화승알앤에이,2021-03-01,2026-05-01,63,62,1021,화승알앤에이,유가,자동차 신품 부품 제조업,2021-03-15,True,False
380440,엔에이치스팩19호,2021-05-01,2023-12-01,32,31,1022,,,,,False,True
381970,케이카,2021-10-01,2026-05-01,56,55,1023,KG모빌리티플랫폼,유가,자동차 판매업,2021-10-13,True,False
383220,F&F,2021-05-01,2026-05-01,61,60,1024,F&F,유가,봉제의복 제조업,2021-05-21,True,False
383800,LX홀딩스,2021-05-01,2026-05-01,61,60,1025,LX홀딩스,유가,기타 금융업,2021-05-27,True,False
402340,SK스퀘어,2021-11-01,2026-05-01,55,54,1026,SK스퀘어,유가,기타 금융업,2021-11-29,True,False
403550,쏘카,2022-08-01,2026-05-01,46,45,1027,쏘카,유가,운송장비 임대업,2022-08-22,True,False
439260,대한조선,2025-08-01,2026-05-01,10,9,1028,대한조선,유가,선박 및 보트 건조업,2025-08-01,True,False
443060,HD현대마린솔루션,2024-05-01,2026-05-01,25,24,1029,HD현대마린솔루션,유가,"건축기술, 엔지니어링 및 관련 기술 서비스업",2024-05-08,True,False
446070,유니드비티플러스,2022-11-01,2026-05-01,43,42,1030,유니드비티플러스,유가,제재 및 목재 가공업,2022-11-28,True,False
450080,에코프로머티,2023-11-01,2026-05-01,31,30,1031,에코프로머티,유가,일차전지 및 이차전지 제조업,2023-11-17,True,False
450140,코오롱모빌리티그룹,2023-01-01,2025-12-01,36,34,1032,,,,,False,True
452260,한화갤러리아,2023-03-01,2026-05-01,39,38,1033,한화갤러리아,유가,종합 소매업,2023-03-31,True,False
453340,현대그린푸드,2023-04-01,2026-05-01,38,37,1034,현대그린푸드,유가,종합 소매업,2023-04-10,True,False
454910,두산로보틱스,2023-10-01,2026-05-01,32,30,1035,두산로보틱스,유가,특수 목적용 기계 제조업,2023-10-05,True,False
456040,OCI,2023-05-01,2026-05-01,37,36,1036,OCI,유가,기초 화학물질 제조업,2023-05-30,True,False
457190,이수스페셜티케미컬,2023-05-01,2026-05-01,37,35,1037,이수스페셜티케미컬,유가,기초 화학물질 제조업,2023-05-31,True,False
460850,동국씨엠,2023-06-01,2026-05-01,36,35,1038,동국씨엠,유가,1차 철강 제조업,2023-06-16,True,False
460860,동국제강,2023-06-01,2026-05-01,36,35,1039,동국제강,유가,1차 철강 제조업,2023-06-16,True,False
462520,조선내화,2023-07-01,2026-05-01,35,34,1040,조선내화,유가,"내화, 비내화 요업제품 제조업",2023-07-28,True,False
462870,시프트업,2024-07-01,2026-05-01,23,22,1041,시프트업,유가,소프트웨어 개발 및 공급업,2024-07-11,True,False
465770,STX그린로지스,2023-09-01,2026-05-01,33,32,1042,STX그린로지스,유가,해상 운송업,2023-09-15,True,False
475150,SK이터닉스,2024-03-01,2026-05-01,27,26,1043,SK이터닉스,유가,건물 건설업,2024-03-29,True,False
475560,더본코리아,2024-11-01,2026-05-01,19,18,1044,더본코리아,유가,상품 종합 도매업,2024-11-06,True,False
480370,씨케이솔루션,2025-03-01,2026-05-01,15,14,1045,씨케이솔루션,유가,일반 목적용 기계 제조업,2025-03-17,True,False
483650,달바글로벌,2025-05-01,2026-05-01,13,12,1046,달바글로벌,유가,기타 화학제품 제조업,2025-05-22,True,False
484870,엠앤씨솔루션,2024-12-01,2026-05-01,18,17,1047,엠앤씨솔루션,유가,특수 목적용 기계 제조업,2024-12-16,True,False
487570,HS효성,2024-07-01,2026-05-01,23,22,1048,HS효성,유가,기타 금융업,2024-07-29,True,False
489790,한화비전,2024-09-01,2026-05-01,21,20,1049,한화비전,유가,통신 및 방송 장비 제조업,2024-09-27,True,False
499790,GS피앤엘,2024-12-01,2026-05-01,18,17,1050,GS피앤엘,유가,기타 금융업,2024-12-23,True,False
900030,연합과기,2008-12-01,2012-08-01,45,44,1051,,,,,False,True
900050,중국원양자원,2009-05-01,2017-08-01,100,98,715,,,,,False,True
900140,엘브이엠씨홀딩스,2010-11-01,2026-05-01,187,186,710,엘브이엠씨,유가,자동차 판매업,2010-11-30,True,False
950010,평산차업,2007-11-01,2015-10-01,96,95,714,,,,,False,True
950070,중국고섬,2011-01-01,2013-09-01,33,32,1052,,,,,False,True
950100,SBI모기지,2012-04-01,2014-12-01,33,32,713,,,,,False,True
950210,프레스티지바이오파마,2021-02-01,2026-05-01,64,63,1053,프레스티지바이오파마,유가,자연과학 및 공학 연구개발업,2021-02-05,True,False
