formation_year,n_stocks,median_bm,median_fiscal_year
2000,558,2.2384900605100713,1999.0
2001,574,1.988768904888515,2000.0
2002,601,1.880818522512807,2001.0
2003,632,1.9945680921450895,2002.0
2004,624,2.1133196564879144,2003.0
2005,623,1.3909787527242774,2004.0
2006,638,1.180346314904288,2005.0
2007,643,0.7771118337746102,2006.0
2008,659,0.9598639959125989,2007.0
2009,665,1.2536776045363507,2008.0
2010,674,1.2275779490388512,2009.0
2011,689,1.1540301732925586,2010.0
2012,700,1.31763988759936,2011.0
2013,689,1.2119757409827425,2012.0
2014,690,1.0768954036069136,2013.0
2015,718,0.9385376184422682,2014.0
2016,730,0.999033814810476,2015.0
2017,731,1.0289446705965903,2016.0
2018,748,1.1465255430870278,2017.0
2019,757,1.2096964444444442,2018.0
2020,761,1.5164747551198634,2019.0
2021,768,0.892542016544781,2020.0
2022,781,1.310001151874095,2021.0
2023,782,1.397335425962989,2022.0
2024,792,1.503385848658899,2023.0
2025,799,1.6236001679532792,2024.0
