date,S/L,S/M,S/H,B/L,B/M,B/H,SMB,HML,Mkt-RF,rf,specification
2000-07-01,-0.08626503927800483,-0.03729737578728518,-0.04336305187306681,-0.17554505114693417,-0.05161155440378018,-0.02291257280477442,0.02771457047237732,0.09776723287354887,-0.15212160786769516,0.0040741237836483,spec_aligned
2000-08-01,0.07989238450267304,0.10577753650503385,0.10500229105573264,-0.0509210812471168,0.020200544511163585,-0.021189486682114816,0.11419407849383585,0.02742075055903079,-0.03638413931442218,0.0040741237836483,spec_aligned
2000-09-01,-0.018976660249852714,0.04213114225274422,0.015977375490006086,-0.12767524580444725,-0.09918233229862099,-0.10162328607571243,0.12253757389055941,0.030502997734296808,-0.12065341477568645,0.0040741237836483,spec_aligned
2000-10-01,-0.18148480049566287,-0.13273242117966344,-0.14791330779283993,-0.16955717691900246,-0.13151636078125328,-0.16167689610011465,0.0002066347774013766,0.020725886760855405,-0.16795481641237417,0.0040741237836483,spec_aligned
2000-11-01,-0.06787353435261878,-0.011399580542127847,0.020087312099996455,-0.00426971493466735,-0.04819108284120373,-0.0019346647168370806,-0.0015967801006806746,0.04514794833522275,-0.021584236582281348,0.0040741237836483,spec_aligned
2000-12-01,-0.13365576324212156,-0.10161093990113458,-0.07556944848048291,-0.005484641254963267,0.0006526674433542743,0.05723620041335715,-0.1210801260751624,0.06040357821497952,-0.015151131833671895,0.0040741237836483,spec_aligned
2001-01-01,0.2695144460049319,0.14687259083479953,0.19848149867335202,0.21931585523801692,0.15312214586730857,0.15364828206526482,0.029594084114164337,-0.06835026025216598,0.19691078762408754,0.0040741237836483,spec_aligned
2001-02-01,0.05692213004685502,0.09567090084776425,0.04256989461155452,-0.11440390049525928,0.003385085978014144,-0.019372045350737877,0.10851792845805228,0.04033980985461045,-0.08681716108371881,0.0040741237836483,spec_aligned
2001-03-01,-0.10274436436074949,-0.0710516802973213,-0.055455839253822435,-0.055150043012089006,-0.12161810752792464,-0.12334145223685229,0.02361923962165756,-0.010451442058918112,-0.07597278472450052,0.0040741237836483,spec_aligned
2001-04-01,0.018407694499095146,0.007267603061387578,0.010099918454654178,0.11325214171258692,0.07974488505033922,0.0626225773649364,-0.07328146270424188,-0.029468670196045745,0.09699593074283226,0.0040741237836483,spec_aligned
2001-05-01,0.06968681448212002,0.10727489145811567,0.11025483538852861,0.006795437057805236,0.12726560845757617,0.18574297418783522,-0.01086249279148413,0.10975777901821929,0.046740437830084455,0.0040741237836483,spec_aligned
2001-06-01,-0.0034777150439257542,0.008970772008368929,0.039184281905880525,-0.07084563382299884,0.04282122353662147,0.0492369341096355,0.007821605015688526,0.08137228244122031,-0.0397616084033764,0.0040741237836483,spec_aligned
2001-07-01,-0.11427506726643633,-0.1077237017007443,-0.09368576681716383,-0.055361168307900756,-0.15497248352732848,-0.142240904145713,0.01229667339886592,-0.03314521769426988,-0.0916879256519046,0.0040741237836483,spec_aligned
2001-08-01,-0.028855066300719663,-0.033119885094815095,0.02550832710743014,0.0021686301225211373,-0.013155589630917036,0.018832932576523485,-0.014770865785410736,0.03551384793107608,-0.003326746358319907,0.0040741237836483,spec_aligned
2001-09-01,-0.18084519042298902,-0.1212051966829956,-0.07077750269876158,-0.14421165031976516,-0.07013148888454854,-0.09575649501800408,-0.020909418527476145,0.07926142151299427,-0.1283199694336416,0.0040741237836483,spec_aligned
2001-10-01,0.16763994550147646,0.13498975948847558,0.09078874898376067,0.15996302492714753,0.0341544315816773,0.07017474388956804,0.04304208452510662,-0.08331973877764762,0.1186505937416435,0.0040741237836483,spec_aligned
2001-11-01,0.11647012395235874,0.0560652992125093,0.11441260697092384,0.1638615691090918,0.21428026627354455,0.23153231313392852,-0.10757537279359101,0.03280661352170089,0.168033643497731,0.0040741237836483,spec_aligned
2001-12-01,-0.0258874591374955,-0.0020726784512405715,0.02204720109232382,0.09339869519612506,0.027495831896646953,0.01752280431778378,-0.048110089302322676,-0.013970615324260978,0.06440310642770061,0.0040741237836483,spec_aligned
2002-01-01,0.08886245751400695,0.09744117569853782,0.1532747230888228,0.03358644903990312,0.0935656167439395,0.21165693269021502,0.0002564526091032998,0.12124137461256389,0.05958036189147349,0.0034744950034975,spec_aligned
2002-02-01,0.07363639637309005,0.050173139481415455,0.026891998173702646,0.11686493318649187,0.07799838838050858,0.133182493330341,-0.059114760289711084,-0.015213419027769154,0.09747974479929448,0.0034744950034975,spec_aligned
2002-03-01,0.07056018666446634,0.09802691323408037,0.09980222514476342,0.11351666855011568,0.12126264938217453,0.1260374713309328,-0.030809154739970965,0.020881420630557104,0.10830322849233776,0.0034744950034975,spec_aligned
2002-04-01,-0.1166363137671545,-0.1397650710472232,-0.10099292061599915,-0.035882855409154785,-0.16798272383389584,-0.10082790498049245,-0.017566940402277936,-0.024650828210091166,-0.07982677717153572,0.0034744950034975,spec_aligned
2002-05-01,-0.005225769545282982,-0.011317854963143215,-0.016171576632724893,-0.06512548546300964,-0.058850858054958745,-0.0571391127598175,0.0494667517122116,-0.0014797171921248908,-0.06233748707640929,0.0034744950034975,spec_aligned
2002-06-01,-0.13237666678989837,-0.11744167629349261,-0.07373099180112226,-0.049200969911497174,-0.07725251964637023,-0.020336621279798243,-0.058919741348949214,0.04375501181023752,-0.05506502179938501,0.0034744950034975,spec_aligned
2002-07-01,0.005426035960034192,0.004323354131747308,0.0085520645343109,-0.04929684207766529,-0.021193233015174066,0.1363293819393226,-0.015845950740130278,0.0943761262956323,-0.04028882665001834,0.0034744950034975,spec_aligned
2002-08-01,-0.008438895450126585,0.05836542799793849,0.029897950891285847,0.02459067960332408,-0.002848855486695448,0.04105473162135327,0.005675975900371954,0.02740044917972081,0.016282219991005504,0.0034744950034975,spec_aligned
2002-09-01,-0.18799776130963525,-0.11758339110788187,-0.08312628542720299,-0.09450867688154674,-0.10966690739955302,-0.1501542912668802,-0.011459187432246679,0.024612930748549394,-0.10859641020389156,0.0034744950034975,spec_aligned
2002-10-01,0.03328938856441559,0.02740141177799896,-0.009328398734997728,0.03382233729830725,-0.006119488934172094,0.04750434741678779,-0.007948264724502045,-0.01446788859046639,0.025771545957006623,0.0034744950034975,spec_aligned
2002-11-01,0.024353595724915765,0.05032961533408155,0.02369101790069368,0.10400724189442725,0.09800927420101709,0.06044649356812531,-0.054696260234626225,-0.022111663075262022,0.09790785558789246,0.0034744950034975,spec_aligned
2002-12-01,-0.16688466405220495,-0.14008621504975233,-0.1724408906299846,-0.13864715926952734,-0.10602500044698952,-0.1739080668512331,-0.020277181054730642,-0.02040856707974273,-0.14011976106184,0.0034744950034975,spec_aligned
2003-01-01,-0.05515567846821652,-0.04357275831468793,-0.06286491186904083,-0.06456402031405102,-0.03865508147376482,-0.05251427686139281,-0.001953323334245541,0.002170255025916945,-0.06149665413041595,0.0032737397821989,spec_aligned
2003-02-01,0.005467727994694185,-0.008968578108062598,-0.015152877408168236,-0.04045691021130048,0.015357062664344546,-0.0238836255012122,0.01010991517554383,-0.0020236603463870684,-0.030404575241735756,0.0032737397821989,spec_aligned
2003-03-01,-0.12900451039452265,-0.07395469156321528,-0.08312214133972005,-0.03221390045847104,-0.05174477716357432,-0.07862973580999714,-0.04116430995513849,-0.00026673314836174467,-0.041701534876301904,0.0032737397821989,spec_aligned
2003-04-01,0.11514879204666115,0.05950181741188169,0.022696870076294846,0.10677491543454677,0.15427149383534802,0.1364451968369431,-0.06671470885733341,-0.031390820283985,0.11123552431269476,0.0032737397821989,spec_aligned
2003-05-01,0.0664796514515654,0.09922774896813352,0.060140235284591496,0.05511986521207289,0.04286322562236514,0.14229723965099575,-0.0048108982603811135,0.04041897913597448,0.05301344307185986,0.0032737397821989,spec_aligned
2003-06-01,0.045275174403580705,0.04408631472920281,0.002907892632462646,0.05990767473412943,0.015439666774570858,0.08789757785871721,-0.023658512534057114,-0.007188689323265142,0.05299778075610385,0.0032737397821989,spec_aligned
2003-07-01,-0.010863121551539139,-0.01516368836649665,0.0012103810183354215,0.07837325935816591,0.023599673361095412,0.03692354597286477,-0.054570969197275485,-0.014688105407713294,0.059793520645615425,0.0032737397821989,spec_aligned
2003-08-01,-0.053562342851054205,-0.004504698567770962,0.022829443139445234,0.04214443094333839,0.08396107172846949,0.12453763583433686,-0.09529357892850822,0.07939249544074896,0.04871606973942061,0.0032737397821989,spec_aligned
2003-09-01,-0.13334400068195496,-0.04878176389370236,-0.04936829104537738,-0.07651817203992839,-0.05496435398884185,-0.06002434286986462,-0.013329062240799938,0.050234769403320674,-0.07488025007586392,0.0032737397821989,spec_aligned
2003-10-01,-0.04603613310541818,-0.022897493503192718,0.00037771394026363215,0.13027579752263155,0.11159589739094224,0.14887242038183998,-0.15310000932125367,0.03250523495244512,0.11909701635497917,0.0032737397821989,spec_aligned
2003-11-01,-0.01812006494999485,-0.007324450157658354,0.016536359980947858,-0.0005742122240857706,0.08213400249932257,0.12247078629307731,-0.07097957723167314,0.07885071172405289,0.018106138546295596,0.0032737397821989,spec_aligned
2003-12-01,-0.07744814996805532,0.0005054395071034023,0.0179384045898849,0.02325884325331115,-0.007215837861864048,0.03118792511856266,-0.035411745460358926,0.05165781821159587,0.015172357317947024,0.0032737397821989,spec_aligned
2004-01-01,-0.04250326503760087,-0.039754404460815594,-0.023859267258323973,0.06589571915469528,-0.003007865175488995,0.05812882904512422,-0.07571120659369032,0.005438553834852918,0.04075939941961289,0.0030725417032555,spec_aligned
2004-02-01,-0.10083616633146156,0.036460428222622285,-0.027945480117408442,0.03750125624074505,0.02159037905496604,0.10860438514883644,-0.08667241289026509,0.07199690756107226,0.030749845149360765,0.0030725417032555,spec_aligned
2004-03-01,-0.036216162694607514,-0.04070877774222018,0.003997006849695004,0.005346765103721664,0.021164577001934554,0.025755832418901836,-0.04173170270389691,0.030311118429741345,0.0028324469066122473,0.0030725417032555,spec_aligned
2004-04-01,0.061669635567833794,0.00858833508258697,0.030264541642689578,-0.030425666851795867,-0.02836160628889677,0.08292699328810449,0.025460930715232824,0.040973783107378065,-0.018376904733572976,0.0030725417032555,spec_aligned
2004-05-01,-0.10714856103485629,-0.09198519703718509,-0.03803922525039087,-0.07134570561651524,-0.0642209247149307,-0.039630989826328525,-0.020658454388219262,0.050412025787326065,-0.06651348411068603,0.0030725417032555,spec_aligned
2004-06-01,-0.013046095303101822,0.011057550754248253,-0.030480625495386045,-0.022182586546786738,0.021982036936824552,-0.02554223059120212,-0.0022421299476917712,-0.010397087118349801,-0.0216964520401824,0.0030725417032555,spec_aligned
2004-07-01,-0.1477606644853387,-0.025144406180339883,-0.004997911688368534,-0.0754653858954176,-0.0063394968355723925,-0.009730162301911052,-0.028789312440382023,0.10424898819523835,-0.06855001739559599,0.0030725417032555,spec_aligned
2004-08-01,0.13230787501575061,0.057261326330822176,0.04901461613891195,0.0769222665424637,0.07972409012121912,0.09859145169339655,-0.0055513302905315365,-0.030812036862952905,0.07260107633638475,0.0030725417032555,spec_aligned
2004-09-01,-0.06298892470297945,0.007393489565599837,0.07175298074610308,0.03799586299685606,0.08666031676787392,0.13958099020033068,-0.08269320811877906,0.11816351632627857,0.04320006778212397,0.0030725417032555,spec_aligned
2004-10-01,-0.05143691975604421,0.009472078641821592,0.04092862045306697,-0.008631518336224706,0.04744599250574107,0.05143751285568133,-0.03042940256211778,0.0762172857005086,-0.006531481486339407,0.0030725417032555,spec_aligned
2004-11-01,0.009287538109630315,0.049487870068847216,0.03938911153944597,0.03837506699593684,0.09655679224004338,0.15242442524760014,-0.06306392158855229,0.07207546584073947,0.04886342870477149,0.0030725417032555,spec_aligned
2004-12-01,0.019106383739595223,0.008839798410250623,-0.03098772756528903,0.018987299944586346,0.006463077741650004,-0.02112235390957888,-0.0024565230640335514,-0.045101882579524744,0.014413563283675112,0.0030725417032555,spec_aligned
2005-01-01,0.1983354414586216,0.13205977116551157,0.12556732250394279,0.036865509591410994,0.08369168529222377,0.08953863683729792,0.08195556780238109,-0.010047495854395933,0.047923913824295505,0.0028708987190766,spec_aligned
2005-02-01,0.17305006165033393,0.16567555426877384,0.24163119054763235,0.07972671296816364,0.09599663074220306,0.2815493252908645,0.041028045821836334,0.13520187060999966,0.08285175610052951,0.0028708987190766,spec_aligned
2005-03-01,-0.13652492792830082,-0.04045863258349367,-0.056630056402596676,-0.045868017735348016,-0.04906633861935989,-0.048504133194837255,-0.030058375788281994,0.03862937803310745,-0.04864076450667498,0.0028708987190766,spec_aligned
2005-04-01,-0.11237625553926416,-0.06009139346865187,-0.03252870205395916,-0.06543506380704607,-0.02390413323076471,-0.06612034602704138,-0.01651226933234102,0.03958113563265484,-0.05717361596371099,0.0028708987190766,spec_aligned
2005-05-01,0.12169651473894323,0.04964106044904381,0.02351877592749381,0.06418735779474193,0.045083359389459746,0.051481798512152704,0.011367945139708825,-0.05544164904701932,0.05993018171596273,0.0028708987190766,spec_aligned
2005-06-01,0.1842010000980595,0.11956392185427868,0.1449934384216915,0.023403246329043562,0.06999004895450282,0.1872239805719607,0.056047028172840865,0.06230658628327457,0.029520522882411533,0.0028708987190766,spec_aligned
2005-07-01,0.1082346325968071,0.14937623712890055,0.13215639089907055,0.08301700426291689,0.10897876307254807,0.13391571661190582,0.021285258892469155,0.03741023532562619,0.09051498919344175,0.0028708987190766,spec_aligned
2005-08-01,-0.0912601631513325,-0.06487749835079153,-0.05145987914523052,-0.026311884261079332,-0.011966803896114802,0.009294639708972341,-0.05953783073304425,0.037703403988076825,-0.02502555575249552,0.0028708987190766,spec_aligned
2005-09-01,0.13221783925434674,0.1663207197906374,0.1734551197064934,0.09555262651644753,0.14471687968010555,0.15470377309071096,0.0256734664880712,0.050194213513205035,0.1110585052629414,0.0028708987190766,spec_aligned
2005-10-01,0.09296826992268939,0.040071603882089545,0.028557395670301956,-0.056562697557646584,-0.05677259574158993,-0.02016648385386654,0.09836634887606133,-0.014007330274303694,-0.055720829989838135,0.0028708987190766,spec_aligned
2005-11-01,0.155475440797916,0.148471963891717,0.1174556498584776,0.11096549630716865,0.0874004495596388,0.12578887326421637,0.03241607847236225,-0.011598206991195348,0.10191347114193246,0.0028708987190766,spec_aligned
2005-12-01,-0.05950700397880249,-0.022150739843059073,-0.013120692602956048,0.0715116848462198,0.04015971183491315,0.030078091319700115,-0.07884264147521688,0.002476358924663382,0.05440831530095269,0.0028708987190766,spec_aligned
2006-01-01,0.08672088918690925,-0.014617252885035195,-0.037074264126180805,0.03338437058663486,-0.003324683550819633,0.0444423034585442,-0.013157539439555393,-0.05636861022059036,0.01861393021690116,0.0028708987190766,spec_aligned
2006-02-01,0.013752906605161631,-0.018756638722212626,-0.02421841493492321,-0.023041347888462987,-0.007651201816244059,0.029214049385141855,-0.009247882244136337,0.007142037866760001,-0.01966941553055978,0.0028708987190766,spec_aligned
2006-03-01,-0.05500674700130635,-0.005197788435582479,0.00398658752688416,-0.028037674622978712,0.02298377793201582,-0.0005823117427822451,-0.016860579825419844,0.04322434870419349,-0.016174047959557666,0.0028708987190766,spec_aligned
2006-04-01,-0.009227362716059052,0.012686023896761708,0.07693334443317064,0.044443128861180375,0.045714150252059584,0.11736114379517623,-0.042375472431514294,0.07953936104161277,0.04221057211107836,0.0028708987190766,spec_aligned
2006-05-01,-0.13436580830559688,-0.07813084338416226,-0.05672252596777697,-0.05819468733508406,-0.0763980896336708,-0.08223128319602212,-0.017465039164253057,0.026803343238440927,-0.06915553825913531,0.0028708987190766,spec_aligned
2006-06-01,-0.06090298674333384,-0.006277301712653998,-0.04194537081337982,-0.03644309564559835,-0.015126666173951926,-0.018102326924915618,-0.013151190174967253,0.01864919232531838,-0.030411919827986567,0.0028708987190766,spec_aligned
2006-07-01,-0.05130786451658087,-0.029640543542049844,-0.010158437888520834,0.004716741324237436,-0.038037433165436965,0.0010934139245584785,-0.01962652267683683,0.018763049614190536,-0.009196497759176029,0.0028708987190766,spec_aligned
2006-08-01,0.01431930042488306,0.05202999024727865,0.056332053823445104,0.04910151738544755,0.053629767180467344,0.04336505337311623,-0.007804997814474787,0.01813814469311536,0.04671063096444348,0.0028708987190766,spec_aligned
2006-09-01,0.06379876371892182,0.02687899634096888,0.05542141376931994,0.011663821671235504,0.02908263119440112,0.020138668630155787,0.028404684111139406,4.874850465920455e-05,0.01433443824803405,0.0028708987190766,spec_aligned
2006-10-01,-0.05621269872303137,-0.0063338845669700375,-0.006118125377992346,-0.015867283126936867,0.011830519640695175,0.000542129565662038,-0.02172335824913803,0.03325199301881896,-0.010712730988992862,0.0028708987190766,spec_aligned
2006-11-01,0.007323480244682766,0.09599321044356263,0.12964565339314357,0.04502831105222755,0.06213224722847352,0.08542767209201654,0.013458037902890449,0.0813607670941249,0.049737495342561194,0.0028708987190766,spec_aligned
2006-12-01,-0.09874621877933641,-0.020261984557310604,-0.03745921097950141,-0.007684693310483448,0.00020091815596926782,0.06758881905904075,-0.07219081940689168,0.0682802600846796,-0.004005022382853368,0.0028708987190766,spec_aligned
2007-01-01,-0.026959285584490147,-0.03567008093931317,-0.022967895991389157,-0.06637011510989232,-0.029797557084854563,-0.023296430802685276,0.011288946827413233,0.02353253695015402,-0.05708215445615728,0.0036748094004368,spec_aligned
2007-02-01,0.05618287896808655,0.017628866529720375,0.043573212084485766,0.032481268905434096,0.04943778298360692,-0.037043082197220946,0.02416966263015754,-0.041067008993127915,0.027722811831422046,0.0036748094004368,spec_aligned
2007-03-01,-0.026735236544633542,0.10751488534657902,0.0916923752339884,0.02261570353714455,0.0773459635677569,-0.010611513886743409,0.02770729027259194,0.042600197177366995,0.031072903011285253,0.0036748094004368,spec_aligned
2007-04-01,0.029799991333110554,0.07032948361367322,0.12546001790290628,0.06570421380617766,0.06481333611156789,0.05714934613603423,0.012640865598636752,0.04355257944982615,0.06245096129063236,0.0036748094004368,spec_aligned
2007-05-01,0.12247415785327058,0.12805758869883307,0.1851657408242903,0.08675876677140631,0.1751213606630416,0.12607104455360416,0.015915438462780596,0.05100193037660877,0.11137801698985643,0.0036748094004368,spec_aligned
2007-06-01,0.0743496946711361,0.018450063615688215,-0.0011857946993821698,0.023580694368208168,0.03055851688995764,0.004412194782553226,0.011020852515574369,-0.047351994478086606,0.019952954519026622,0.0036748094004368,spec_aligned
2007-07-01,0.1086215073416579,0.09217592625952403,0.1419945467431145,0.08530724241575365,0.15067834303595118,0.14121025300934023,-0.01146795270558286,0.04463802499752159,0.10483938815886591,0.0036748094004368,spec_aligned
2007-08-01,-0.05550216995309032,-0.03221176625237703,-0.01991728836454068,-0.02053718310471308,-0.009376662773231147,-0.04967193217733288,-0.009348482171576977,0.003225066257964926,-0.02584899478057473,0.0036748094004368,spec_aligned
2007-09-01,-0.03386336682091448,0.029023284254028992,0.004452899173111324,0.04491199767234513,0.06144431590792475,0.020451253604885897,-0.04239825019297665,0.0069277609632832846,0.046500309688628054,0.0036748094004368,spec_aligned
2007-10-01,-0.057857022673162777,-0.08614641185074295,-0.07194789158530523,0.09294537758915802,0.006468281386798823,-0.021219795357977522,-0.0980483965757301,-0.064128020929639,0.060876602877414816,0.0036748094004368,spec_aligned
2007-11-01,-0.08560515345228825,-0.07666213439380844,-0.0792947416126747,-0.06780111529822787,-0.07768279908929965,-0.04608044116295564,-0.016665891302762734,0.014015542987442883,-0.07622966982592526,0.0036748094004368,spec_aligned
2007-12-01,-0.083056683115481,-0.026018467986051855,0.000530594036264719,-0.02415791587891977,-0.008302689430536518,0.010793995752268035,-0.028959315836026626,0.059269594391466764,-0.023613704493138453,0.0036748094004368,spec_aligned
2008-01-01,-0.08354154555464008,-0.11313137718192832,-0.07622682571222472,-0.15231334469621982,-0.11375300898258772,-0.0750437545167092,0.02273678658224121,0.04229215501096299,-0.14509378021602018,0.0040741237836483,spec_aligned
2008-02-01,0.05703389819770337,0.10680442100458239,0.07464985973776982,0.07773337537462757,0.04292815561890068,-0.042715854961165714,0.05351416763589768,-0.05141663439786341,0.05753048267163904,0.0040741237836483,spec_aligned
2008-03-01,-0.044260050890820905,-0.04962102385591439,-0.03975134185285721,0.016740024539012438,0.004557259270416355,-0.08831008145578499,-0.022206539651078768,-0.050270698478416864,-0.0033220562273068824,0.0040741237836483,spec_aligned
2008-04-01,-0.02158491780788826,0.03669075785383884,0.04764890861055267,0.05906826657215037,0.05504105494162813,0.0852691282867613,-0.04554123371467886,0.047717344066525925,0.0568736532335686,0.0040741237836483,spec_aligned
2008-05-01,0.008120196200530871,0.041853693495579825,0.05018349543115202,0.015245309837482538,0.03410533785116142,0.014817046979062777,0.011996563486518657,0.020817518186100697,0.017616827427211268,0.0040741237836483,spec_aligned
2008-06-01,-0.03362015347844113,-0.032178716141172625,-0.04508486266542531,-0.10866710274712392,-0.08567703488245398,-0.056059331601114315,0.04650657898188439,0.02057153097951271,-0.10121094430497278,0.0040741237836483,spec_aligned
2008-07-01,-0.06465236294901855,-0.05789442652847877,-0.07279476029957223,-0.05544451406003325,-0.0337996727845072,0.019422903796370114,-0.041840088909633075,0.033362510252924846,-0.05089576923966206,0.0040741237836483,spec_aligned
2008-08-01,-0.19748216558651438,-0.0924364514591276,-0.0794320860727975,-0.1051857575523489,-0.03567459855402979,-0.018377496653795147,-0.07003761678608855,0.1024291702061353,-0.08624152730673641,0.0040741237836483,spec_aligned
2008-09-01,-0.11366330222851513,-0.05173520008688443,-0.05363691516141388,0.003227431558172932,-0.019656496424177307,-0.06652845006885716,-0.045359300847317305,-0.004864747279964422,-0.012176591695257834,0.0040741237836483,spec_aligned
2008-10-01,-0.3640764620244326,-0.2807367918627771,-0.29584918203451327,-0.20233794715581457,-0.23445548091213095,-0.2288780318348185,-0.09166365867298634,0.020843597655457735,-0.21923902238709497,0.0040741237836483,spec_aligned
2008-11-01,0.08035633813736996,-0.021260913776494375,0.003036354781316326,-0.04412857787811765,-0.031789113928188575,0.046850510884225614,0.030399653354757507,0.006829552703144816,-0.03924060288658771,0.0040741237836483,spec_aligned
2008-12-01,-0.024949691493765074,0.061731548814029355,0.04421205080243249,0.04462651279141954,0.042878695824111655,0.07560453392027813,-0.02737194480437086,0.050069881712528075,0.04074341231938583,0.0040741237836483,spec_aligned
2009-01-01,0.11209784199952762,0.044142657515084664,0.03399518565642365,0.029210495006012926,0.018951074746970328,-0.029950059320395253,0.05734139157948264,-0.06863160533475607,0.02241208525959967,0.0016515813019202,spec_aligned
2009-02-01,-0.04548855185892431,-0.02107528725052779,0.006634114685236369,-0.06789575681677561,-0.07787647274393183,-0.12191763612065533,0.06925338041904901,-0.0009496063798595245,-0.07341635765674605,0.0016515813019202,spec_aligned
2009-03-01,0.11565196641968264,0.11257235874277294,0.08875058844752254,0.1435659922309136,0.11139181052661101,0.09049366665504312,-0.009492185267529873,-0.039986851774015314,0.12985049091638712,0.0016515813019202,spec_aligned
2009-04-01,0.31752502613908795,0.19016142937341432,0.20491001006657106,0.11529964430653848,0.138844480507532,0.15134877609182462,0.10236785489105937,-0.038282942143615384,0.12502961124923961,0.0016515813019202,spec_aligned
2009-05-01,-0.049175634072672066,0.0633941902938726,0.04389791705604502,0.02072720671657062,-0.010643003557688593,-0.0033652267001687518,0.017132498939510757,0.034490558855988854,0.010928588029100362,0.0016515813019202,spec_aligned
2009-06-01,-0.07211437797597761,-0.045423985645430806,0.003858539257237614,-0.009888900217574454,0.0075613295724125595,0.018286943943868938,-0.043213065887625954,0.05207438069732931,-0.007682868001953395,0.0016515813019202,spec_aligned
2009-07-01,0.008785904543758128,0.0478569584275641,0.05538658237616194,0.10419391928466132,0.12320695434283858,0.09848544026670049,-0.07128562284890541,0.020446099407221488,0.1046037552032216,0.0016515813019202,spec_aligned
2009-08-01,0.00700816320315208,0.019292168711930416,0.03877327353321464,0.031273698033223093,0.031031392643086755,-0.0240766369112769,0.008948383894421397,-0.011792612307218713,0.026902064390522035,0.0016515813019202,spec_aligned
2009-09-01,-0.10216516218134863,-0.014269734591653462,-0.008748219282933106,0.050416175826699106,0.03844166842537779,0.08027775328678242,-0.0981062378649315,0.06163926017924942,0.045207984295982676,0.0016515813019202,spec_aligned
2009-10-01,-0.029567547821457967,-0.015538857119106865,-0.03181165512374998,-0.06484032606745026,-0.03790560906590826,-0.06346422224649395,0.02976403243851255,-0.0004340017406678498,-0.05847546049515443,0.0016515813019202,spec_aligned
2009-11-01,-0.06743945987579958,-0.014269347081029502,-0.031109539406700068,-0.007980892566133966,-0.0170610432758126,-0.05977014471098469,-0.009335421936865967,-0.007729665837875613,-0.015411290206917326,0.0016515813019202,spec_aligned
2009-12-01,0.07334003167016409,0.050944247160799504,0.06495585270939225,0.09430137566438426,0.07850210102822038,0.06415586454879353,-0.01590640323368077,-0.019264845038181294,0.08518400210363898,0.0016515813019202,spec_aligned
2010-01-01,-0.019806514590784155,-0.027810619553549916,-0.04760186983594931,-0.05630971770093237,-0.03153456239390399,0.04715272525092019,-0.018175816378789067,0.0378335438533437,-0.04482236889400034,0.0016515813019202,spec_aligned
2010-02-01,0.03822405526625158,0.04258034823382415,0.02377134712662788,-0.00674549988137544,-0.00011493269378743664,-0.022048835277311024,0.04449500615972583,-0.014878021767779644,-0.004483929118883771,0.0016515813019202,spec_aligned
2010-03-01,0.037068993672024105,0.023643564858433015,0.08963769448421592,0.06364345055100651,0.060674810072744174,0.013790100227818061,0.004080630721034761,0.0013576752445016854,0.05765837609363104,0.0016515813019202,spec_aligned
2010-04-01,0.0169058388822847,0.058865469528391286,0.05555319479089879,0.025930815208807113,0.05283062652845322,-0.051521668212536016,0.03469490989228349,-0.01940256375636452,0.028008747655299246,0.0016515813019202,spec_aligned
2010-05-01,-0.029183196513151897,-0.050134472575746505,-0.04564203051133178,-0.060325117566108866,-0.034745202084777084,-0.04133517249094626,0.00381526418053401,0.0012655555384913642,-0.052733576907853574,0.0016515813019202,spec_aligned
2010-06-01,0.011469477176320892,0.011092370104958931,0.03022655661873236,0.03776347437623255,0.04499117866690689,0.002852546860128927,-0.010939598667752064,-0.008076924036846081,0.03598982632453022,0.0016515813019202,spec_aligned
2010-07-01,0.03104978772114465,0.03430451827232381,0.02200373818428648,0.027506066318506557,0.05309514766332812,0.02962110895551339,-0.0076214262531977064,-0.003465503449925668,0.030897674271837264,0.0016515813019202,spec_aligned
2010-08-01,-0.053985540818755326,-0.009718169718380586,-0.013419981054371767,-0.007253530934099552,0.019807313892447435,-0.06779364870850756,-0.0072946086137826716,-0.009987279005012221,-0.00599047811017893,0.0016515813019202,spec_aligned
2010-09-01,0.017545299088599118,0.04918551844302428,0.05656446845447707,0.07360820834293942,0.0935044930458877,0.051395071969943994,-0.031737495790890226,0.008403016496441262,0.07422905368080986,0.0016515813019202,spec_aligned
2010-10-01,0.06899208810318924,0.08469788423294088,0.10014165983726703,-0.00018692762951364432,0.018020264814950837,0.02743882125021986,0.0695198245792467,0.029387660306905636,0.005121917252931035,0.0016515813019202,spec_aligned
2010-11-01,-0.06302922611710286,-0.051838198874867736,-0.07183830941795523,0.018139806690142136,0.01274705794978629,-0.04380920542904101,-0.057927797873604414,-0.03537904771001775,0.010888290764693609,0.0016515813019202,spec_aligned
2010-12-01,0.023499681973993974,0.03055953336181964,0.022588174742181534,0.07407153984925408,0.06775108175502942,0.07522440638929949,-0.04679987930519594,0.00012067965411648868,0.06936236723570141,0.0016515813019202,spec_aligned
2011-01-01,-0.0029394241877425246,-8.836909554477997e-05,0.00422511724042494,0.018777666114453966,0.01761429541289645,-0.03378922964101415,-0.0004684693097328766,-0.022701177163650325,0.01335566971850141,0.00226327964177,spec_aligned
2011-02-01,-0.06982789977781885,-0.048946978156208264,-0.06338452137024682,-0.05283077351083579,-0.10055664911837182,-0.049128070217992724,0.006785364514308813,0.005073040850207551,-0.06554987668044353,0.00226327964177,spec_aligned
2011-03-01,0.03981099754116865,0.044659207673548765,0.04051236366290864,0.09047609580976079,0.10075362855151396,0.020677050040612252,-0.028974735174753637,-0.034548839823704276,0.08708997252582638,0.00226327964177,spec_aligned
2011-04-01,0.09561353816359519,0.020712549378954385,0.016895536457899436,0.047407059091728806,0.03998894579654663,-0.008666491509314088,0.01816403687382922,-0.06739577615336934,0.04250300968968332,0.00226327964177,spec_aligned
2011-05-01,-0.04125142332678638,-0.0023061768514204403,-0.012520670889974595,-0.018765678594572927,-0.021628214979935077,0.06901562769344821,-0.028233335062373875,0.05825602936241646,-0.018343849273131853,0.00226327964177,spec_aligned
2011-06-01,0.0108042113326156,-0.009051769126579474,0.0005763809658276539,-0.0356318580607691,0.026013169462073805,-0.01682357085546308,0.009590360875340717,0.004290228419259039,-0.023685926707523064,0.00226327964177,spec_aligned
2011-07-01,0.07092796800682898,0.09659835967133883,0.08188953439146576,0.016352664035441295,0.007082138185958916,-0.03423239932437613,0.08673781972420316,-0.019811748487590316,0.012889192156613528,0.00226327964177,spec_aligned
2011-08-01,-0.10221089838535957,-0.08280220846433374,-0.07465491036829149,-0.1232674127837859,-0.11139050029243949,-0.10165833738328738,0.025549411080509343,0.0245825317087833,-0.11825302684596958,0.00226327964177,spec_aligned
2011-09-01,-0.10571856679427334,-0.10029266194473685,-0.09656188198874449,-0.04132604844461499,-0.08146624289073442,-0.09945991078741019,-0.02677363620166502,-0.024488588768633163,-0.055445583220597804,0.00226327964177,spec_aligned
2011-10-01,0.08850240304384252,0.09238737351413964,0.035730588022440155,0.08584431910694122,0.06080337449068243,0.12988848744815668,-0.019971938821785995,-0.004363823340093442,0.07569727597056801,0.00226327964177,spec_aligned
2011-11-01,-0.057959131055884065,-0.03627341953649049,-0.02228013513799917,-0.027348445504886455,-0.03836626650631134,-0.02758087994186902,-0.007739031259102306,0.017723280740451167,-0.03127980785485307,0.00226327964177,spec_aligned
2011-12-01,0.047137988679769045,0.04927042700891137,0.056472430424935174,-0.013031719555863111,-0.0072734509294927665,0.02157786706372505,0.050536049845082136,0.021972014182377146,-0.012321515212454032,0.00226327964177,spec_aligned
2012-01-01,0.04481152121438805,0.04353632307354801,0.03680840675898632,0.0677047334498841,0.07345815864333616,0.08127415713694629,-0.03242693272774806,0.00278315461583023,0.06373426724429244,0.0024662697723036,spec_aligned
2012-02-01,0.11676837307013119,0.09256513941790208,0.14344032294563389,0.044698191646401354,0.025424661649193835,-0.04806535793512027,0.11023878002439741,-0.033045799853009455,0.03517082904083494,0.0024662697723036,spec_aligned
2012-03-01,-0.08821992021176549,-0.05498233402615479,-0.032952870562109694,0.003628370227470455,-0.03553675773279678,-0.06509725494003506,-0.026383160784889524,-0.006729287758924861,-0.01162331364368102,0.0024662697723036,spec_aligned
2012-04-01,-0.06597268774513963,-0.0738747676839986,-0.04526606328569492,0.004386649915535228,-0.051690140819952414,-0.027976506747495564,-0.036611173687640136,-0.005828266101793041,-0.012477242429302551,0.0024662697723036,spec_aligned
2012-05-01,-0.08056811176022262,-0.04902089750648158,-0.05387005035169063,-0.08040108353997916,-0.05785010825551562,-0.02242785510293507,-0.00759333757332166,0.04233564492278803,-0.07252115574164339,0.0024662697723036,spec_aligned
2012-06-01,0.039551987817490086,0.036932655387341876,0.015778222575201593,0.0025147380152658405,0.00882277289107485,0.06895341166979982,0.003990647734631012,0.02133245420612274,0.003328638342333296,0.0024662697723036,spec_aligned
2012-07-01,-0.036823441449078814,-0.022206224290132665,-0.013718018965202073,0.024470666582358306,0.0074623071764981464,0.010962888861906859,-0.03854784910839229,0.004798822381712647,0.015638588961409645,0.0024662697723036,spec_aligned
2012-08-01,0.11871749371099095,0.04912114059556409,0.04373380592046138,-0.004019003718613046,0.04287057393221576,0.04855723546167684,0.04138787818391229,-0.011203724305119837,0.010076461597079232,0.0024662697723036,spec_aligned
2012-09-01,-0.024965537244808884,0.08493110069835494,0.06426189018667829,0.04752305495497825,0.03842461780261551,0.0872107358145273,-0.016310318310632246,0.06445755414551811,0.04466333916815472,0.0024662697723036,spec_aligned
2012-10-01,-0.02478669433422809,-0.010655448493444129,-0.007509064444391174,-0.05637094374978456,-0.019979007626932777,-0.005769641489035302,0.01305612853122975,0.033939466075293086,-0.04520651424319922,0.0024662697723036,spec_aligned
2012-11-01,-0.03431658870286147,-0.029703113116906998,-0.03442449949672962,0.02718186676172231,-0.01180910874385828,0.008097799784861115,-0.04063825303974108,-0.00959598888536467,0.011184816035321577,0.0024662697723036,spec_aligned
2012-12-01,-0.10269343019962272,-0.0039198101137877936,0.00989336914939495,0.02796332773622951,0.03717821189120363,0.05897831421715027,-0.073613241669533,0.07180089291496922,0.02863627161729494,0.0024662697723036,spec_aligned
2013-01-01,0.06479361800740951,0.045657984416002745,0.04814563868957926,-0.03793381212495884,0.0012514989841648616,0.013779481683747024,0.06050002419001282,0.017532657245437806,-0.024603873795842265,0.00226327964177,spec_aligned
2013-02-01,0.010096044053098418,0.04010269718966784,-0.0032187980646471628,0.0405769187012825,0.0180190064088932,0.028035527101795004,-0.013217169677950537,-0.012928116858616539,0.03095586172286737,0.00226327964177,spec_aligned
2013-03-01,-0.0032332262695060725,0.054448005195405276,0.059677812986298796,-0.007912527133220002,-0.012127895936243097,-0.020950387330708968,0.05062780077079002,0.024936589529157952,-0.010904986846893878,0.00226327964177,spec_aligned
2013-04-01,-0.004490659579213458,0.07265727263093746,0.05184277595883508,-0.02923120065164503,-0.008549226593845629,0.0019233617732358939,0.05195548482760461,0.043743998981464735,-0.021832398049000425,0.00226327964177,spec_aligned
2013-05-01,0.0028640463568152604,0.005630478211013346,0.024579522476731192,0.026860309694378696,0.013039541693959466,-0.061133185434485836,0.018102460363569158,-0.0331390095044743,0.015425942468317374,0.00226327964177,spec_aligned
2013-06-01,-0.03796566003570591,-0.08312578037143438,-0.07990972095379337,-0.06885066393389108,-0.06400334028890414,-0.05292032989107271,-0.0050756090823552355,-0.01300686343763454,-0.06865751920245855,0.00226327964177,spec_aligned
2013-07-01,0.03584266835464087,0.051983214604566785,0.031107263816864007,0.00725170396280044,0.0556806588882014,0.07876249776384721,-0.007587237946259123,0.03338769463163495,0.026730395741999043,0.00226327964177,spec_aligned
2013-08-01,-0.0326125527927698,-0.008281481438734513,0.0005653203788133758,0.010515843771206845,0.005145055164040842,0.021983057976490417,-0.025990890254809683,0.022322543688433373,0.006279565529269728,0.00226327964177,spec_aligned
2013-09-01,0.013535311428214982,0.01787076580275329,0.0129343384009089,0.02740669305115329,0.04639663934654287,0.04703933809982932,-0.02550075162188277,0.009515836010684973,0.03286717641276695,0.00226327964177,spec_aligned
2013-10-01,-0.019531543933648143,-0.012786493948389646,-0.029390067344666607,0.025852243012904084,0.0021472512913171737,-0.002564918153741197,-0.029047560459061487,-0.019137842288831874,0.01186335812074132,0.00226327964177,spec_aligned
2013-11-01,-0.031585830725590895,-0.008117399422175845,0.009819890102139985,0.017553891516064457,-0.001995412538730071,0.01283502318383929,-0.019425614068933478,0.018343426247752856,0.006837096777589549,0.00226327964177,spec_aligned
2013-12-01,-0.06836037703336681,-0.02778295138328414,-0.02377392681288722,-0.0326743359963074,-0.011092648107430832,0.03624149323344276,-0.037463921453080896,0.05675113972511487,-0.02298097692072184,0.00226327964177,spec_aligned
2014-01-01,0.04048429827453215,0.024645441324252632,0.015060673555779934,-0.03389162210897893,-0.038742634790615245,-0.014545101434038312,0.05578992382939907,-0.0030385520219057965,-0.03465842323791844,0.0020598362698427,spec_aligned
2014-02-01,0.011738502427079474,0.03584387903739561,0.07132812645303355,0.030876940354288143,-0.0006546050882098214,0.027816356060006563,0.020290605530474577,0.028264519865836252,0.018348021796330452,0.0020598362698427,spec_aligned
2014-03-01,0.032506419992538664,0.051541591216250626,0.03804076976560184,1.718476637474025e-05,0.010651643170892214,-0.0009920602836121896,0.03747067110691212,0.0022625523615381234,0.0025371506002992645,0.0020598362698427,spec_aligned
2014-04-01,-0.016816714919008626,0.0544520835747372,0.026121288903742622,-0.0012432471110674092,-0.022091646294672584,0.00501029959213606,0.027360417124358372,0.024595775262977355,-0.009308417923308658,0.0020598362698427,spec_aligned
2014-05-01,-0.015661929578068307,0.06892203897038164,0.028387109889301376,0.03516705674266704,-0.007010284097301617,-0.0012971903053378528,0.018262545647195712,0.0037923962096823947,0.016109447325553077,0.0020598362698427,spec_aligned
2014-06-01,-0.011515917467699718,0.0011915280071099208,0.03975463576932277,-0.010429095254463817,0.030771788066195974,-0.0054964585407690164,0.004861337345923276,0.028101594975358645,0.0021153724439872193,0.0020598362698427,spec_aligned
2014-07-01,-0.0006570692178256088,0.026741081239665385,0.058768534035217396,0.01502988646074807,0.0263537702300137,0.060603483283375864,-0.00571153130569349,0.0524996000378354,0.025009589849012998,0.0020598362698427,spec_aligned
2014-08-01,-0.014947955023189395,0.04065683181183178,0.014879070060251484,0.02891365945413273,-0.02845024332545041,-0.010096019793063462,0.016740183504425004,-0.004591327081877656,-0.007519205763638986,0.0020598362698427,spec_aligned
2014-09-01,0.02807158517736798,0.03158571191299091,0.01439565259854456,0.00824007442300935,-0.05017180403084155,0.0029513886883059523,0.03767776353614323,-0.009482309156763407,-0.02014670582810971,0.0020598362698427,spec_aligned
2014-10-01,-0.03399850430038479,-0.030806453741272517,-0.035528578148353036,-0.03745200875395133,-0.019724005816085854,-0.04469395425481705,0.0005121442116146277,-0.004386009674416991,-0.028938407778023704,0.0020598362698427,spec_aligned
2014-11-01,-0.03557890870357516,-0.025656784083011662,-0.01758532874776378,0.0034306384941976136,0.02581401849911856,-0.00487634869797443,-0.03439644327656412,0.00484329638181967,0.010191576418989007,0.0020598362698427,spec_aligned
2014-12-01,-0.01647791659503542,-0.0017643803125363526,-0.0365618459329576,-0.04450033612092564,-0.019719810303277806,-0.05707899545310981,0.022164999678927957,-0.016331294335053172,-0.039480651164877534,0.0020598362698427,spec_aligned
2015-01-01,0.05340267786964056,0.04110279109035424,0.04521583033429256,0.055297035652319505,0.01901872114638026,-0.017535535491187734,0.027647025995591764,-0.040509709339427616,0.019821735225426993,0.0016515813019202,spec_aligned
2015-02-01,0.08550733687324266,0.06562991114119676,0.0956992034440049,0.004755029702565605,0.005582844626557376,0.05548419747104895,0.06033812655275747,0.03046051716962278,0.01693522227074017,0.0016515813019202,spec_aligned
2015-03-01,0.07001643847938706,0.1012912459075903,0.1177321620230482,0.033833407983124245,0.028549720971950895,-0.010711975879768389,0.0791228977782396,0.0015851698403842596,0.022074357518766637,0.0016515813019202,spec_aligned
2015-04-01,0.032278798183712695,0.05007793754932855,0.05168611003823969,0.051705473821140276,0.018223682567735534,0.08376363410649476,-0.006549981574696544,0.02573273606994074,0.036224861796923774,0.0016515813019202,spec_aligned
2015-05-01,0.04725639745803019,0.07212278197999043,0.02278305676263915,0.011405143252632305,-0.0377489260906665,-0.010581482472513002,0.05969583383706899,-0.023229983210268174,-0.0053624499348649945,0.0016515813019202,spec_aligned
2015-06-01,-0.009314652524097865,0.010202848868861717,0.018627834632529802,-0.0006992650652931539,-0.031197571628212083,-0.0035455014754781715,0.018319456382092356,0.012548125373221326,-0.023070679295376494,0.0016515813019202,spec_aligned
2015-07-01,0.0074392641287243785,0.0058132587214142755,0.018911029105335434,0.008480624069483435,-0.04623454365277948,-0.022466023310002373,0.030794498282924167,-0.009737441201437377,-0.02286533082566106,0.0016515813019202,spec_aligned
2015-08-01,-0.054106183784838696,-0.04744267771216825,-0.058731760296473194,-0.03239825567921837,-0.04795332641650775,-0.03560884768678886,-0.01477339733698839,-0.0039180842596024945,-0.041984666600253004,0.0016515813019202,spec_aligned
2015-09-01,0.005346559898658921,0.02731542981528366,0.018455990110287555,-0.03872106715753552,0.04352007865953183,0.03623526196742796,0.0033612354516019526,0.044032879668296054,0.010059399371712177,0.0016515813019202,spec_aligned
2015-10-01,0.0028676253091088166,0.011428862266544389,-0.005514402775837126,-0.0035024026623418658,0.0763455953344973,0.010314258531855924,-0.024791788801398425,0.0027173165546259233,0.03137398028521744,0.0016515813019202,spec_aligned
2015-11-01,-0.020673003649653406,-0.02752435312481026,-0.03243715724902827,0.008892352742228203,-0.0262889829008558,-0.024326856776995958,-0.012970342362622797,-0.022491681559299512,-0.015260312724048774,0.0016515813019202,spec_aligned
2015-12-01,-0.1063395442101596,0.025378391436292093,-0.00759291291362312,-0.017574431651512373,-0.011464074213988944,-0.01543915172155252,-0.014692136033478928,0.05044095561324817,-0.016771497381367923,0.0016515813019202,spec_aligned
2016-01-01,0.04615425216049869,-0.03564913328892647,-0.05596251384280948,0.010420073742395383,-0.05058792810690033,-0.012718959372569302,0.0024764729219456643,-0.06262789955913642,-0.022009463148913513,0.0012414877164492,spec_aligned
2016-02-01,-0.05466654071052414,0.0040347434928502115,0.023995732261677605,-0.057802520833525134,0.018663447800807177,0.07494170848027387,-0.020812900134517413,0.10570325114300037,-0.0007492088965891919,0.0012414877164492,spec_aligned
2016-03-01,0.13028100432925405,0.04420895404606897,0.04286148624465889,0.004923613736846241,0.05724857842921832,0.05545943336042218,0.03323993969783171,-0.018441849230509608,0.03803609011461862,0.0012414877164492,spec_aligned
2016-04-01,-0.05375080145568438,0.022363946444579223,0.02108758768789436,0.011360362490116743,-0.028268623587569243,0.02425860600627585,-0.005883204077344716,0.04386831632986893,-0.004966368985036313,0.0012414877164492,spec_aligned
2016-05-01,-0.018313467447383727,0.022146188498874012,-0.02133766136203616,0.019260560194117555,-0.0007440017537920751,-0.046438842101589606,0.003472447783572751,-0.034361798105179794,-0.004898883366984304,0.0012414877164492,spec_aligned
2016-06-01,-0.02814992709319488,-0.010909204943193343,-0.0017333238695450756,-0.004489598350066319,0.015593189855832404,-0.04968472654095112,-0.0007371069569160876,-0.009389262483617499,-0.007021039282974987,0.0012414877164492,spec_aligned
2016-07-01,0.0029172131422877923,0.051286897261258624,0.06719670866544254,-0.03680035259154513,0.04553310907437959,0.03687633945107251,0.025263907711693998,0.06897809378288619,0.018986747858167924,0.0012414877164492,spec_aligned
2016-08-01,-0.02880141872258776,-0.03823444510784047,-0.0011068238997158785,-0.016689750194519896,0.027359220422888283,0.005909325203633725,-0.028240494387382072,0.02514683511051275,0.008060832441230615,0.0012414877164492,spec_aligned
2016-09-01,0.025338997330596257,0.05118869907055896,0.040761538841259666,0.020016985038056278,0.003073934288050318,-0.017628967932333452,0.037275761282880585,-0.01111170572986316,0.0031466149288948532,0.0012414877164492,spec_aligned
2016-10-01,-0.09412916529732718,-0.07315747186503069,-0.035921971026372526,-0.09033964090427414,0.004235231749884275,0.0076065459391017635,-0.041570248324480766,0.07807669055716529,-0.024397834523316828,0.0012414877164492,spec_aligned
2016-11-01,-0.04825647115139287,-0.035504390068088997,0.00927548270769347,-0.04406867834067345,0.003590306473319133,-0.008846828597730713,-0.00838672601556779,0.046376901801014545,-0.01311094303429267,0.0012414877164492,spec_aligned
2016-12-01,0.036006941711851696,0.042416555238965946,0.0546419513344209,0.006753958920874121,0.029474542755512857,0.03187008075640338,0.02165562195081606,0.02187556572904923,0.02369327688200113,0.0012414877164492,spec_aligned
2017-01-01,0.006103794835244295,-0.0007325311002944573,0.0076287103693604644,-0.018573630517372278,0.04288725545133925,-0.008045058021223657,-0.0010895309361443391,0.006026744015132395,0.016130598015677712,0.0010357460146983,spec_aligned
2017-02-01,-0.010846076396802094,0.015232237813090757,-0.010703438631490007,0.025512815807756554,-0.007033410645645932,0.04638317303849991,-0.023726618471937293,0.010506497498027722,0.01061395057719307,0.0010357460146983,spec_aligned
2017-03-01,0.03168340530633481,0.016897903136589624,0.025709193625105858,0.0009452300440327352,0.05066986626790678,0.021296380953896524,0.0004596749340647563,0.007188469614317419,0.03104865894198224,0.0010357460146983,spec_aligned
2017-04-01,-0.03660710798739902,-0.0028371194768776675,-0.020813495778356773,0.022669953975278212,0.03238700717019333,-0.010849665775327668,-0.034821672870925774,-0.008863003770781818,0.018447194917975362,0.0010357460146983,spec_aligned
2017-05-01,0.040757129042450345,0.04971889615681251,-0.016670938262213674,0.08692157384400893,0.05384543525201215,0.07610703948141523,-0.04768965388012905,-0.03412130083362886,0.06511040284390075,0.0010357460146983,spec_aligned
2017-06-01,-0.0358163488537832,-0.0037414510854988188,0.016576570397248417,-0.02188398892223676,0.03413475951248095,-0.0023427196493079477,-0.01096309349432328,0.03596709426198021,0.014195684620422555,0.0010357460146983,spec_aligned
2017-07-01,-0.037048665629248405,-0.041916621527551455,-0.025325838869447257,-0.005963824704923064,0.010235182893725108,0.007541615730149969,-0.03870136664839971,0.01261413359743709,-0.0004608858291054391,0.0010357460146983,spec_aligned
2017-08-01,0.0070500744618275215,-0.0046620414602150636,-0.001226925569058,-0.010131153810023517,-0.003789885330231868,-0.034185901979623234,0.016422682850811027,-0.01616587410024262,-0.013426882713593843,0.0010357460146983,spec_aligned
2017-09-01,-0.08932535741744743,-0.06038554269967695,-0.05436759115745516,0.06104337671680233,-0.015371545079390958,-0.03721172102699073,-0.07084620062833338,-0.031648665741900395,0.018111143441885504,0.0010357460146983,spec_aligned
2017-10-01,0.03439955734552639,0.027062967539545815,0.007765891197212794,0.07235736423031089,0.04370167418632151,0.039889065659974944,-0.028906562664774114,-0.029550982359324768,0.05693494025379962,0.0010357460146983,spec_aligned
2017-11-01,0.047355265385802814,0.017472396909092445,0.02054366237766092,-0.03388924945493721,0.0001752288352811921,0.004868997098354765,0.03807211606461914,0.005973321772575041,-0.018309465526889276,0.0010357460146983,spec_aligned
2017-12-01,-0.012967080220463183,-0.009039305084595106,-0.03822751488025478,0.00808877987264335,-0.008474561491689132,-0.02968154848437668,-0.010055523360630205,-0.03151538150840581,-0.004991797447554711,0.0010357460146983,spec_aligned
2018-01-01,0.09369306282178655,0.10073018326802254,0.08869043438353796,0.023955314922760283,0.048839803371593896,0.07534713836703444,0.044990474603986155,0.02319459750301278,0.040854369054728605,0.0012414877164492,spec_aligned
2018-02-01,-0.04612726777465484,-0.041283338612747196,-0.04740235064363428,-0.0495512995470454,-0.06453204399139799,-0.06207521159097696,0.013781866032794687,-0.006899497456455503,-0.05746482504492978,0.0012414877164492,spec_aligned
2018-03-01,0.03741215823194385,0.03234606062074356,0.013025701197012586,0.03565751841286671,-0.007312052625899886,-0.03732748744172472,0.030588647234819296,-0.04868573144476135,0.010937078190485299,0.0012414877164492,spec_aligned
2018-04-01,0.10885208186516837,0.054770121109239865,0.05958768161395858,0.02364952218550194,-0.00437304112112884,0.08888762016856519,0.03834859445180951,0.007986848865926738,0.02623580574461149,0.0012414877164492,spec_aligned
2018-05-01,-0.0185103885423422,0.006352545149785345,0.04736810293609074,-0.025479845131539662,-0.04969895640709867,-0.05251003681435017,0.0542996992988408,0.01942414989781122,-0.036009253609159665,0.0012414877164492,spec_aligned
2018-06-01,-0.0789346765917936,-0.10172541855932274,-0.11482742816582216,-0.03683096309103316,-0.03158047957426244,-0.06634723961831625,-0.05357628034444222,-0.032704514050655824,-0.042684540778435885,0.0012414877164492,spec_aligned
2018-07-01,-0.041006990823589454,-0.03574820617381325,-0.03507468171168778,-0.027221035968220182,-0.0021418974355227934,0.012147362259136806,-0.031538102521494776,0.022650353669629333,-0.016054896180572025,0.0012414877164492,spec_aligned
2018-08-01,0.019356632022302447,0.019197086745237044,0.018827163949946882,0.03455331805865383,-0.008205017932655543,-0.014217031855509439,0.01508320481566584,-0.024649908993259417,0.014054760742897566,0.0012414877164492,spec_aligned
2018-09-01,0.020914602724899693,0.01686263930758864,0.0055541126590197476,-0.015167003143996662,0.0467816224091054,0.023602560665862023,-0.003961941746487559,0.011704536871989371,0.005079069605273235,0.0012414877164492,spec_aligned
2018-10-01,-0.2321360501742341,-0.19785752386830324,-0.1691085947530805,-0.14123263536736116,-0.11918378428610282,-0.12611430265282833,-0.07085714882977517,0.039072894067843256,-0.13622094489887765,0.0012414877164492,spec_aligned
2018-11-01,0.06859772387412684,0.07329906461640956,0.05506763817183327,0.030372334149177675,0.02614669111465678,0.049976696029777896,0.030156235122919102,0.0030371380891533253,0.0324291414431043,0.0012414877164492,spec_aligned
2018-12-01,-0.03159469418845992,0.01711688978062981,0.006071347840121557,-0.0446305089382621,-0.01881134992015326,0.008065739718554503,0.015656554190717435,0.045181145342699035,-0.028826103689207613,0.0012414877164492,spec_aligned
2019-01-01,0.10890851509477453,0.11029065173730326,0.0918112998804597,0.09957114741868726,0.06154217910621615,0.06037155489016277,0.02984186176582379,-0.028148403871419647,0.08124477522675301,0.0014467654179763,spec_aligned
2019-02-01,-0.0494391874601977,-0.04193848349796945,-0.032616333859982985,-0.002221708104806445,0.002600847700241219,-0.004566314918416566,-0.039935609831722785,0.007239123393302297,-0.003929274429014577,0.0014467654179763,spec_aligned
2019-03-01,0.005644303889833383,-0.03377874725848249,-0.013235127162786386,-0.013531887260886742,-0.03567607263180143,-0.047401210937330344,0.018413200099527675,-0.026374377364531687,-0.02642223200726903,0.0014467654179763,spec_aligned
2019-04-01,0.039655229239290914,0.04780787916959427,0.05112523817261173,0.028744017735121686,0.015867195620385556,0.04285426595226453,0.01704095575790838,0.012790128575231825,0.026941807315041245,0.0014467654179763,spec_aligned
2019-05-01,-0.06165042109827458,-0.049229410252042534,-0.041401895050864654,-0.08716187711728794,-0.06189520097246241,-0.07160619018997666,0.022793847292848418,0.017902106487360604,-0.07862708455727441,0.0014467654179763,spec_aligned
2019-06-01,0.0682471733834177,0.040006301854335145,0.038320747242302125,0.056373880384828164,0.030037574030521864,0.027640586665416016,0.010840727133096306,-0.029329859930263866,0.04260362694567767,0.0014467654179763,spec_aligned
2019-07-01,-0.1214092461817522,-0.11416326457378229,-0.0832640013755341,-0.05573776761570034,-0.03678261703554303,-0.06341323131296056,-0.05430096538895488,0.01523489055447895,-0.049724553018035224,0.0012414877164492,spec_aligned
2019-08-01,-0.010347491811433119,-0.009700098608047415,-0.021734981996335043,-0.01301725713590112,-0.028375653383520147,-0.04200626586192285,0.013872201321842845,-0.020188249455461823,-0.026540444914594997,0.0012414877164492,spec_aligned
2019-09-01,0.027449477693785137,0.029856542379963533,0.0570565893482128,0.020100657511043046,0.0703680798460226,0.028043204314043307,-0.001383110749715831,0.01877482922871396,0.047159387753890364,0.0012414877164492,spec_aligned
2019-10-01,-0.052544893878519065,-0.01774574296866934,-0.013695982300877093,0.04763505529871579,0.0051786326633085815,-0.020311732997124552,-0.03882952470432178,-0.014548938359099185,0.01192594165811222,0.0012414877164492,spec_aligned
2019-11-01,-0.02760808296346339,0.011889820524324026,-0.010410589165626052,-0.016936819332788115,0.0022537878796215697,0.026711691166785255,-0.012719170439461375,0.030423002148705355,-0.0018097566237664723,0.0012414877164492,spec_aligned
2019-12-01,0.011006951265503958,0.037862819568219304,0.022571630029702725,0.03927581159534227,0.07694178259839554,0.013123155775277527,-0.01929978303519645,-0.007293988527932987,0.05441708939544363,0.0012414877164492,spec_aligned
2020-01-01,-0.04862608304629948,-0.04588225673800039,-0.0591396834662403,-0.013331131441341381,-0.030521366549877787,-0.07700313928711054,-0.010930795324070153,-0.037092804132855,-0.03306107728997538,0.0010357460146983,spec_aligned
2020-02-01,-0.09588793143660068,-0.08913991443896549,-0.07054661930837965,-0.04261711113322103,-0.05903097390342386,-0.111407142277136,-0.014173079290054985,-0.021724359507846958,-0.062203801470426506,0.0010357460146983,spec_aligned
2020-03-01,-0.09462308269310846,-0.1400419379676156,-0.1777834161534403,-0.06353825801957662,-0.13263256031678158,-0.17689662919174143,-0.01312699642868824,-0.09825935231624833,-0.11799535192724844,0.0006228618011265,spec_aligned
2020-04-01,0.1829800570946545,0.19392052985324468,0.196468749400985,0.13133897325864163,0.08541689045164517,0.16177907548933704,0.06494479904975345,0.02196439726851296,0.11172622596510011,0.0006228618011265,spec_aligned
2020-05-01,0.09344856239374315,0.07040516597049923,0.07331736404114729,0.08064630913197594,0.02017730307097768,0.025161420786571367,0.037062019805288234,-0.03780804334900022,0.04196239528371951,0.0006228618011265,spec_aligned
2020-06-01,-0.05175775640220259,-0.010757932056204672,-0.017791967975908114,0.08326985664184974,0.029162648277727105,0.0008470835217341286,-0.06452908162520879,-0.024228492346910567,0.04192291311390546,0.0006228618011265,spec_aligned
2020-07-01,0.09718881316967731,0.06987256054817217,0.09144626544746079,0.06914168538798297,0.0435451709508792,0.046318302556209445,0.033167493423412894,-0.014282965276995033,0.0616046357895452,0.000415714844729,spec_aligned
2020-08-01,0.03516918768828482,0.018648841706045208,0.05046459711467334,0.015541149362918158,0.06003282464816206,0.09419196593021545,-0.02182777114409743,0.0469731129968429,0.03258879829253989,0.000415714844729,spec_aligned
2020-09-01,0.025030562847802786,0.02528758500812661,0.02632873146048571,0.002445409546057427,-0.0051215221880749695,0.0012205199019971824,0.026034157352145152,3.6639484311339066e-05,0.0005298686151274622,0.000415714844729,spec_aligned
2020-10-01,-0.07116310196546143,-0.014284150577665354,-0.006157944967666292,-0.038140658741165505,-0.014361215096641278,0.0007080841805283181,-0.013270469284504868,0.05192694995974448,-0.028241142173486927,0.000415714844729,spec_aligned
2020-11-01,0.07576466678158132,0.13968719953365566,0.13044384404584683,0.1586760268239834,0.1190383102469181,0.1182085289483519,-0.016675718552723207,0.0071058396943169955,0.1445086130748429,0.000415714844729,spec_aligned
2020-12-01,0.00806835296141161,0.03723394597745427,0.06179946644740707,0.13859421583327242,0.08943357261617096,0.08200630211956375,-0.06764410839424471,-0.001428400113856615,0.11533724684746698,0.000415714844729,spec_aligned
2021-01-01,-0.02953047956500892,-0.006597617290110512,0.023215402377721538,0.026660729401694963,0.09815713488512705,0.03356688147072396,-0.05709914674498128,0.029826017005879727,0.03882895307091796,0.000415714844729,spec_aligned
2021-02-01,-0.0072170251072722616,0.02569286566852362,0.03931458643382253,0.007565840917329887,-0.00031365348149886584,0.043250024776157955,0.0024294049276949725,0.04110789769996143,0.009498208224617732,0.000415714844729,spec_aligned
2021-03-01,0.020672065326336492,0.09352977192879441,0.07174718282634969,-0.003395777831509573,0.03222981553242385,0.043320760180124464,0.03793140740014729,0.04889582775582362,0.011065179658543709,0.000415714844729,spec_aligned
2021-04-01,0.044270721438101915,0.07429816697911756,0.09971204829506344,0.007200645780280408,0.058939911963218065,0.04723676158191494,0.034967872462289835,0.04773872132929803,0.02630895988080639,0.000415714844729,spec_aligned
2021-05-01,-0.03389868794743647,0.02183433969986903,0.037846032110263356,0.0044408481678020716,0.02486707363882313,0.04628244517437369,-0.016602894372767657,0.05679315853213572,0.014742998692857414,0.000415714844729,spec_aligned
2021-06-01,0.07301039976204331,0.05550585192757531,0.06741940087001723,0.03335455245797895,0.024463075275071633,0.004674691862095841,0.04448111098816314,-0.0171354297439546,0.029999152277593,0.000415714844729,spec_aligned
2021-07-01,-0.03321793871904676,-0.01905374121839896,-0.03591894785927543,-0.01015772019085887,-0.04085419941488849,-0.03238260494466998,-0.0015987010821012677,-0.012462946947019889,-0.02839163168303961,0.000415714844729,spec_aligned
2021-08-01,-0.05305559951252902,-0.05416011634723976,-0.009456532874306457,0.02371915376281013,-0.02317954586551071,-0.02558622893737745,-0.030541875897999067,-0.002853158030982508,-0.007077214789490119,0.000415714844729,spec_aligned
2021-09-01,-0.03758256554512214,0.020368386039408052,0.019510566775474008,-0.06886086119377108,-0.030760585490300783,-0.010573743730117791,0.03749719256131653,0.05769012489212472,-0.04404288122204968,0.000415714844729,spec_aligned
2021-10-01,-0.018541881527210403,-0.0226335279057826,-0.02424186919389397,-0.02740869695880617,-0.039608230301704454,-0.04043887504731553,0.014012841226979721,-0.009365082877596468,-0.03505667445568756,0.000415714844729,spec_aligned
2021-11-01,-0.14362672073160646,-0.13156820941141992,-0.11380011346374046,-0.04707348545536988,-0.026253031761000627,-0.0905662112972354,-0.07503410503105365,-0.00683305928699976,-0.04371463429926227,0.000415714844729,spec_aligned
2021-12-01,0.09945087561568956,0.10509010134143745,0.06954808584215812,0.004446532518162272,0.10102347061422261,0.0605714928674241,0.03601585559982539,0.013111085287865192,0.04907632633096065,0.000415714844729,spec_aligned
2022-01-01,-0.11384185527887035,-0.09284388757665575,-0.06919394030266046,-0.15025893773808796,-0.07004879115724218,-0.06578932620087517,0.0034057906460062543,0.06455876325671134,-0.10741277908423841,0.0010357460146983,spec_aligned
2022-02-01,0.027513245182936876,0.034104899422895206,0.0571471484561714,0.024265844568963274,0.003602894627565058,0.023402090343349044,0.02249815450737537,0.014385074523810146,0.012183854312527236,0.0010357460146983,spec_aligned
2022-03-01,0.06437694285256733,0.07956380762570794,0.05151312510297733,0.04932578345066638,-0.011377843349168137,0.04537653588333669,0.03737646653213922,-0.008406532658459843,0.02078016102234975,0.0010357460146983,spec_aligned
2022-04-01,-0.004971867637482666,0.041627264475072666,0.07172783829302538,-0.03373403085426643,-0.01612242329863181,0.009805382661451234,0.04947810220735413,0.06011955972311285,-0.024816912587801745,0.0014467654179763,spec_aligned
2022-05-01,-0.03789844572313416,-0.0352257258580673,-0.02904792506689108,-0.005151409591518279,-0.0025214285167699246,0.0004346868882102367,-0.03164464847600486,0.007218308567985799,-0.003939775400318561,0.0014467654179763,spec_aligned
2022-06-01,-0.16562480037760446,-0.16832803123059542,-0.13870812037109229,-0.12896631817450588,-0.12928920775663774,-0.09603565992975015,-0.039456588706132764,0.02992366912563396,-0.13106770053606892,0.0014467654179763,spec_aligned
2022-07-01,0.05042264192370926,0.0541293927509311,0.04417239122030248,0.06530243621258136,0.05340989676584732,0.02411066773724404,0.0019671417264233715,-0.023721009589372052,0.05216167117765612,0.0018559375353361,spec_aligned
2022-08-01,0.018645299683455633,0.004281312611956071,0.025689388276007745,0.01895133395803328,-0.006813792429561064,0.022578190475334915,0.004633422855870772,0.005335472554926876,0.005997052735556385,0.0020598362698427,spec_aligned
2022-09-01,-0.1354401763321015,-0.1620461094632714,-0.13727131277983626,-0.14211324929632357,-0.11893213654944804,-0.12024084138963331,-0.0178237904466014,0.010020635729477756,-0.13152952193372375,0.0020598362698427,spec_aligned
2022-10-01,0.07941682838205907,0.04422016194956577,0.009046832622190021,0.07421177823547881,0.07369446944910123,0.01912334226925706,-0.011448589000007413,-0.0627292158630454,0.06296244895380212,0.0024662697723036,spec_aligned
2022-11-01,0.08619371935824557,0.09524369141709008,0.10715547022077834,0.09266031044041984,0.049158768427407795,0.0930617862778238,0.017904005283487526,0.010681613349968366,0.07125699140465853,0.0024662697723036,spec_aligned
2022-12-01,-0.10384029173140465,-0.08426518436805705,-0.05467280892215239,-0.11392843968792046,-0.09633529105835206,-0.0642393705999662,0.010574938774874879,0.04942827594860326,-0.10127714324874192,0.0026688087676296,spec_aligned
2023-01-01,0.062352372631537895,0.05690774326585105,0.06261313050249298,0.0907438124248479,0.08585453231456106,0.06278998982588382,-0.019171696055136953,-0.013846532364004488,0.08104446054148343,0.0026688087676296,spec_aligned
2023-02-01,0.044958461046119405,9.176892381729814e-06,0.020307916596281755,-0.011678886984164763,0.0027026715541101877,-0.0023793182370954935,0.025543696067310988,-0.0076754878513841905,-0.006235310538046931,0.0028708987190766,spec_aligned
2023-03-01,0.0670822769186371,0.001001085935888852,-0.008321400591059468,0.04391038413478628,0.03129835230882303,0.008679076933475567,-0.008041950371206134,-0.055317492355503636,0.029563066130371532,0.0028708987190766,spec_aligned
2023-04-01,-0.027847175814112425,0.045322928446019685,-0.009134393412358903,0.0013349226032448266,0.014606156659795594,0.003539804520210152,-0.0037131748545674056,0.010458832159359423,0.004626831863994121,0.0028708987190766,spec_aligned
2023-05-01,-0.03914634475916779,0.02040988698108677,0.0072178105649817114,0.010581213089019827,0.06663564050317407,-0.00967456104601272,-0.02635364658642683,0.013054190594558479,0.02853872937976889,0.0028708987190766,spec_aligned
2023-06-01,0.002794118115854045,0.025920547084886572,-0.006968004283975594,-0.03664533914557211,0.019766419170259602,0.007393881852225693,0.01041056634661728,0.01713854929898408,-0.007634153866775857,0.0028708987190766,spec_aligned
2023-07-01,-0.0730338605909443,-0.05968636235586978,-0.05008276519792344,0.017877126330524882,0.03969899003452438,-0.005464140296990157,-0.0783049880709322,-0.00019508561724708787,0.016013866125784742,0.0028708987190766,spec_aligned
2023-08-01,-0.005159327241537021,0.020063558644728648,0.007527637940878246,-0.04022462976772981,-0.02305241641735262,-0.0028256896947855535,0.02951153507464595,0.02504295262767976,-0.03479936421094789,0.0028708987190766,spec_aligned
2023-09-01,-0.06966597089769644,-0.05312504441813897,-0.0439219687366839,-0.05202033118923971,-0.018800578711053402,0.0034246555390741247,-0.03310557656376679,0.04059449444466319,-0.04245062079549394,0.0028708987190766,spec_aligned
2023-10-01,-0.08616253731064723,-0.048300860822025574,-0.0199855498086847,-0.07935209172877673,-0.08687050210860918,-0.045276102309391074,0.019016582735139835,0.05012648846067409,-0.08064101962073153,0.0028708987190766,spec_aligned
2023-11-01,0.05542607945847353,0.05750043091386746,0.058678152662395136,0.12507270871819232,0.09389126053646618,0.08378876240046897,-0.04371602287346376,-0.01901593655690087,0.10918056066469436,0.0028708987190766,spec_aligned
2023-12-01,0.018781137715057218,0.008451428961795002,-0.015507516758060714,0.05107539778044601,0.04722000923329571,0.04373843225428867,-0.04343626311641295,-0.02081280999963763,0.04752796957739438,0.0028708987190766,spec_aligned
2024-01-01,-0.028029154026970593,-0.021910931175847734,-0.008080067250755938,-0.08328569626890654,-0.0454672700819582,0.010899397228851556,0.019944472222812978,0.057067090136986375,-0.06947720660987365,0.0028708987190766,spec_aligned
2024-02-01,0.00800044144149194,0.01577448744805797,0.036285043443364876,0.0369354109770118,0.09332925886958217,0.05710649014113867,-0.042437062551605946,0.024227840582999906,0.050898745712055264,0.0028708987190766,spec_aligned
2024-03-01,0.036927375968550474,0.0021517865658654744,-0.013121839011722088,0.08134583978005927,-0.017286559405922396,-0.021350912054999553,-0.005583681598814484,-0.07637298340766568,0.03928700987767728,0.0028708987190766,spec_aligned
2024-04-01,0.07182421413555931,-0.014746222532690513,0.015539721795929062,-0.036864058246695586,0.007369314300644397,-0.0075791008475580525,0.03656385273080237,-0.013499767470246359,-0.026017716848348707,0.0028708987190766,spec_aligned
2024-05-01,0.06752706188570445,0.001104723923507954,0.010966672466194169,-0.03873782649985549,0.00763981346928651,0.010948902213632952,0.033249189697447536,-0.003436830353010921,-0.025470779109435255,0.0028708987190766,spec_aligned
2024-06-01,-0.021056463929381822,0.02304786047832339,0.0064096340251522665,0.07833925025950689,0.04786380767435217,0.03454974719721972,-0.05078392485232831,-0.008161702553876542,0.061834570713858755,0.0028708987190766,spec_aligned
2024-07-01,-0.020479456596289726,-0.028088901357210715,-0.023224853052001008,-0.00896345703443987,-0.03184653191849317,0.003324848999478747,-0.011436023684015717,0.0047714547891036675,-0.01755134489478515,0.0028708987190766,spec_aligned
2024-08-01,-0.03454652787020321,-0.04969323295273573,-0.013169548591630163,-0.04504176185756804,-0.025235948873136713,-0.016181358098597477,-0.003650080195088952,0.0251186915187718,-0.040484017961643255,0.0028708987190766,spec_aligned
2024-09-01,0.011251682623309969,-0.007473817729684694,-0.01945542785478946,-0.052015531384380476,0.01014945155642609,0.003380599252738366,0.0076026392046839465,0.012344510079509706,-0.033202384044270034,0.0028708987190766,spec_aligned
2024-10-01,-0.048320488474691246,-0.015777911577144532,-0.020567516871300352,-0.012197880186021469,-0.04137130738294165,0.009002080565398626,-0.013366269973190547,0.024476466177405495,-0.021425445811111436,0.0028708987190766,spec_aligned
2024-11-01,-0.07709518162504277,-0.028828219267086196,-0.04576038909693738,-0.07136602636129757,0.007535650180942394,-0.01905520656402836,-0.022932735748227597,0.04182280616268729,-0.04820318476521294,0.0028708987190766,spec_aligned
2024-12-01,0.0007214846589498428,0.00828437458219181,-0.01921596824288497,-0.005736896939730032,-0.03990686165386343,-0.047749485117835146,0.02772771156989509,-0.030975020539969964,-0.021559661650159163,0.0028708987190766,spec_aligned
2025-01-01,0.011386868352691041,0.009586736213215694,0.016936080094377047,0.05728392360008108,0.033463217000510984,0.03528966010000602,-0.029375705346771433,-0.008222525879194528,0.04478029111977441,0.0026688087676296,spec_aligned
2025-02-01,0.029260464368156942,0.008671065566565876,0.015744288024821248,0.02530791003772016,-0.033232375506342254,0.021906637343148305,0.01323121536167262,-0.008458724518953773,0.006438080398001169,0.0026688087676296,spec_aligned
2025-03-01,-0.07477660047472325,-0.05489085953834125,-0.026680588170276548,-0.021911614676136875,-0.011930028254283602,-0.030758414715247432,-0.030582663512557715,0.019624606132668074,-0.0232641975871022,0.0026688087676296,spec_aligned
2025-04-01,0.054215539467715755,0.07968162636097648,0.09107294329372534,0.023692696763109332,0.019318780116056856,0.04582906656594628,0.04537652189243503,0.029496886814423258,0.023154921347777288,0.0026688087676296,spec_aligned
2025-05-01,0.012670082564186653,0.03040289266685562,0.07292293664015234,0.04424913289744998,0.03243351478351972,0.18103789861141473,-0.04724154480706325,0.09852080989496523,0.049052268464791805,0.0026688087676296,spec_aligned
2025-06-01,0.04338301303123532,0.028712178501905924,0.06505086627588975,0.13912369720697032,0.116894427887442,0.18375297680086053,-0.10087501469541399,0.03314856641927233,0.1333117864212903,0.0026688087676296,spec_aligned
2025-07-01,-0.008000597602165425,0.006484517272616601,0.008744194070313432,0.033306645501369414,0.09868263272379925,0.07794806605634452,-0.06756974351358286,0.030693106113726984,0.057577861470667686,0.0026688087676296,spec_aligned
2025-08-01,-0.023936041182149356,-0.01759613825900007,-0.023109518105740332,-0.02014545411092301,-0.014775627849782641,-0.04055586668557858,0.0036117503664648276,-0.009791944749123274,-0.022693074063596757,0.0026688087676296,spec_aligned
2025-09-01,0.010534423578731321,-0.006566531039686451,0.004003067644552743,0.08050126995172005,0.09680885736972697,0.006332052327167712,-0.058557073155005704,-0.04035028677936546,0.07558772448765606,0.0026688087676296,spec_aligned
2025-10-01,-0.016719140805196528,-0.03995632730759358,-0.014025633752002418,0.23993999821664772,0.2037855502997157,0.16720037582392147,-0.2272090087350258,-0.03502305766976607,0.21237646872193128,0.0026688087676296,spec_aligned
2025-11-01,-0.010675474292432159,0.009748293795940615,0.020896472596443057,-0.06486686470774694,-0.03434084715711477,-0.018789145938647795,0.04598871663448701,0.038824832828987174,-0.05134775297237649,0.0026688087676296,spec_aligned
2025-12-01,0.03280512906206219,-0.0008302255294812089,0.03736844926279899,0.06211112971529009,0.10882136055120772,0.01564409158387284,-0.039077743018330224,-0.020951858965340228,0.07502543744791561,0.0026688087676296,spec_aligned
2026-01-01,0.04796544134291245,0.02189524073330187,0.015228664103444011,0.24346344061113775,0.26082059625309395,0.27017689869818373,-0.22979052979425235,-0.0030116595762112175,0.2430522220869547,0.0024662697723036,spec_aligned
2026-02-01,0.028057629528597274,0.03913243890191609,0.10988465844451305,0.11525360320461714,0.28629187201855333,0.24388050587637258,-0.15611708474150554,0.1052269657938356,0.19013983639372695,0.0024662697723036,spec_aligned
2026-03-01,-0.11283041084852007,-0.0459980936739786,-0.11244952553340594,-0.17994018662835834,-0.2097993666246151,-0.2187079771924789,0.11238983346318257,-0.019193452624503227,-0.19754922362355112,0.0024662697723036,spec_aligned
2026-04-01,0.09829451380004994,0.1025626349973127,0.09839889501866658,0.35897367096760047,0.27730814797041076,0.25205193850790586,-0.19635923787662934,-0.05340867562053897,0.3083506588255017,0.0024662697723036,spec_aligned
2026-05-01,-0.07946954185550673,-0.07974948216052151,-0.08472955400045985,0.23717507361602447,0.27282263789896966,0.08485149145221399,-0.2795992603278987,-0.07879179715438181,0.23250798340151285,0.0024662697723036,spec_aligned
