date,portfolio,vw_return,n_stocks,weight_sum
2000-07-01,B/H,-0.02291257280477442,59,1.0
2000-07-01,B/L,-0.17554505114693417,114,1.0
2000-07-01,B/M,-0.05161155440378018,105,1.0
2000-07-01,S/H,-0.04336305187306681,107,0.9999999999999999
2000-07-01,S/L,-0.08626503927800483,54,1.0
2000-07-01,S/M,-0.03729737578728518,116,1.0
2000-08-01,B/H,-0.021189486682114816,59,1.0
2000-08-01,B/L,-0.0509210812471168,114,1.0
2000-08-01,B/M,0.020200544511163585,105,1.0
2000-08-01,S/H,0.10500229105573264,103,0.9999999999999999
2000-08-01,S/L,0.07989238450267304,53,1.0
2000-08-01,S/M,0.10577753650503385,114,1.0
2000-09-01,B/H,-0.10162328607571243,59,1.0
2000-09-01,B/L,-0.12767524580444725,113,0.9999999999999999
2000-09-01,B/M,-0.09918233229862099,105,1.0
2000-09-01,S/H,0.015977375490006086,106,1.0
2000-09-01,S/L,-0.018976660249852714,54,1.0
2000-09-01,S/M,0.04213114225274422,115,1.0
2000-10-01,B/H,-0.16167689610011465,59,1.0
2000-10-01,B/L,-0.16955717691900246,113,1.0
2000-10-01,B/M,-0.13151636078125328,105,1.0
2000-10-01,S/H,-0.14791330779283993,107,0.9999999999999999
2000-10-01,S/L,-0.18148480049566287,53,1.0
2000-10-01,S/M,-0.13273242117966344,115,1.0
2000-11-01,B/H,-0.0019346647168370806,59,1.0
2000-11-01,B/L,-0.00426971493466735,113,1.0
2000-11-01,B/M,-0.04819108284120373,105,1.0
2000-11-01,S/H,0.020087312099996455,106,1.0
2000-11-01,S/L,-0.06787353435261878,53,1.0
2000-11-01,S/M,-0.011399580542127847,117,1.0
2000-12-01,B/H,0.05723620041335715,58,1.0
2000-12-01,B/L,-0.005484641254963267,113,1.0
2000-12-01,B/M,0.0006526674433542743,105,1.0
2000-12-01,S/H,-0.07556944848048291,105,1.0
2000-12-01,S/L,-0.13365576324212156,53,1.0
2000-12-01,S/M,-0.10161093990113458,117,1.0
2001-01-01,B/H,0.15364828206526482,58,1.0
2001-01-01,B/L,0.21931585523801692,109,1.0
2001-01-01,B/M,0.15312214586730857,101,1.0
2001-01-01,S/H,0.19848149867335202,103,1.0
2001-01-01,S/L,0.2695144460049319,53,1.0
2001-01-01,S/M,0.14687259083479953,115,1.0
2001-02-01,B/H,-0.019372045350737877,59,1.0
2001-02-01,B/L,-0.11440390049525928,113,1.0
2001-02-01,B/M,0.003385085978014144,105,1.0
2001-02-01,S/H,0.04256989461155452,104,0.9999999999999999
2001-02-01,S/L,0.05692213004685502,53,1.0
2001-02-01,S/M,0.09567090084776425,116,1.0
2001-03-01,B/H,-0.12334145223685229,59,1.0
2001-03-01,B/L,-0.055150043012089006,112,1.0
2001-03-01,B/M,-0.12161810752792464,105,1.0
2001-03-01,S/H,-0.055455839253822435,104,1.0
2001-03-01,S/L,-0.10274436436074949,52,1.0
2001-03-01,S/M,-0.0710516802973213,117,1.0
2001-04-01,B/H,0.0626225773649364,59,0.9999999999999999
2001-04-01,B/L,0.11325214171258692,112,1.0
2001-04-01,B/M,0.07974488505033922,105,1.0
2001-04-01,S/H,0.010099918454654178,103,1.0
2001-04-01,S/L,0.018407694499095146,51,1.0
2001-04-01,S/M,0.007267603061387578,117,1.0
2001-05-01,B/H,0.18574297418783522,57,1.0
2001-05-01,B/L,0.006795437057805236,112,1.0
2001-05-01,B/M,0.12726560845757617,105,1.0
2001-05-01,S/H,0.11025483538852861,104,1.0
2001-05-01,S/L,0.06968681448212002,52,1.0
2001-05-01,S/M,0.10727489145811567,117,1.0
2001-06-01,B/H,0.0492369341096355,57,1.0
2001-06-01,B/L,-0.07084563382299884,111,1.0
2001-06-01,B/M,0.04282122353662147,105,1.0
2001-06-01,S/H,0.039184281905880525,104,1.0
2001-06-01,S/L,-0.0034777150439257542,51,1.0
2001-06-01,S/M,0.008970772008368929,117,1.0
2001-07-01,B/H,-0.142240904145713,59,1.0
2001-07-01,B/L,-0.055361168307900756,109,1.0
2001-07-01,B/M,-0.15497248352732848,118,1.0
2001-07-01,S/H,-0.09368576681716383,110,0.9999999999999999
2001-07-01,S/L,-0.11427506726643633,63,0.9999999999999999
2001-07-01,S/M,-0.1077237017007443,112,1.0
2001-08-01,B/H,0.018832932576523485,59,1.0
2001-08-01,B/L,0.0021686301225211373,109,1.0
2001-08-01,B/M,-0.013155589630917036,118,1.0
2001-08-01,S/H,0.02550832710743014,111,1.0
2001-08-01,S/L,-0.028855066300719663,62,1.0
2001-08-01,S/M,-0.033119885094815095,112,1.0
2001-09-01,B/H,-0.09575649501800408,59,1.0
2001-09-01,B/L,-0.14421165031976516,109,1.0
2001-09-01,B/M,-0.07013148888454854,118,0.9999999999999999
2001-09-01,S/H,-0.07077750269876158,110,1.0
2001-09-01,S/L,-0.18084519042298902,63,1.0
2001-09-01,S/M,-0.1212051966829956,112,1.0
2001-10-01,B/H,0.07017474388956804,59,1.0
2001-10-01,B/L,0.15996302492714753,109,1.0
2001-10-01,B/M,0.0341544315816773,118,1.0
2001-10-01,S/H,0.09078874898376067,109,1.0
2001-10-01,S/L,0.16763994550147646,63,1.0
2001-10-01,S/M,0.13498975948847558,112,1.0
2001-11-01,B/H,0.23153231313392852,59,1.0
2001-11-01,B/L,0.1638615691090918,109,1.0
2001-11-01,B/M,0.21428026627354455,118,1.0
2001-11-01,S/H,0.11441260697092384,110,1.0
2001-11-01,S/L,0.11647012395235874,62,0.9999999999999999
2001-11-01,S/M,0.0560652992125093,112,1.0
2001-12-01,B/H,0.01752280431778378,59,1.0
2001-12-01,B/L,0.09339869519612506,108,1.0
2001-12-01,B/M,0.027495831896646953,118,1.0
2001-12-01,S/H,0.02204720109232382,109,1.0
2001-12-01,S/L,-0.0258874591374955,63,0.9999999999999999
2001-12-01,S/M,-0.0020726784512405715,112,1.0
2002-01-01,B/H,0.21165693269021502,58,1.0
2002-01-01,B/L,0.03358644903990312,106,1.0
2002-01-01,B/M,0.0935656167439395,116,1.0
2002-01-01,S/H,0.1532747230888228,107,1.0
2002-01-01,S/L,0.08886245751400695,61,0.9999999999999999
2002-01-01,S/M,0.09744117569853782,110,1.0
2002-02-01,B/H,0.133182493330341,59,1.0
2002-02-01,B/L,0.11686493318649187,107,1.0
2002-02-01,B/M,0.07799838838050858,118,1.0
2002-02-01,S/H,0.026891998173702646,108,1.0
2002-02-01,S/L,0.07363639637309005,62,1.0
2002-02-01,S/M,0.050173139481415455,112,1.0
2002-03-01,B/H,0.1260374713309328,58,1.0
2002-03-01,B/L,0.11351666855011568,108,1.0
2002-03-01,B/M,0.12126264938217453,118,1.0
2002-03-01,S/H,0.09980222514476342,109,1.0
2002-03-01,S/L,0.07056018666446634,61,1.0
2002-03-01,S/M,0.09802691323408037,112,1.0
2002-04-01,B/H,-0.10082790498049245,59,0.9999999999999999
2002-04-01,B/L,-0.035882855409154785,107,0.9999999999999999
2002-04-01,B/M,-0.16798272383389584,118,1.0
2002-04-01,S/H,-0.10099292061599915,108,1.0
2002-04-01,S/L,-0.1166363137671545,60,1.0
2002-04-01,S/M,-0.1397650710472232,111,1.0
2002-05-01,B/H,-0.0571391127598175,59,1.0
2002-05-01,B/L,-0.06512548546300964,107,1.0
2002-05-01,B/M,-0.058850858054958745,118,1.0
2002-05-01,S/H,-0.016171576632724893,107,1.0
2002-05-01,S/L,-0.005225769545282982,58,0.9999999999999999
2002-05-01,S/M,-0.011317854963143215,109,1.0
2002-06-01,B/H,-0.020336621279798243,59,0.9999999999999999
2002-06-01,B/L,-0.049200969911497174,107,1.0
2002-06-01,B/M,-0.07725251964637023,118,1.0
2002-06-01,S/H,-0.07373099180112226,108,1.0
2002-06-01,S/L,-0.13237666678989837,60,1.0
2002-06-01,S/M,-0.11744167629349261,110,1.0
2002-07-01,B/H,0.06833575042088212,89,1.0
2002-07-01,B/L,-0.05310921742324388,106,0.9999999999999999
2002-07-01,B/M,-0.023828019028380436,114,1.0
2002-07-01,S/H,0.02933416337457896,95,0.9999999999999999
2002-07-01,S/L,0.005903693496161417,80,1.0
2002-07-01,S/M,-0.01456549570689623,134,1.0
2002-08-01,B/H,-0.010809069253980681,89,1.0
2002-08-01,B/L,0.02782808474484215,106,0.9999999999999999
2002-08-01,B/M,0.009094340682874161,114,1.0
2002-08-01,S/H,0.027128689657765655,95,1.0
2002-08-01,S/L,-0.0007964534156969575,79,1.0
2002-08-01,S/M,0.0477382792652998,134,1.0
2002-09-01,B/H,-0.18987109643623076,89,1.0
2002-09-01,B/L,-0.08582066827741129,106,1.0
2002-09-01,B/M,-0.11079445081815094,114,1.0
2002-09-01,S/H,-0.13285636752177657,95,1.0
2002-09-01,S/L,-0.17945011204584294,80,1.0
2002-09-01,S/M,-0.10332003814376438,134,1.0
2002-10-01,B/H,0.05383480018121211,88,1.0
2002-10-01,B/L,0.037212349461761794,106,1.0
2002-10-01,B/M,-0.01488460185685056,114,1.0
2002-10-01,S/H,0.011803268662591607,95,1.0
2002-10-01,S/L,0.025282183504983888,78,1.0
2002-10-01,S/M,0.010452838669857379,134,1.0
2002-11-01,B/H,0.08119544262036725,89,0.9999999999999999
2002-11-01,B/L,0.09838074424662509,105,0.9999999999999999
2002-11-01,B/M,0.11125555185335462,113,0.9999999999999999
2002-11-01,S/H,0.04347932252681774,95,1.0
2002-11-01,S/L,0.03935218492108592,78,1.0
2002-11-01,S/M,0.02476033447420313,132,1.0
2002-12-01,B/H,-0.16756377668647005,89,1.0
2002-12-01,B/L,-0.1354373305237729,106,1.0
2002-12-01,B/M,-0.1208629312973684,114,0.9999999999999999
2002-12-01,S/H,-0.1896938831301935,94,0.9999999999999999
2002-12-01,S/L,-0.17098501670180025,78,0.9999999999999999
2002-12-01,S/M,-0.12098832519552823,133,1.0
2003-01-01,B/H,-0.07121415691389281,89,1.0
2003-01-01,B/L,-0.06373975848178771,106,1.0
2003-01-01,B/M,-0.03897786134086016,113,0.9999999999999999
2003-01-01,S/H,-0.07591271784718932,95,1.0
2003-01-01,S/L,-0.032327524808460725,78,1.0
2003-01-01,S/M,-0.04671125181213194,133,1.0
2003-02-01,B/H,-0.0026873512625643784,89,1.0
2003-02-01,B/L,-0.043720118738015505,106,1.0
2003-02-01,B/M,0.009731600018904371,113,1.0
2003-02-01,S/H,-0.013845956195024345,95,1.0
2003-02-01,S/L,-0.029804495799028094,75,0.9999999999999999
2003-02-01,S/M,-0.003818091475953034,133,1.0
2003-03-01,B/H,-0.1473075023484634,89,1.0
2003-03-01,B/L,-0.032949625553574134,106,1.0
2003-03-01,B/M,-0.01368560903157596,112,1.0
2003-03-01,S/H,-0.09865378363382199,95,1.0
2003-03-01,S/L,-0.14995701448628238,78,1.0
2003-03-01,S/M,-0.068142561530525,133,1.0
2003-04-01,B/H,0.17737454676175549,89,1.0
2003-04-01,B/L,0.09893698481441018,105,1.0
2003-04-01,B/M,0.1527192640182413,112,0.9999999999999999
2003-04-01,S/H,0.01761746994610279,95,1.0
2003-04-01,S/L,0.08562898427115075,78,1.0
2003-04-01,S/M,0.04164580183205458,131,1.0
2003-05-01,B/H,0.11813533240213762,89,1.0
2003-05-01,B/L,0.05385332791617136,105,1.0
2003-05-01,B/M,0.04094506327190664,112,1.0
2003-05-01,S/H,0.08260957672136653,95,0.9999999999999999
2003-05-01,S/L,0.08346995364426166,77,1.0
2003-05-01,S/M,0.05673892222939456,131,1.0
2003-06-01,B/H,0.08115789388009267,89,1.0
2003-06-01,B/L,0.060856055948093166,105,1.0
2003-06-01,B/M,0.016441601750624882,112,0.9999999999999999
2003-06-01,S/H,0.04756276033730767,94,1.0
2003-06-01,S/L,0.020624296545249002,77,0.9999999999999999
2003-06-01,S/M,0.010479459461926311,131,1.0
2003-07-01,B/H,0.03323559356800023,65,1.0
2003-07-01,B/L,0.08090055655436562,124,0.9999999999999999
2003-07-01,B/M,0.006837773597741792,131,1.0
2003-07-01,S/H,-0.014905830107246179,124,1.0
2003-07-01,S/L,-0.0018278041473186342,70,1.0
2003-07-01,S/M,-0.0025696179739481727,127,0.9999999999999999
2003-08-01,B/H,0.11934964003030751,65,1.0
2003-08-01,B/L,0.04209122971682434,124,1.0
2003-08-01,B/M,0.08623239196683195,130,0.9999999999999999
2003-08-01,S/H,0.02835863736053526,124,1.0
2003-08-01,S/L,-0.040181153587305986,70,1.0
2003-08-01,S/M,-0.009831215917589836,127,1.0
2003-09-01,B/H,-0.09856628558222873,66,1.0
2003-09-01,B/L,-0.08134583309244363,124,1.0
2003-09-01,B/M,-0.02323759921541414,131,1.0
2003-09-01,S/H,-0.05812501116593494,124,1.0
2003-09-01,S/L,-0.10542900047506416,70,0.9999999999999999
2003-09-01,S/M,-0.05615109426200731,127,1.0
2003-10-01,B/H,0.0978980018589473,66,1.0
2003-10-01,B/L,0.1309920823609693,124,1.0
2003-10-01,B/M,0.11612214041013212,130,1.0
2003-10-01,S/H,-0.008554666599945344,119,0.9999999999999999
2003-10-01,S/L,-0.03229202989036426,69,1.0
2003-10-01,S/M,-0.02674978842825473,127,0.9999999999999999
2003-11-01,B/H,0.05825776461018313,65,1.0
2003-11-01,B/L,0.0045700643096996466,123,0.9999999999999999
2003-11-01,B/M,0.08138759770338984,130,1.0
2003-11-01,S/H,0.013094436304605597,120,1.0
2003-11-01,S/L,-0.019742240108124722,69,0.9999999999999999
2003-11-01,S/M,-0.0036809265603457327,127,1.0
2003-12-01,B/H,0.027515843888021568,65,1.0
2003-12-01,B/L,0.027108906955482875,123,1.0
2003-12-01,B/M,-0.008309732537472405,129,1.0
2003-12-01,S/H,0.008685552738266936,119,1.0
2003-12-01,S/L,-0.04178825173008733,69,0.9999999999999999
2003-12-01,S/M,-0.006708337728946725,127,1.0
2004-01-01,B/H,0.06061503451294436,66,1.0
2004-01-01,B/L,0.06546839976509557,123,1.0
2004-01-01,B/M,-0.028022526544428335,130,1.0
2004-01-01,S/H,-0.013718625479887184,114,1.0
2004-01-01,S/L,-0.052276553746518295,69,1.0
2004-01-01,S/M,-0.04075580896134623,125,1.0
2004-02-01,B/H,0.020655968646700926,66,1.0
2004-02-01,B/L,0.034879256187268434,123,1.0
2004-02-01,B/M,0.03913892932821524,130,1.0
2004-02-01,S/H,-0.059619077150936776,119,0.9999999999999999
2004-02-01,S/L,0.008104126004509686,69,1.0
2004-02-01,S/M,0.011915520345475316,126,1.0
2004-03-01,B/H,0.0831725868830419,66,1.0
2004-03-01,B/L,0.00747060446259207,122,1.0
2004-03-01,B/M,-0.017841759591465136,130,1.0
2004-03-01,S/H,-0.0016573872293160058,118,1.0
2004-03-01,S/L,-0.03561717907920245,68,1.0
2004-03-01,S/M,-0.025245661462595794,125,1.0
2004-04-01,B/H,0.014196166272767645,66,0.9999999999999999
2004-04-01,B/L,-0.03473385580223181,122,1.0
2004-04-01,B/M,0.047490706670834125,129,1.0
2004-04-01,S/H,0.05061346436218568,114,1.0
2004-04-01,S/L,0.010289234050756673,68,1.0
2004-04-01,S/M,0.02206123896793069,125,1.0
2004-05-01,B/H,-0.08638731866751971,65,1.0
2004-05-01,B/L,-0.0687461347800425,122,1.0
2004-05-01,B/M,-0.03760874736693114,129,1.0
2004-05-01,S/H,-0.06592058659568623,113,1.0
2004-05-01,S/L,-0.06882600463887951,66,1.0
2004-05-01,S/M,-0.08153929850623912,125,1.0
2004-06-01,B/H,0.0387782027894201,65,1.0
2004-06-01,B/L,-0.0220202801909587,122,1.0
2004-06-01,B/M,-0.020152040410032088,129,1.0
2004-06-01,S/H,-0.024902856103013918,114,0.9999999999999999
2004-06-01,S/L,-0.026203574799903193,67,1.0
2004-06-01,S/M,-0.004392191740109283,124,1.0
2004-07-01,B/H,-0.03837913303280869,54,1.0
2004-07-01,B/L,-0.07427929831962886,134,1.0
2004-07-01,B/M,-0.042110601756628285,127,1.0
2004-07-01,S/H,-0.013652024169916526,132,1.0
2004-07-01,S/L,-0.06776007506869752,53,1.0
2004-07-01,S/M,-0.041225575694133806,126,1.0
2004-08-01,B/H,0.02426838394735224,54,1.0
2004-08-01,B/L,0.0744421561089237,134,1.0
2004-08-01,B/M,0.10653305405309259,127,1.0
2004-08-01,S/H,0.056488330982435664,133,1.0
2004-08-01,S/L,0.08380144773040367,53,1.0
2004-08-01,S/M,0.0619221150974889,125,1.0
2004-09-01,B/H,0.09623844524794974,54,1.0
2004-09-01,B/L,0.035213814898702775,134,1.0
2004-09-01,B/M,0.07329475097907417,126,1.0
2004-09-01,S/H,0.06620807901455,134,1.0
2004-09-01,S/L,-0.060926707268095695,53,1.0
2004-09-01,S/M,0.018429773251645905,124,1.0
2004-10-01,B/H,0.04538028362928581,53,0.9999999999999999
2004-10-01,B/L,-0.019705885072257106,134,1.0
2004-10-01,B/M,0.05565878901576876,127,1.0
2004-10-01,S/H,0.04256698045206629,133,1.0
2004-10-01,S/L,-0.03245105364767117,54,1.0
2004-10-01,S/M,0.007394819228983044,121,1.0
2004-11-01,B/H,0.10483059561685944,54,1.0
2004-11-01,B/L,0.04580082988222824,134,1.0
2004-11-01,B/M,0.04359033349746055,127,1.0
2004-11-01,S/H,0.036021389109316876,132,1.0
2004-11-01,S/L,0.013186630725200411,54,1.0
2004-11-01,S/M,0.050559860274709024,123,1.0
2004-12-01,B/H,-0.020013574080568062,54,1.0
2004-12-01,B/L,0.016868128036537488,134,1.0
2004-12-01,B/M,0.025201337939421573,126,1.0
2004-12-01,S/H,-0.007088295883235931,132,1.0
2004-12-01,S/L,0.015444971105260465,54,1.0
2004-12-01,S/M,-0.02694128707852113,124,0.9999999999999999
2005-01-01,B/H,-0.019754467393793832,54,1.0
2005-01-01,B/L,0.043681889573819375,134,1.0
2005-01-01,B/M,0.07164087876060295,126,1.0
2005-01-01,S/H,0.10516146698892022,131,1.0
2005-01-01,S/L,0.1794445030370674,51,1.0
2005-01-01,S/M,0.15969576549836761,122,1.0
2005-02-01,B/H,0.16476527786760298,53,0.9999999999999999
2005-02-01,B/L,0.07850440719682476,134,1.0
2005-02-01,B/M,0.08607065724750286,126,1.0
2005-02-01,S/H,0.2182507969232976,130,1.0
2005-02-01,S/L,0.14640763458610553,54,1.0
2005-02-01,S/M,0.21654393388929402,123,1.0
2005-03-01,B/H,-0.04795352124851951,54,1.0
2005-03-01,B/L,-0.045121058014075566,134,1.0
2005-03-01,B/M,-0.05102562156419351,125,1.0
2005-03-01,S/H,-0.06851392693257852,130,1.0
2005-03-01,S/L,-0.06648281579454006,54,0.9999999999999999
2005-03-01,S/M,-0.060141707719697214,122,1.0
2005-04-01,B/H,-0.1125477786276776,54,1.0
2005-04-01,B/L,-0.06285864068648693,134,1.0
2005-04-01,B/M,-0.027624781184792613,124,1.0
2005-04-01,S/H,-0.037604542233749906,129,1.0
2005-04-01,S/L,-0.0968738834295219,52,1.0
2005-04-01,S/M,-0.057489082244311734,118,0.9999999999999999
2005-05-01,B/H,0.01101351400048652,54,0.9999999999999999
2005-05-01,B/L,0.064528151119835,134,1.0
2005-05-01,B/M,0.06306673415611583,124,1.0
2005-05-01,S/H,0.030251224461008353,129,1.0
2005-05-01,S/L,0.10590678252775619,52,1.0
2005-05-01,S/M,0.04258155810454281,118,1.0
2005-06-01,B/H,0.08292388566079609,54,1.0
2005-06-01,B/L,0.023310529754571693,133,1.0
2005-06-01,B/M,0.05720208285765059,123,1.0
2005-06-01,S/H,0.1476231501458229,129,1.0
2005-06-01,S/L,0.10739604466386578,51,1.0
2005-06-01,S/M,0.1553504470800268,117,1.0
2005-07-01,B/H,0.1000879179377392,53,1.0
2005-07-01,B/L,0.09060790999716786,138,1.0
2005-07-01,B/M,0.0992251497758574,122,1.0
2005-07-01,S/H,0.15484431532855988,133,1.0
2005-07-01,S/L,0.14798269456881155,51,1.0
2005-07-01,S/M,0.1126693321877903,125,1.0
2005-08-01,B/H,-0.044738433602512534,53,0.9999999999999999
2005-08-01,B/L,-0.019486563043387348,138,1.0
2005-08-01,B/M,-0.022493259979953474,121,1.0
2005-08-01,S/H,-0.07037801372937533,135,0.9999999999999999
2005-08-01,S/L,-0.09388905414951301,50,1.0
2005-08-01,S/M,-0.06394690620358172,128,1.0
2005-09-01,B/H,0.1613205233382396,53,1.0
2005-09-01,B/L,0.10292351903210968,138,1.0
2005-09-01,B/M,0.15148291856490972,121,1.0
2005-09-01,S/H,0.19304294990917117,132,1.0
2005-09-01,S/L,0.15396728396003903,50,0.9999999999999999
2005-09-01,S/M,0.13910078520463356,128,1.0
2005-10-01,B/H,0.0006148404741967155,53,0.9999999999999999
2005-10-01,B/L,-0.062071787431250275,138,1.0
2005-10-01,B/M,-0.03418835919104879,121,1.0
2005-10-01,S/H,0.036518393698602936,134,1.0
2005-10-01,S/L,0.09028942041412884,50,1.0
2005-10-01,S/M,0.03687398092622885,127,1.0
2005-11-01,B/H,0.1434904687347385,53,0.9999999999999999
2005-11-01,B/L,0.10241638704536946,138,1.0
2005-11-01,B/M,0.10197951839931911,121,1.0
2005-11-01,S/H,0.1419665147007634,134,1.0
2005-11-01,S/L,0.11575383356149013,50,1.0
2005-11-01,S/M,0.1456498999688378,126,1.0
2005-12-01,B/H,0.0039054459510706545,53,1.0
2005-12-01,B/L,0.06745012861417472,138,0.9999999999999999
2005-12-01,B/M,0.03724621282111903,121,1.0
2005-12-01,S/H,-0.010549785760425147,134,1.0
2005-12-01,S/L,-0.06542674583083245,49,1.0
2005-12-01,S/M,-0.013034780574434333,128,0.9999999999999999
2006-01-01,B/H,-0.017560922703831257,53,1.0
2006-01-01,B/L,0.024825085468987197,138,1.0
2006-01-01,B/M,0.016691291428635246,121,1.0
2006-01-01,S/H,-0.01704850873377912,135,1.0
2006-01-01,S/L,0.09206044961094226,49,1.0
2006-01-01,S/M,-0.023743868958490746,128,1.0
2006-02-01,B/H,-0.01252567441779741,53,1.0
2006-02-01,B/L,-0.02509365313355142,138,1.0
2006-02-01,B/M,0.022438984018614248,121,1.0
2006-02-01,S/H,-0.014714559628041989,135,1.0
2006-02-01,S/L,0.013839292594401052,48,1.0
2006-02-01,S/M,-0.03515720003230649,128,0.9999999999999999
2006-03-01,B/H,0.034782202277128485,53,0.9999999999999999
2006-03-01,B/L,-0.01667730079311242,138,1.0
2006-03-01,B/M,0.004491243238425374,121,1.0
2006-03-01,S/H,-0.007862305378775806,135,1.0
2006-03-01,S/L,-0.03956697167048362,49,1.0
2006-03-01,S/M,0.0027488646073213423,128,1.0
2006-04-01,B/H,0.0911469508390838,53,1.0
2006-04-01,B/L,0.03868973974345759,138,0.9999999999999999
2006-04-01,B/M,0.0774131953635831,121,1.0
2006-04-01,S/H,0.05985598814437216,135,1.0
2006-04-01,S/L,-0.02535374741191205,49,1.0
2006-04-01,S/M,0.015273100936847396,127,1.0
2006-05-01,B/H,-0.08654439316617987,53,1.0
2006-05-01,B/L,-0.06225797874082076,138,1.0
2006-05-01,B/M,-0.07253012813850881,121,1.0
2006-05-01,S/H,-0.058485507387569066,135,1.0
2006-05-01,S/L,-0.14030832890426967,48,1.0
2006-05-01,S/M,-0.07687201077600507,128,1.0
2006-06-01,B/H,-0.037718731514767456,53,1.0
2006-06-01,B/L,-0.025424710124170725,137,1.0
2006-06-01,B/M,-0.0426780707675008,121,1.0
2006-06-01,S/H,-0.02419325766431971,135,1.0
2006-06-01,S/L,-0.047195848342151465,49,1.0
2006-06-01,S/M,-0.0335602203195605,128,1.0
2006-07-01,B/H,-0.00561625973826301,42,1.0
2006-07-01,B/L,0.001750162254575553,137,1.0
2006-07-01,B/M,-0.02281288472588913,140,1.0
2006-07-01,S/H,-0.0279786158477802,149,1.0
2006-07-01,S/L,-0.022059758428350694,55,1.0
2006-07-01,S/M,-0.024257818245494153,114,1.0
2006-08-01,B/H,0.011349074362673902,41,1.0
2006-08-01,B/L,0.04988620697155837,137,0.9999999999999999
2006-08-01,B/M,0.053349562969622344,140,0.9999999999999999
2006-08-01,S/H,0.05350241982828199,149,1.0
2006-08-01,S/L,0.006348356623363662,55,1.0
2006-08-01,S/M,0.06050793002292127,114,1.0
2006-09-01,B/H,0.078271102731711,42,1.0
2006-09-01,B/L,0.008198734936542636,137,1.0
2006-09-01,B/M,0.028894735415759452,140,1.0
2006-09-01,S/H,0.05839069454440862,149,1.0
2006-09-01,S/L,0.012783862047450413,55,1.0
2006-09-01,S/M,0.04785417705041906,113,1.0
2006-10-01,B/H,0.016623148267675903,42,1.0
2006-10-01,B/L,-0.016427482524997983,137,1.0
2006-10-01,B/M,0.007717916848653148,140,1.0
2006-10-01,S/H,-0.006966116290030455,149,1.0
2006-10-01,S/L,-0.049346477928965654,55,1.0
2006-10-01,S/M,-0.009681027378299272,114,1.0
2006-11-01,B/H,0.10559751020342145,42,1.0
2006-11-01,B/L,0.05165690756827758,135,1.0
2006-11-01,B/M,0.0461681068159424,140,0.9999999999999999
2006-11-01,S/H,0.13738260073600572,147,1.0
2006-11-01,S/L,0.030026020250723328,55,0.9999999999999999
2006-11-01,S/M,0.07276237183195261,114,1.0
2006-12-01,B/H,-0.0015821296026801036,42,1.0
2006-12-01,B/L,-0.00322979598485425,135,1.0
2006-12-01,B/M,0.004625212826659398,140,1.0
2006-12-01,S/H,-0.03316645673643971,148,1.0
2006-12-01,S/L,-0.08087218502295905,55,1.0
2006-12-01,S/M,-0.03512723259991216,114,1.0
2007-01-01,B/H,-0.06335344378565584,42,1.0
2007-01-01,B/L,-0.06823884469227792,135,0.9999999999999999
2007-01-01,B/M,-0.022590121924738367,140,1.0
2007-01-01,S/H,-0.02849942597672459,148,1.0
2007-01-01,S/L,-0.037281892934124324,55,1.0
2007-01-01,S/M,-0.02475779309962441,114,0.9999999999999999
2007-02-01,B/H,0.020269620922354736,42,1.0
2007-02-01,B/L,0.0277051823071278,135,1.0
2007-02-01,B/M,0.040911456028749994,140,1.0
2007-02-01,S/H,0.02907853764903821,148,1.0
2007-02-01,S/L,0.045487040756645905,55,1.0
2007-02-01,S/M,0.03965378280527344,112,1.0
2007-03-01,B/H,0.10503255662448005,42,1.0
2007-03-01,B/L,0.019257510142576092,135,1.0
2007-03-01,B/M,0.058190407268799635,140,1.0
2007-03-01,S/H,0.0998716418693258,149,1.0
2007-03-01,S/L,0.049834859387884324,55,1.0
2007-03-01,S/M,0.061571838431877815,114,1.0
2007-04-01,B/H,0.15416570629933193,42,0.9999999999999999
2007-04-01,B/L,0.058677919623992186,135,1.0
2007-04-01,B/M,0.06797069367038804,136,1.0
2007-04-01,S/H,0.12964099493691603,148,1.0
2007-04-01,S/L,0.03661828929041892,53,1.0
2007-04-01,S/M,0.06189480428627214,113,1.0
2007-05-01,B/H,0.2626376676165984,40,1.0
2007-05-01,B/L,0.06799656761073013,135,1.0
2007-05-01,B/M,0.18495367612326813,136,1.0
2007-05-01,S/H,0.17170326099657068,146,1.0
2007-05-01,S/L,0.11794121922971375,52,1.0
2007-05-01,S/M,0.14595948950369633,111,1.0
2007-06-01,B/H,-0.022384430309884965,41,1.0
2007-06-01,B/L,0.022301700629559277,134,1.0
2007-06-01,B/M,0.03354741560087365,136,1.0
2007-06-01,S/H,0.02457543276755682,149,1.0
2007-06-01,S/L,-0.00968412272397161,54,1.0
2007-06-01,S/M,0.02053377903638745,113,1.0
2007-07-01,B/H,0.11279263577471775,59,1.0
2007-07-01,B/L,0.08569455698221942,132,1.0
2007-07-01,B/M,0.15610119188180996,131,1.0
2007-07-01,S/H,0.13318312151414616,134,1.0
2007-07-01,S/L,0.05643246249535366,61,1.0
2007-07-01,S/M,0.12672663157146938,126,1.0
2007-08-01,B/H,-0.041116910204657214,59,1.0
2007-08-01,B/L,-0.02751852068279366,132,1.0
2007-08-01,B/M,0.003745427153644315,131,1.0
2007-08-01,S/H,-0.0022003382080904516,135,1.0
2007-08-01,S/L,-0.06104564749010752,61,1.0
2007-08-01,S/M,-0.04220674155148221,124,1.0
2007-09-01,B/H,0.015795970743693048,59,1.0
2007-09-01,B/L,0.03611079623982409,132,1.0
2007-09-01,B/M,0.08082336590081311,131,1.0
2007-09-01,S/H,0.022812012518921017,134,1.0
2007-09-01,S/L,-0.07813071939645067,61,1.0
2007-09-01,S/M,0.022525423096775424,125,1.0
2007-10-01,B/H,-0.05788687389815427,57,1.0
2007-10-01,B/L,0.062195278273844516,132,1.0
2007-10-01,B/M,0.0717653325358485,131,1.0
2007-10-01,S/H,-0.07311051355786578,135,1.0
2007-10-01,S/L,-0.08196825127580128,61,1.0
2007-10-01,S/M,-0.07331896818370384,125,1.0
2007-11-01,B/H,-0.058815556051900954,58,1.0
2007-11-01,B/L,-0.05583631102359902,132,1.0
2007-11-01,B/M,-0.09782156663431797,130,1.0
2007-11-01,S/H,-0.08216725696195919,135,1.0
2007-11-01,S/L,-0.06813838652642529,61,1.0
2007-11-01,S/M,-0.07892107352319234,126,1.0
2007-12-01,B/H,-0.0036573487528975155,58,0.9999999999999999
2007-12-01,B/L,-0.010765846945263951,132,1.0
2007-12-01,B/M,-0.0322968680494525,130,1.0
2007-12-01,S/H,-0.021150322635786426,133,1.0
2007-12-01,S/L,-0.0423237015262364,61,1.0
2007-12-01,S/M,-0.027070094743957152,126,1.0
2008-01-01,B/H,-0.08058377550520339,58,1.0
2008-01-01,B/L,-0.1395696284383734,132,1.0
2008-01-01,B/M,-0.13783464023360018,130,1.0
2008-01-01,S/H,-0.09222164649186651,135,1.0
2008-01-01,S/L,-0.09230280860752876,61,1.0
2008-01-01,S/M,-0.09085054720492124,126,1.0
2008-02-01,B/H,-0.02790667699019712,58,1.0
2008-02-01,B/L,0.05349502172464418,132,0.9999999999999999
2008-02-01,B/M,0.08647593950777889,130,0.9999999999999999
2008-02-01,S/H,0.10164857061604414,135,1.0
2008-02-01,S/L,0.045182689439027764,61,1.0
2008-02-01,S/M,0.07793460951002593,124,1.0
2008-03-01,B/H,-0.06659446780994659,58,0.9999999999999999
2008-03-01,B/L,0.027818758723366137,132,1.0
2008-03-01,B/M,-0.021848982234196904,130,1.0
2008-03-01,S/H,-0.049407159828594435,135,1.0
2008-03-01,S/L,-0.033016394937254535,61,1.0
2008-03-01,S/M,-0.043797798109816384,126,1.0
2008-04-01,B/H,0.06659885073942147,58,1.0
2008-04-01,B/L,0.06406447200683744,132,1.0
2008-04-01,B/M,0.0482245511119972,130,1.0
2008-04-01,S/H,0.05109810183383091,135,1.0
2008-04-01,S/L,-0.01701110969090861,60,1.0
2008-04-01,S/M,0.024820566854751102,126,1.0
2008-05-01,B/H,0.020051942048527904,58,0.9999999999999999
2008-05-01,B/L,0.014895709919837128,131,1.0
2008-05-01,B/M,0.033903778007574964,130,1.0
2008-05-01,S/H,0.05391961420628467,134,1.0
2008-05-01,S/L,0.02769614754283829,59,1.0
2008-05-01,S/M,0.027929458841104662,125,1.0
2008-06-01,B/H,-0.06105766347235447,58,1.0
2008-06-01,B/L,-0.10882682891597291,131,1.0
2008-06-01,B/M,-0.08415515685956346,130,1.0
2008-06-01,S/H,-0.04214734723716575,134,1.0
2008-06-01,S/L,0.019733186103840557,58,1.0
2008-06-01,S/M,-0.052369504411094774,126,1.0
2008-07-01,B/H,0.004785468344520266,53,1.0
2008-07-01,B/L,-0.04426377462332859,133,1.0
2008-07-01,B/M,-0.061847369845537264,142,1.0
2008-07-01,S/H,-0.07210399219761221,145,1.0
2008-07-01,S/L,-0.07098773351195578,65,1.0
2008-07-01,S/M,-0.05436607225940319,120,1.0
2008-08-01,B/H,-0.013906170072142112,53,0.9999999999999999
2008-08-01,B/L,-0.0937900761676736,133,1.0
2008-08-01,B/M,-0.06432004387610459,142,1.0
2008-08-01,S/H,-0.09598523006092462,144,1.0
2008-08-01,S/L,-0.16350194228808723,65,1.0
2008-08-01,S/M,-0.09029597506806412,120,1.0
2008-09-01,B/H,-0.06054364914604682,53,1.0
2008-09-01,B/L,-0.007149304085644224,133,1.0
2008-09-01,B/M,0.005726115108689535,142,0.9999999999999999
2008-09-01,S/H,-0.038277073360630985,144,1.0
2008-09-01,S/L,-0.12874813207645353,65,1.0
2008-09-01,S/M,-0.054775727585977214,120,1.0
2008-10-01,B/H,-0.19886956526654512,53,1.0
2008-10-01,B/L,-0.204129654339386,133,1.0
2008-10-01,B/M,-0.2381015473382385,142,0.9999999999999999
2008-10-01,S/H,-0.29835119095555224,144,1.0
2008-10-01,S/L,-0.3324420639108858,65,1.0
2008-10-01,S/M,-0.2907396395978643,120,1.0
2008-11-01,B/H,0.037610311536262264,53,1.0
2008-11-01,B/L,-0.034989960474110425,133,1.0
2008-11-01,B/M,-0.056677538802198564,142,1.0
2008-11-01,S/H,0.0013783282472502449,143,1.0
2008-11-01,S/L,-0.0043000080739888265,65,1.0
2008-11-01,S/M,0.017186003546737317,120,1.0
2008-12-01,B/H,0.044462367291902075,53,1.0
2008-12-01,B/L,0.040811116349153354,133,1.0
2008-12-01,B/M,0.0602876686354435,141,1.0
2008-12-01,S/H,0.03790554765338594,144,1.0
2008-12-01,S/L,0.030295599818221684,64,1.0
2008-12-01,S/M,0.04489968624517628,120,1.0
2009-01-01,B/H,-0.006907843043667937,53,1.0
2009-01-01,B/L,0.021374213232941478,133,1.0
2009-01-01,B/M,0.03548014306543368,142,1.0
2009-01-01,S/H,0.04534489623582857,144,1.0
2009-01-01,S/L,0.11305102874132587,65,1.0
2009-01-01,S/M,0.026832785186936967,119,1.0
2009-02-01,B/H,-0.12555761621820463,53,1.0
2009-02-01,B/L,-0.07184543009699682,133,0.9999999999999999
2009-02-01,B/M,-0.06562008148384167,141,1.0
2009-02-01,S/H,0.008559431289792379,141,0.9999999999999999
2009-02-01,S/L,-0.008173110075355124,64,1.0
2009-02-01,S/M,-0.040105161146514814,117,1.0
2009-03-01,B/H,0.08001624409711297,53,1.0
2009-03-01,B/L,0.13287594374470885,133,1.0
2009-03-01,B/M,0.1419503992981041,142,1.0
2009-03-01,S/H,0.09164329443056987,144,1.0
2009-03-01,S/L,0.07600890178206647,64,1.0
2009-03-01,S/M,0.132094053553185,119,1.0
2009-04-01,B/H,0.15530739949053426,53,1.0
2009-04-01,B/L,0.11497009623819707,133,1.0
2009-04-01,B/M,0.1395878021654169,142,1.0
2009-04-01,S/H,0.20275761087616373,144,1.0
2009-04-01,S/L,0.26752541962532367,59,1.0
2009-04-01,S/M,0.2027531461222775,115,0.9999999999999999
2009-05-01,B/H,0.02623981481701405,53,1.0
2009-05-01,B/L,0.005216009771917584,133,1.0
2009-05-01,B/M,0.023606119408113677,141,1.0
2009-05-01,S/H,0.039109212752794664,141,1.0
2009-05-01,S/L,0.00945424239809994,59,1.0
2009-05-01,S/M,0.034160710286009206,116,1.0
2009-06-01,B/H,0.012181014581250683,53,1.0
2009-06-01,B/L,-0.0045881506323324885,133,1.0
2009-06-01,B/M,-0.00590075163505354,141,0.9999999999999999
2009-06-01,S/H,0.007755267425951392,140,1.0
2009-06-01,S/L,-0.037406528918391475,59,1.0
2009-06-01,S/M,-0.0685988061638998,118,1.0
2009-07-01,B/H,0.11508587373945406,46,1.0
2009-07-01,B/L,0.10264179076295811,148,1.0
2009-07-01,B/M,0.12374029357322647,139,1.0
2009-07-01,S/H,0.04495018549447376,153,1.0
2009-07-01,S/L,-0.0010119547557067385,52,1.0
2009-07-01,S/M,0.05976873922709433,127,1.0
2009-08-01,B/H,-0.019649946990623064,46,1.0
2009-08-01,B/L,0.025687714763060206,147,1.0
2009-08-01,B/M,0.04724772087182547,139,1.0
2009-08-01,S/H,0.026350863648507094,152,1.0
2009-08-01,S/L,-0.03374034575241858,52,1.0
2009-08-01,S/M,0.05001573043105141,128,1.0
2009-09-01,B/H,0.08722825202708268,46,1.0
2009-09-01,B/L,0.04293242600776045,147,1.0
2009-09-01,B/M,0.05411734043080033,139,1.0
2009-09-01,S/H,-0.009403724724872836,152,1.0
2009-09-01,S/L,-0.055569705138139726,52,0.9999999999999999
2009-09-01,S/M,-0.034585241038287085,128,1.0
2009-10-01,B/H,-0.06467822280990895,46,1.0
2009-10-01,B/L,-0.06542549921409023,147,0.9999999999999999
2009-10-01,B/M,-0.03630143215021806,139,1.0
2009-10-01,S/H,-0.023100683127135792,152,1.0
2009-10-01,S/L,-0.07097789554867512,52,1.0
2009-10-01,S/M,-0.010762433395797556,128,1.0
2009-11-01,B/H,-0.05196337162540386,46,1.0
2009-11-01,B/L,-0.004196501825496109,147,1.0
2009-11-01,B/M,-0.025689890218232734,139,1.0
2009-11-01,S/H,-0.028029241620121357,151,1.0
2009-11-01,S/L,0.000963168714102439,52,1.0
2009-11-01,S/M,-0.043287041330038675,128,1.0
2009-12-01,B/H,0.08477232245503594,46,1.0
2009-12-01,B/L,0.09454981279841942,147,1.0
2009-12-01,B/M,0.07450208519835932,139,1.0
2009-12-01,S/H,0.06399967492690939,152,1.0
2009-12-01,S/L,0.07354371726127286,52,0.9999999999999999
2009-12-01,S/M,0.050979951966336666,128,1.0
2010-01-01,B/H,0.03429040593420842,46,0.9999999999999999
2010-01-01,B/L,-0.057307401159815495,146,1.0
2010-01-01,B/M,-0.031681303828060635,137,1.0
2010-01-01,S/H,-0.05319081727966403,152,1.0
2010-01-01,S/L,-0.004651850309493609,52,1.0
2010-01-01,S/M,-0.028748951538791635,128,1.0
2010-02-01,B/H,0.0026716288713945083,46,1.0
2010-02-01,B/L,-0.003998707017756236,146,1.0
2010-02-01,B/M,-0.012316212630299425,137,1.0
2010-02-01,S/H,0.03432999921629252,152,1.0
2010-02-01,S/L,0.06984282281206759,52,1.0
2010-02-01,S/M,0.022884092021129017,128,1.0
2010-03-01,B/H,0.04260826807658531,46,1.0
2010-03-01,B/L,0.06140541121716067,145,1.0
2010-03-01,B/M,0.06230133366496299,137,1.0
2010-03-01,S/H,0.0803382253962633,150,1.0
2010-03-01,S/L,-0.006486158196447715,52,1.0
2010-03-01,S/M,0.048169222371113936,128,1.0
2010-04-01,B/H,-0.017253824164596372,46,1.0
2010-04-01,B/L,0.022672520566301542,145,1.0
2010-04-01,B/M,0.05875138940575726,137,0.9999999999999999
2010-04-01,S/H,0.06729108360110762,151,1.0
2010-04-01,S/L,0.014830329723533445,48,0.9999999999999999
2010-04-01,S/M,0.04631677200622023,128,1.0
2010-05-01,B/H,0.0030129302605716997,46,1.0
2010-05-01,B/L,-0.06251822203286057,143,1.0
2010-05-01,B/M,-0.04073813758462114,137,1.0
2010-05-01,S/H,-0.0500787281413537,150,1.0
2010-05-01,S/L,-0.04009867119722224,48,1.0
2010-05-01,S/M,-0.04148766595986226,126,1.0
2010-06-01,B/H,0.01379062449397094,46,1.0
2010-06-01,B/L,0.037081474446718575,143,0.9999999999999999
2010-06-01,B/M,0.046932258585110874,137,1.0
2010-06-01,S/H,0.028039700905343197,149,1.0
2010-06-01,S/L,-0.02210124212544804,48,1.0
2010-06-01,S/M,0.02625081593161026,125,1.0
2010-07-01,B/H,0.012648147414313948,55,1.0
2010-07-01,B/L,0.038698327122943216,142,1.0
2010-07-01,B/M,0.022594885013802173,138,1.0
2010-07-01,S/H,0.01761796782354024,144,1.0
2010-07-01,S/L,0.04404277096666086,60,1.0
2010-07-01,S/M,0.031234248452623608,131,1.0
2010-08-01,B/H,-0.06721194915824694,55,1.0
2010-08-01,B/L,7.858670514991133e-05,142,1.0
2010-08-01,B/M,-0.0035434462084496595,138,1.0
2010-08-01,S/H,-0.011872143929882522,145,1.0
2010-08-01,S/L,-0.01258233529137296,60,1.0
2010-08-01,S/M,-0.029821055423738526,130,1.0
2010-09-01,B/H,0.05832879131056833,55,1.0
2010-09-01,B/L,0.07730439035527759,142,1.0
2010-09-01,B/M,0.07775826265763928,138,1.0
2010-09-01,S/H,0.05171403894522345,146,1.0
2010-09-01,S/L,0.03877028188976161,60,1.0
2010-09-01,S/M,0.04431928277478939,131,1.0
2010-10-01,B/H,0.020430423440002985,55,1.0
2010-10-01,B/L,-0.0093132202150099,142,1.0
2010-10-01,B/M,0.03590370985300255,138,1.0
2010-10-01,S/H,0.10159861753265433,146,1.0
2010-10-01,S/L,0.05413953025970483,60,1.0
2010-10-01,S/M,0.09201962873526254,131,1.0
2010-11-01,B/H,-0.04761078901480331,55,1.0
2010-11-01,B/L,0.01320039906169807,142,1.0
2010-11-01,B/M,0.027928654344735886,138,1.0
2010-11-01,S/H,-0.06258962951537804,145,1.0
2010-11-01,S/L,-0.08478715863346761,60,1.0
2010-11-01,S/M,-0.05007894660613328,131,1.0
2010-12-01,B/H,0.04492318522182441,55,1.0
2010-12-01,B/L,0.08568850578567577,142,1.0
2010-12-01,B/M,0.04724998195834786,137,1.0
2010-12-01,S/H,0.020998168124007656,144,1.0
2010-12-01,S/L,0.0498658023362468,59,1.0
2010-12-01,S/M,0.02062886240790634,131,1.0
2011-01-01,B/H,-0.00942225616063289,55,1.0
2011-01-01,B/L,0.010558773987176107,142,1.0
2011-01-01,B/M,0.033116653715194816,138,1.0
2011-01-01,S/H,-0.000610303445652254,146,1.0
2011-01-01,S/L,-0.009580548470798244,60,1.0
2011-01-01,S/M,0.008729252985286037,131,1.0
2011-02-01,B/H,-0.04982833934809358,54,1.0
2011-02-01,B/L,-0.06429357956942836,142,1.0
2011-02-01,B/M,-0.06306992178012343,138,1.0
2011-02-01,S/H,-0.06429392379109586,146,1.0
2011-02-01,S/L,-0.053346198703058734,60,1.0
2011-02-01,S/M,-0.05364483976362921,131,1.0
2011-03-01,B/H,0.027792506887398403,54,1.0
2011-03-01,B/L,0.08552952594346816,142,1.0
2011-03-01,B/M,0.1080450322597171,137,1.0
2011-03-01,S/H,0.05819480981002119,146,1.0
2011-03-01,S/L,0.028633105730743128,60,1.0
2011-03-01,S/M,0.03262704254453778,131,1.0
2011-04-01,B/H,0.012724140740337961,54,1.0
2011-04-01,B/L,0.030705257771661994,142,1.0
2011-04-01,B/M,0.07505878944044098,137,1.0
2011-04-01,S/H,0.011613604862340787,145,1.0
2011-04-01,S/L,0.10938157950989498,58,1.0
2011-04-01,S/M,0.016527173175251306,131,1.0
2011-05-01,B/H,0.05410304934179953,54,1.0
2011-05-01,B/L,-0.023471060657764574,142,1.0
2011-05-01,B/M,-0.012383200516106342,137,1.0
2011-05-01,S/H,0.0011793940293218757,143,1.0
2011-05-01,S/L,-0.04159127721067274,57,1.0
2011-05-01,S/M,-0.011343065625375473,130,1.0
2011-06-01,B/H,-0.012203618640785372,54,1.0
2011-06-01,B/L,-0.026779598115799705,142,1.0
2011-06-01,B/M,-0.014471876950411156,137,1.0
2011-06-01,S/H,0.009035590524163004,141,1.0
2011-06-01,S/L,-0.004409508785815077,57,1.0
2011-06-01,S/M,-0.012781372279888247,130,1.0
2011-07-01,B/H,-0.029109337883205876,54,1.0
2011-07-01,B/L,0.01374061741293594,156,1.0
2011-07-01,B/M,0.01872570789990234,136,1.0
2011-07-01,S/H,0.07558224069151753,150,1.0
2011-07-01,S/L,0.0631329220221761,52,1.0
2011-07-01,S/M,0.1027900973166156,142,1.0
2011-08-01,B/H,-0.12843380425762205,54,1.0
2011-08-01,B/L,-0.12171564352896068,156,1.0
2011-08-01,B/M,-0.10901186612330177,136,1.0
2011-08-01,S/H,-0.0826311790096961,151,1.0
2011-08-01,S/L,-0.08108318040769456,50,1.0
2011-08-01,S/M,-0.07941287750664724,141,1.0
2011-09-01,B/H,-0.13149807743222203,54,1.0
2011-09-01,B/L,-0.02935745460860256,155,1.0
2011-09-01,B/M,-0.11056955682062947,136,1.0
2011-09-01,S/H,-0.10181302491522182,151,1.0
2011-09-01,S/L,-0.09589822801436497,52,1.0
2011-09-01,S/M,-0.09690024657353036,142,1.0
2011-10-01,B/H,0.13564660777466905,54,1.0
2011-10-01,B/L,0.08057710864174511,155,1.0
2011-10-01,B/M,0.06578112899005065,136,1.0
2011-10-01,S/H,0.04476323849688256,151,1.0
2011-10-01,S/L,0.1227279938040759,52,1.0
2011-10-01,S/M,0.07157486001116513,142,1.0
2011-11-01,B/H,-0.06093333423633379,54,1.0
2011-11-01,B/L,-0.021530874734275042,155,1.0
2011-11-01,B/M,-0.05184418152321878,136,1.0
2011-11-01,S/H,-0.03478386861260223,150,1.0
2011-11-01,S/L,-0.08161525628813286,52,1.0
2011-11-01,S/M,-0.0145963792867641,141,1.0
2011-12-01,B/H,-0.01854593198985464,54,1.0
2011-12-01,B/L,-0.007552141103739127,154,1.0
2011-12-01,B/M,-0.018647212014658486,136,1.0
2011-12-01,S/H,0.042904455862898434,149,1.0
2011-12-01,S/L,0.06507575371949202,51,1.0
2011-12-01,S/M,0.05429706457847117,142,1.0
2012-01-01,B/H,0.11007977697937468,54,1.0
2012-01-01,B/L,0.06271933930065096,155,1.0
2012-01-01,B/M,0.08376861378376718,135,1.0
2012-01-01,S/H,0.051814521364332886,150,1.0
2012-01-01,S/L,0.04493802930314142,52,1.0
2012-01-01,S/M,0.03857274161333821,141,1.0
2012-02-01,B/H,0.009399139201108244,54,1.0
2012-02-01,B/L,0.04520212842931754,155,1.0
2012-02-01,B/M,0.012365020228099818,135,1.0
2012-02-01,S/H,0.12176090157396881,149,1.0
2012-02-01,S/L,0.12460107062568479,51,1.0
2012-02-01,S/M,0.10518836452319233,140,1.0
2012-03-01,B/H,-0.09586141408257773,54,1.0
2012-03-01,B/L,0.008453161201018081,155,1.0
2012-03-01,B/M,-0.044922324156025935,135,0.9999999999999999
2012-03-01,S/H,-0.0407811221487555,150,1.0
2012-03-01,S/L,-0.07949859456563696,52,1.0
2012-03-01,S/M,-0.0438793268858321,142,1.0
2012-04-01,B/H,-0.07772374706614435,54,1.0
2012-04-01,B/L,0.00588583586406795,155,1.0
2012-04-01,B/M,-0.05548752899802637,135,1.0
2012-04-01,S/H,-0.06501676343527502,150,1.0
2012-04-01,S/L,-0.07650278499290955,51,1.0
2012-04-01,S/M,-0.05847335769593814,142,1.0
2012-05-01,B/H,-0.03763539758932122,54,1.0
2012-05-01,B/L,-0.07717587187381075,155,1.0
2012-05-01,B/M,-0.05523420957843167,135,1.0
2012-05-01,S/H,-0.05909784845162865,149,1.0
2012-05-01,S/L,-0.08460442226428479,52,1.0
2012-05-01,S/M,-0.039444527416787195,142,1.0
2012-06-01,B/H,0.08597439798955872,54,0.9999999999999999
2012-06-01,B/L,-0.0006041561993519167,155,1.0
2012-06-01,B/M,0.01276967666852601,135,1.0
2012-06-01,S/H,0.0023742480516637486,149,1.0
2012-06-01,S/L,0.076546226226026,51,1.0
2012-06-01,S/M,0.02742925506300253,142,1.0
2012-07-01,B/H,-0.00301093648662887,46,1.0
2012-07-01,B/L,0.02196634041217591,176,1.0
2012-07-01,B/M,0.011128422795751122,129,1.0
2012-07-01,S/H,-0.0189744444472954,164,1.0
2012-07-01,S/L,-0.024978432734347123,35,1.0
2012-07-01,S/M,-0.02407634334199582,151,1.0
2012-08-01,B/H,0.038677510773765494,46,1.0
2012-08-01,B/L,0.0012123722222239911,176,1.0
2012-08-01,B/M,0.046610504704605815,129,0.9999999999999999
2012-08-01,S/H,0.055300784766261386,163,1.0
2012-08-01,S/L,0.12913760601979446,35,1.0
2012-08-01,S/M,0.04276893612963496,150,1.0
2012-09-01,B/H,0.1304028996520169,46,0.9999999999999999
2012-09-01,B/L,0.04667053666255961,176,1.0
2012-09-01,B/M,0.03563487909629225,129,1.0
2012-09-01,S/H,0.033721149113717264,161,1.0
2012-09-01,S/L,0.007870009735632642,35,1.0
2012-09-01,S/M,0.08414832382711294,151,1.0
2012-10-01,B/H,0.006580920125081614,46,0.9999999999999999
2012-10-01,B/L,-0.055901370077160444,176,1.0
2012-10-01,B/M,-0.005888880764661485,129,1.0
2012-10-01,S/H,-0.00583144498308912,161,1.0
2012-10-01,S/L,-0.04587881473428469,35,1.0
2012-10-01,S/M,-0.007533684719142479,151,1.0
2012-11-01,B/H,-0.017250304786794374,46,1.0
2012-11-01,B/L,0.021252425530845956,176,1.0
2012-11-01,B/M,-0.00237896116576024,128,1.0
2012-11-01,S/H,-0.04699875115005126,161,1.0
2012-11-01,S/L,-0.040732133216386315,35,1.0
2012-11-01,S/M,-0.018751950690313088,149,1.0
2012-12-01,B/H,0.0666117030353097,46,0.9999999999999999
2012-12-01,B/L,0.0318655041592173,176,1.0
2012-12-01,B/M,0.02841946726117405,128,1.0
2012-12-01,S/H,-0.00044513196613961935,161,1.0
2012-12-01,S/L,-0.05552606397064395,35,1.0
2012-12-01,S/M,-0.021215556643775776,149,1.0
2013-01-01,B/H,0.027549677667866236,46,1.0
2013-01-01,B/L,-0.03432751495024962,172,1.0
2013-01-01,B/M,0.004614698091334186,127,0.9999999999999999
2013-01-01,S/H,0.06535764171758691,158,1.0
2013-01-01,S/L,0.06412246778313396,35,1.0
2013-01-01,S/M,0.03371650142835865,149,1.0
2013-02-01,B/H,0.024043467481891723,46,0.9999999999999999
2013-02-01,B/L,0.037928697416004596,174,1.0
2013-02-01,B/M,0.018896709223753253,127,1.0
2013-02-01,S/H,-0.00856024617176663,159,1.0
2013-02-01,S/L,0.007250508391219785,34,1.0
2013-02-01,S/M,0.0423911575524901,149,1.0
2013-03-01,B/H,-0.025108475802078884,46,0.9999999999999999
2013-03-01,B/L,-0.010939772723292761,174,1.0
2013-03-01,B/M,-0.003792356331273535,127,1.0
2013-03-01,S/H,0.05070378384704293,158,1.0
2013-03-01,S/L,-0.0071665927052281895,35,1.0
2013-03-01,S/M,0.05098709899745307,148,1.0
2013-04-01,B/H,0.03864524891598416,46,1.0
2013-04-01,B/L,-0.031662009366771715,174,0.9999999999999999
2013-04-01,B/M,0.003240264208191995,127,1.0
2013-04-01,S/H,0.04934905266793599,157,1.0
2013-04-01,S/L,0.010966390896443256,35,1.0
2013-04-01,S/M,0.056814932240054655,148,1.0
2013-05-01,B/H,-0.09558635080664915,46,1.0
2013-05-01,B/L,0.024524000454992333,173,1.0
2013-05-01,B/M,0.01405076422070211,126,1.0
2013-05-01,S/H,0.007824606951939603,154,1.0
2013-05-01,S/L,0.03644570720138633,35,1.0
2013-05-01,S/M,0.010865890772337081,148,1.0
2013-06-01,B/H,-0.03918903025405976,46,1.0
2013-06-01,B/L,-0.06846860260113047,173,1.0
2013-06-01,B/M,-0.06461012354389847,127,1.0
2013-06-01,S/H,-0.07057848277822634,157,1.0
2013-06-01,S/L,-0.08036648952664477,35,1.0
2013-06-01,S/M,-0.08248053992532914,147,1.0
2013-07-01,B/H,0.06530364865668467,65,1.0
2013-07-01,B/L,0.014030103918193768,150,1.0
2013-07-01,B/M,0.05499878248688665,132,1.0
2013-07-01,S/H,0.04094159594292291,141,1.0
2013-07-01,S/L,0.03889232852109096,59,1.0
2013-07-01,S/M,0.04390870865494718,144,1.0
2013-08-01,B/H,0.02160290214460328,65,1.0
2013-08-01,B/L,0.017747799748892682,150,1.0
2013-08-01,B/M,-0.011258574079415605,132,1.0
2013-08-01,S/H,-0.006716099502493677,143,1.0
2013-08-01,S/L,-0.018060681372917005,59,1.0
2013-08-01,S/M,-0.011156771114368948,145,1.0
2013-09-01,B/H,0.030092655835386423,65,1.0
2013-09-01,B/L,0.03576374415513922,150,0.9999999999999999
2013-09-01,B/M,0.03571091178887804,132,1.0
2013-09-01,S/H,0.019219774836484245,143,1.0
2013-09-01,S/L,0.020927291924954346,59,1.0
2013-09-01,S/M,0.00999903410207549,144,1.0
2013-10-01,B/H,-0.023317494907828248,65,1.0
2013-10-01,B/L,0.0231271585937038,150,1.0
2013-10-01,B/M,0.004373485847158033,132,0.9999999999999999
2013-10-01,S/H,-0.03033100154248673,143,1.0
2013-10-01,S/L,-0.008784173434256793,59,1.0
2013-10-01,S/M,-0.02365485545807818,143,1.0
2013-11-01,B/H,0.040019322097277994,64,0.9999999999999999
2013-11-01,B/L,0.017196960046335183,150,1.0
2013-11-01,B/M,-0.01048018662360948,132,1.0
2013-11-01,S/H,0.004764058978791528,142,1.0
2013-11-01,S/L,-0.052877674298648515,59,1.0
2013-11-01,S/M,0.0029144397698905736,143,1.0
2013-12-01,B/H,0.02855325107957784,65,1.0
2013-12-01,B/L,-0.03488287748152931,150,1.0
2013-12-01,B/M,0.0053809366022642266,132,1.0
2013-12-01,S/H,-0.010923107146966916,143,1.0
2013-12-01,S/L,-0.06606905373712019,59,1.0
2013-12-01,S/M,-0.04115498977020207,143,1.0
2014-01-01,B/H,0.0069466791811102265,65,0.9999999999999999
2014-01-01,B/L,-0.03534908913980094,150,1.0
2014-01-01,B/M,-0.03872046367733666,132,1.0
2014-01-01,S/H,0.022150882550152913,143,1.0
2014-01-01,S/L,0.04164376548636783,59,1.0
2014-01-01,S/M,0.018804063458068992,143,1.0
2014-02-01,B/H,0.030921160104432202,65,1.0
2014-02-01,B/L,0.03025285121691051,150,1.0
2014-02-01,B/M,-0.006412177569915775,132,1.0
2014-02-01,S/H,0.06498031257891566,142,1.0
2014-02-01,S/L,0.034844059098399424,59,1.0
2014-02-01,S/M,0.02924967485715449,143,1.0
2014-03-01,B/H,0.020533856924887035,65,1.0
2014-03-01,B/L,0.0009531469371391121,150,1.0
2014-03-01,B/M,0.006410686022803777,132,0.9999999999999999
2014-03-01,S/H,0.029546392693484847,143,1.0
2014-03-01,S/L,0.05803841448265739,59,1.0
2014-03-01,S/M,0.04553050916053493,142,1.0
2014-04-01,B/H,0.01854451912333501,62,1.0
2014-04-01,B/L,-0.011458767167373292,150,1.0
2014-04-01,B/M,-0.004419500106708305,132,1.0
2014-04-01,S/H,0.02314561992472556,142,0.9999999999999999
2014-04-01,S/L,0.005681966112402401,59,1.0
2014-04-01,S/M,0.032663955944769646,142,1.0
2014-05-01,B/H,0.017252003305906007,62,1.0
2014-05-01,B/L,0.028186744278638008,150,1.0
2014-05-01,B/M,-0.005231683363893008,132,1.0
2014-05-01,S/H,0.03513838987145287,143,1.0
2014-05-01,S/L,0.008850718511725822,57,1.0
2014-05-01,S/M,0.04324032696054421,142,1.0
2014-06-01,B/H,-0.015816896335386167,62,1.0
2014-06-01,B/L,-0.007129217304086395,150,0.9999999999999999
2014-06-01,B/M,0.03262307518156731,132,1.0
2014-06-01,S/H,-0.0027037494387941513,143,1.0
2014-06-01,S/L,-0.0037728330578824113,58,1.0
2014-06-01,S/M,0.03663349331956591,142,0.9999999999999999
2014-07-01,B/H,0.06670301739461544,64,1.0
2014-07-01,B/L,0.01587806407435943,149,1.0
2014-07-01,B/M,0.037257395871326884,134,1.0
2014-07-01,S/H,0.07285965269834808,144,1.0
2014-07-01,S/L,-0.016433306556561566,59,1.0
2014-07-01,S/M,0.01826393827986998,144,1.0
2014-08-01,B/H,-0.00364075932051047,64,1.0
2014-08-01,B/L,-0.01110371007263316,149,0.9999999999999999
2014-08-01,B/M,0.0011914325732592535,134,1.0
2014-08-01,S/H,0.014620817975339689,144,1.0
2014-08-01,S/L,0.013719516892727152,57,1.0
2014-08-01,S/M,0.026272625266927037,144,1.0
2014-09-01,B/H,0.049493651270003484,64,1.0
2014-09-01,B/L,-0.014195712112398525,149,1.0
2014-09-01,B/M,-0.050287900691096774,134,1.0
2014-09-01,S/H,0.01501849707831119,144,1.0
2014-09-01,S/L,0.04551845190923973,59,1.0
2014-09-01,S/M,0.02041417736907363,144,1.0
2014-10-01,B/H,-0.045554342111738436,64,1.0
2014-10-01,B/L,-0.01513084035948467,149,0.9999999999999999
2014-10-01,B/M,-0.05085813092289407,134,1.0
2014-10-01,S/H,-0.04264119841192822,144,1.0
2014-10-01,S/L,-0.043233124134787415,59,1.0
2014-10-01,S/M,-0.023471882418898256,144,1.0
2014-11-01,B/H,-0.008716804536293062,64,0.9999999999999999
2014-11-01,B/L,0.016207701745316588,149,1.0
2014-11-01,B/M,0.013706559005630337,134,1.0
2014-11-01,S/H,-0.020793998518697423,143,1.0
2014-11-01,S/L,-0.010789727459511917,59,1.0
2014-11-01,S/M,-0.03223404236050652,142,1.0
2014-12-01,B/H,-0.044729286845022385,64,1.0
2014-12-01,B/L,-0.018880768136120794,149,0.9999999999999999
2014-12-01,B/M,-0.057497012166393455,134,1.0
2014-12-01,S/H,-0.034619419184682414,143,1.0
2014-12-01,S/L,-0.003023692129466088,59,1.0
2014-12-01,S/M,-0.01224032268139222,144,1.0
2015-01-01,B/H,0.016651523288024425,64,1.0
2015-01-01,B/L,0.0372418449467918,148,1.0
2015-01-01,B/M,0.011511812018786136,134,1.0
2015-01-01,S/H,0.06726052444655567,139,1.0
2015-01-01,S/L,0.039116466291579575,59,1.0
2015-01-01,S/M,0.029468224803377668,143,1.0
2015-02-01,B/H,0.04732991615246447,64,1.0
2015-02-01,B/L,0.00022388166789894318,148,1.0
2015-02-01,B/M,0.024662019677396927,134,1.0
2015-02-01,S/H,0.08626899027222597,142,1.0
2015-02-01,S/L,0.07482675749685319,58,1.0
2015-02-01,S/M,0.0798967212888094,144,1.0
2015-03-01,B/H,0.018011728870919876,64,0.9999999999999999
2015-03-01,B/L,0.039700668970104505,146,1.0
2015-03-01,B/M,0.0008552450127781641,134,1.0
2015-03-01,S/H,0.11849165217813867,141,1.0
2015-03-01,S/L,0.08173491695543474,58,1.0
2015-03-01,S/M,0.09550271642982083,143,1.0
2015-04-01,B/H,0.05974181541612182,64,1.0
2015-04-01,B/L,0.028443036025456583,148,1.0
2015-04-01,B/M,0.05389159827122576,134,1.0
2015-04-01,S/H,0.051702629895189124,139,1.0
2015-04-01,S/L,0.028612565807151207,56,1.0
2015-04-01,S/M,0.048043219228274495,144,1.0
2015-05-01,B/H,0.018608409224809677,64,1.0
2015-05-01,B/L,-0.021067627365345735,148,1.0
2015-05-01,B/M,-0.01406004904646431,134,1.0
2015-05-01,S/H,0.017470371366756964,140,1.0
2015-05-01,S/L,0.03869693877217601,57,1.0
2015-05-01,S/M,0.06543166149772105,143,1.0
2015-06-01,B/H,0.01296721705976821,63,1.0
2015-06-01,B/L,-0.011411486953451176,147,1.0
2015-06-01,B/M,-0.031091735738567987,134,1.0
2015-06-01,S/H,0.01436569826102627,139,1.0
2015-06-01,S/L,0.02916449776466157,57,1.0
2015-06-01,S/M,-0.008038995787167219,144,0.9999999999999999
2015-07-01,B/H,-0.008462008373245566,65,0.9999999999999999
2015-07-01,B/L,-0.015901858688796268,151,1.0
2015-07-01,B/M,-0.0396060463730205,143,1.0
2015-07-01,S/H,0.013696100918527066,150,1.0
2015-07-01,S/L,0.013564838150588635,66,1.0
2015-07-01,S/M,0.006920011258101429,142,1.0
2015-08-01,B/H,-0.04001187129855845,64,1.0
2015-08-01,B/L,-0.04731702475175935,151,1.0
2015-08-01,B/M,-0.025736985618282936,144,1.0
2015-08-01,S/H,-0.061381438596309464,151,1.0
2015-08-01,S/L,-0.015420758342627844,66,1.0
2015-08-01,S/M,-0.05750049298819785,143,1.0
2015-09-01,B/H,-0.01296985633811742,64,0.9999999999999999
2015-09-01,B/L,0.002125823605355206,151,1.0
2015-09-01,B/M,0.038447377656401195,143,1.0
2015-09-01,S/H,0.01357013939013846,148,1.0
2015-09-01,S/L,0.04513120961625855,66,1.0
2015-09-01,S/M,0.0072175513006920355,142,1.0
2015-10-01,B/H,0.012737044732722424,64,1.0
2015-10-01,B/L,0.05647070021375861,151,1.0
2015-10-01,B/M,0.00010961989978059932,143,1.0
2015-10-01,S/H,-0.010804143227423428,150,1.0
2015-10-01,S/L,0.009012875567657909,65,1.0
2015-10-01,S/M,0.01601473405993221,143,1.0
2015-11-01,B/H,-0.0176773285289206,64,1.0
2015-11-01,B/L,-0.012661974013603182,151,0.9999999999999999
2015-11-01,B/M,-0.014104248188742945,143,1.0
2015-11-01,S/H,-0.0321149076977938,151,1.0
2015-11-01,S/L,-0.02147193719196504,66,1.0
2015-11-01,S/M,-0.03143657840330666,143,1.0
2015-12-01,B/H,-0.0016586561127550146,64,1.0
2015-12-01,B/L,-0.01786816776269982,151,1.0
2015-12-01,B/M,-0.012118540721925898,143,1.0
2015-12-01,S/H,-0.0010045115085599416,150,1.0
2015-12-01,S/L,-0.11264117039395934,65,1.0
2015-12-01,S/M,0.010119262108726315,143,1.0
2016-01-01,B/H,0.0278901925571737,63,1.0
2016-01-01,B/L,-0.028276274111505524,151,1.0
2016-01-01,B/M,-0.027376043688962053,143,0.9999999999999999
2016-01-01,S/H,-0.045913311981774514,149,1.0
2016-01-01,S/L,0.0434325436686483,66,1.0
2016-01-01,S/M,-0.039237364992047954,143,1.0
2016-02-01,B/H,0.05299625986841449,63,1.0
2016-02-01,B/L,-0.01952150856966185,151,1.0
2016-02-01,B/M,0.02196316218653124,143,0.9999999999999999
2016-02-01,S/H,0.02024780344906474,150,1.0
2016-02-01,S/L,-0.027625287004594656,66,1.0
2016-02-01,S/M,-0.007868289424538126,143,1.0
2016-03-01,B/H,0.04701459196036219,63,1.0
2016-03-01,B/L,0.03478449831761716,151,1.0
2016-03-01,B/M,0.04281314414606432,143,1.0
2016-03-01,S/H,0.029869417912778536,148,1.0
2016-03-01,S/L,0.1425101923571329,65,1.0
2016-03-01,S/M,0.04959184831353236,142,1.0
2016-04-01,B/H,0.022680215511927816,63,1.0
2016-04-01,B/L,-0.007849060418220229,149,1.0
2016-04-01,B/M,-0.007538856778095094,143,1.0
2016-04-01,S/H,0.013228416236786956,149,1.0
2016-04-01,S/L,-0.05074618918115728,66,1.0
2016-04-01,S/M,0.023436759358982734,141,1.0
2016-05-01,B/H,-0.029166531493879475,63,0.9999999999999999
2016-05-01,B/L,0.019389630863974702,150,1.0
2016-05-01,B/M,-0.03734415143212948,142,1.0
2016-05-01,S/H,-0.0052748250683385366,150,1.0
2016-05-01,S/L,-0.04000897391437536,65,1.0
2016-05-01,S/M,0.02073884641416841,142,1.0
2016-06-01,B/H,-0.058668840048827886,63,1.0
2016-06-01,B/L,0.023475589613578554,150,1.0
2016-06-01,B/M,-0.03892367538707547,142,1.0
2016-06-01,S/H,-0.015400817108857661,148,1.0
2016-06-01,S/L,-0.027173509096618274,65,1.0
2016-06-01,S/M,-0.0007856257834201771,141,1.0
2016-07-01,B/H,0.04171662338985495,71,1.0
2016-07-01,B/L,-0.017240582925695205,148,0.9999999999999999
2016-07-01,B/M,0.04030152541708138,147,1.0
2016-07-01,S/H,0.062134284654122504,149,1.0
2016-07-01,S/L,0.009696193580056715,72,1.0
2016-07-01,S/M,0.04682562652841896,146,1.0
2016-08-01,B/H,0.0014273841710474508,71,1.0
2016-08-01,B/L,-1.0309186134489751e-05,148,1.0
2016-08-01,B/M,0.022642224348267084,147,1.0
2016-08-01,S/H,-0.0040049162206036385,147,1.0
2016-08-01,S/L,-0.04311276800807302,72,1.0
2016-08-01,S/M,-0.03274564318576712,146,1.0
2016-09-01,B/H,-0.009045654099128641,71,1.0
2016-09-01,B/L,0.019660112950550413,148,1.0
2016-09-01,B/M,-0.004339845105034946,147,1.0
2016-09-01,S/H,0.038367058602058926,147,1.0
2016-09-01,S/L,0.026476941676387502,72,1.0
2016-09-01,S/M,0.04925690513195228,146,1.0
2016-10-01,B/H,0.0011110181275468137,71,1.0
2016-10-01,B/L,-0.06109039253675848,148,1.0
2016-10-01,B/M,0.00035370762464820163,147,1.0
2016-10-01,S/H,-0.047869072717937805,148,1.0
2016-10-01,S/L,-0.08885726468398718,72,1.0
2016-10-01,S/M,-0.07102849949607068,146,1.0
2016-11-01,B/H,-0.023989647634442387,71,1.0
2016-11-01,B/L,-0.04665453133056437,148,1.0
2016-11-01,B/M,0.01994652785099654,147,1.0
2016-11-01,S/H,0.0012772170014704847,146,1.0
2016-11-01,S/L,-0.07352649849921877,71,1.0
2016-11-01,S/M,-0.022530744898026013,146,1.0
2016-12-01,B/H,0.03358382393101819,71,1.0
2016-12-01,B/L,0.005046246026407578,148,0.9999999999999999
2016-12-01,B/M,0.034195489842119155,147,1.0
2016-12-01,S/H,0.050479074062924144,147,1.0
2016-12-01,S/L,0.04696003668939012,71,1.0
2016-12-01,S/M,0.03802316788296968,146,1.0
2017-01-01,B/H,0.0007509213829841381,71,1.0
2017-01-01,B/L,0.000983929426585561,147,1.0
2017-01-01,B/M,0.03451045770011655,147,1.0
2017-01-01,S/H,0.004834753603292881,146,1.0
2017-01-01,S/L,0.009364799476538668,71,1.0
2017-01-01,S/M,-0.0010924941060073356,144,1.0
2017-02-01,B/H,0.04422730395603054,71,1.0
2017-02-01,B/L,0.005818352593501414,147,1.0
2017-02-01,B/M,0.0034129997245198654,147,1.0
2017-02-01,S/H,-0.008829425063617672,146,1.0
2017-02-01,S/L,-0.00308633288702561,71,1.0
2017-02-01,S/M,0.010492539103667464,145,1.0
2017-03-01,B/H,0.026237231015739996,71,1.0
2017-03-01,B/L,0.014866212762066303,146,1.0
2017-03-01,B/M,0.046091110629696376,147,0.9999999999999999
2017-03-01,S/H,0.024844968532366014,144,1.0
2017-03-01,S/L,0.03107186126468269,71,1.0
2017-03-01,S/M,0.018493259665960635,144,1.0
2017-04-01,B/H,-0.015278938639790676,71,0.9999999999999999
2017-04-01,B/L,0.02305342508310017,146,1.0
2017-04-01,B/M,0.033204182284672076,147,1.0
2017-04-01,S/H,-0.016851817423203356,143,1.0
2017-04-01,S/L,-0.03069445941478679,70,1.0
2017-04-01,S/M,-0.010082273728878075,144,1.0
2017-05-01,B/H,0.06474331664167242,71,1.0
2017-05-01,B/L,0.0903949518600608,146,1.0
2017-05-01,B/M,0.051610229873429496,147,1.0
2017-05-01,S/H,0.03392570994889557,143,1.0
2017-05-01,S/L,0.03776437308200794,70,1.0
2017-05-01,S/M,0.014403739750553023,145,0.9999999999999999
2017-06-01,B/H,-0.004974349747788535,71,1.0
2017-06-01,B/L,0.00681518418181818,146,1.0
2017-06-01,B/M,0.02339886874119891,147,1.0
2017-06-01,S/H,0.008416902929541042,142,1.0
2017-06-01,S/L,-0.038416055736168735,70,1.0
2017-06-01,S/M,-0.004229581564653103,144,0.9999999999999999
2017-07-01,B/H,0.004987788358921866,89,1.0
2017-07-01,B/L,-0.031662142484619654,136,0.9999999999999999
2017-07-01,B/M,0.016877755855890984,141,1.0
2017-07-01,S/H,-0.010175039214029841,130,1.0
2017-07-01,S/L,-0.06043644543326125,83,1.0
2017-07-01,S/M,-0.04164718697551883,152,1.0
2017-08-01,B/H,-0.016600313873834437,89,1.0
2017-08-01,B/L,-0.005852491032655687,136,0.9999999999999999
2017-08-01,B/M,-0.014537482410277934,141,1.0
2017-08-01,S/H,0.012529661823140662,128,1.0
2017-08-01,S/L,-0.015612438248013163,83,1.0
2017-08-01,S/M,-0.0029202229804685983,152,1.0
2017-09-01,B/H,-0.030018397512777992,89,1.0
2017-09-01,B/L,0.012416078064100243,136,1.0
2017-09-01,B/M,0.04394487027032405,141,1.0
2017-09-01,S/H,-0.04988106871392024,126,1.0
2017-09-01,S/L,-0.07666176794293594,83,1.0
2017-09-01,S/M,-0.07177166769716135,152,1.0
2017-10-01,B/H,0.03823830008211471,89,1.0
2017-10-01,B/L,0.09219749366702543,136,1.0
2017-10-01,B/M,0.04943574228170793,141,1.0
2017-10-01,S/H,-0.0006110463717891448,128,1.0
2017-10-01,S/L,0.043283503967297916,83,1.0
2017-10-01,S/M,0.028156973617382827,152,1.0
2017-11-01,B/H,0.009823547781135193,89,1.0
2017-11-01,B/L,0.0067437131678137,136,0.9999999999999999
2017-11-01,B/M,-0.03945197197954965,141,0.9999999999999999
2017-11-01,S/H,0.01777596512263052,126,1.0
2017-11-01,S/L,0.05731369567598805,81,1.0
2017-11-01,S/M,0.015224071251120247,152,1.0
2017-12-01,B/H,-0.025818999936223174,89,1.0
2017-12-01,B/L,0.01000769231655273,136,1.0
2017-12-01,B/M,-0.0020682880009762713,141,1.0
2017-12-01,S/H,-0.019496671012257744,128,1.0
2017-12-01,S/L,-0.001170340068571871,83,1.0
2017-12-01,S/M,-0.03115854478266784,151,1.0
2018-01-01,B/H,0.08445618243935513,89,1.0
2018-01-01,B/L,0.07733314656497899,136,1.0
2018-01-01,B/M,0.004407844321346688,141,1.0
2018-01-01,S/H,0.09424400098808398,125,1.0
2018-01-01,S/L,0.09904063758454618,80,1.0
2018-01-01,S/M,0.09436490862367107,150,1.0
2018-02-01,B/H,-0.06326802469580119,89,1.0
2018-02-01,B/L,-0.06047601174057682,136,1.0
2018-02-01,B/M,-0.05069936737635283,141,1.0
2018-02-01,S/H,-0.05754829827705827,128,1.0
2018-02-01,S/L,-0.02986046323435999,82,1.0
2018-02-01,S/M,-0.04426404005897595,152,1.0
2018-03-01,B/H,-0.02575965592803216,89,1.0
2018-03-01,B/L,0.029278035069695993,134,1.0
2018-03-01,B/M,0.014092774121082292,141,1.0
2018-03-01,S/H,0.024652877343719036,127,1.0
2018-03-01,S/L,0.046034404284489856,81,1.0
2018-03-01,S/M,0.01796888871379085,150,1.0
2018-04-01,B/H,0.059242360227363476,89,1.0
2018-04-01,B/L,-0.017970929789507442,135,1.0
2018-04-01,B/M,0.04072286902035724,141,1.0
2018-04-01,S/H,0.047833835762701046,124,1.0
2018-04-01,S/L,0.07455662355743875,82,1.0
2018-04-01,S/M,0.08552253348639069,152,0.9999999999999999
2018-05-01,B/H,-0.042066731494796006,89,1.0
2018-05-01,B/L,-0.046690080901038926,134,1.0
2018-05-01,B/M,-0.029120908094075866,141,1.0
2018-05-01,S/H,0.047145801129975934,126,1.0
2018-05-01,S/L,-0.04119032773027842,83,1.0
2018-05-01,S/M,0.023737978939668593,150,1.0
2018-06-01,B/H,-0.05987847001706754,89,1.0
2018-06-01,B/L,-0.0024999687820649904,135,1.0
2018-06-01,B/M,-0.05399495324057731,141,0.9999999999999999
2018-06-01,S/H,-0.11021172311423441,126,1.0
2018-06-01,S/L,-0.0845674502643784,83,1.0
2018-06-01,S/M,-0.10173991502054765,151,1.0
2018-07-01,B/H,0.0018689499585805374,84,1.0
2018-07-01,B/L,-0.03188304735752396,150,1.0
2018-07-01,B/M,0.013422897553884082,140,1.0
2018-07-01,S/H,-0.03705873488172448,140,1.0
2018-07-01,S/L,-0.036133279780398805,74,1.0
2018-07-01,S/M,-0.03633504962191994,158,0.9999999999999999
2018-08-01,B/H,-0.011810604423811448,84,0.9999999999999999
2018-08-01,B/L,0.03547788131969495,150,1.0
2018-08-01,B/M,-0.00932542155964315,140,0.9999999999999999
2018-08-01,S/H,0.021721810539549923,141,1.0
2018-08-01,S/L,0.019538107233973284,75,1.0
2018-08-01,S/M,0.01658896727247906,158,1.0
2018-09-01,B/H,0.03546205611473839,84,1.0
2018-09-01,B/L,-0.01388042397548518,150,1.0
2018-09-01,B/M,0.03228601615882746,140,1.0
2018-09-01,S/H,0.01345804533434142,141,1.0
2018-09-01,S/L,0.010611541274114207,75,1.0
2018-09-01,S/M,0.015205270099926785,158,1.0
2018-10-01,B/H,-0.14644285551690944,84,1.0
2018-10-01,B/L,-0.14196153652219223,150,1.0
2018-10-01,B/M,-0.10733433275236766,140,1.0
2018-10-01,S/H,-0.18582466248370597,141,1.0
2018-10-01,S/L,-0.22102039436776663,74,1.0
2018-10-01,S/M,-0.1884035243633332,158,1.0
2018-11-01,B/H,0.05590472805859683,84,1.0
2018-11-01,B/L,0.030705576928160325,150,0.9999999999999999
2018-11-01,B/M,0.02384445347031472,140,1.0
2018-11-01,S/H,0.05525739654364227,141,1.0
2018-11-01,S/L,0.054632965687301624,74,1.0
2018-11-01,S/M,0.07986713766745548,158,1.0
2018-12-01,B/H,0.006890044519061712,83,1.0
2018-12-01,B/L,-0.04540113515484357,150,0.9999999999999999
2018-12-01,B/M,-0.016443930179643674,139,1.0
2018-12-01,S/H,0.01267987226570965,141,1.0
2018-12-01,S/L,-0.036277171926158605,74,1.0
2018-12-01,S/M,0.015986912525769805,158,1.0
2019-01-01,B/H,0.0641773059635539,83,1.0
2019-01-01,B/L,0.10229798228659336,150,1.0
2019-01-01,B/M,0.05622281317939619,139,1.0
2019-01-01,S/H,0.10641569112718337,139,1.0
2019-01-01,S/L,0.10586957581666315,74,1.0
2019-01-01,S/M,0.09940069631269684,158,1.0
2019-02-01,B/H,-0.01691580878782395,83,1.0
2019-02-01,B/L,-0.004721021564103944,150,1.0
2019-02-01,B/M,0.014059944610300914,139,1.0
2019-02-01,S/H,-0.04860303084682386,141,1.0
2019-02-01,S/L,-0.018809594899915065,74,1.0
2019-02-01,S/M,-0.043284582229096966,158,1.0
2019-03-01,B/H,-0.047380169803668826,83,1.0
2019-03-01,B/L,-0.012688837372647055,150,1.0
2019-03-01,B/M,-0.03684508591770166,139,1.0
2019-03-01,S/H,-0.015126406172443978,141,1.0
2019-03-01,S/L,-0.014353893521744984,73,1.0
2019-03-01,S/M,-0.02430137136974387,158,1.0
2019-04-01,B/H,0.03674099792494614,83,1.0
2019-04-01,B/L,0.03269979600656217,150,1.0
2019-04-01,B/M,0.014034071047511873,139,1.0
2019-04-01,S/H,0.04131918582825682,141,1.0
2019-04-01,S/L,0.05790111556274926,74,1.0
2019-04-01,S/M,0.047107406096156774,156,1.0
2019-05-01,B/H,-0.07641762491184347,83,1.0
2019-05-01,B/L,-0.08610706108570813,149,1.0
2019-05-01,B/M,-0.06301221785359137,139,1.0
2019-05-01,S/H,-0.04692250265223339,139,1.0
2019-05-01,S/L,-0.06368479583753658,74,1.0
2019-05-01,S/M,-0.042782845837444704,158,1.0
2019-06-01,B/H,0.029208010638015407,83,1.0
2019-06-01,B/L,0.05652253386537727,149,1.0
2019-06-01,B/M,0.029820693097723946,139,1.0
2019-06-01,S/H,0.029259462162214086,139,1.0
2019-06-01,S/L,0.062070826605716445,74,1.0
2019-06-01,S/M,0.049055701942931906,156,1.0
2019-07-01,B/H,-0.05671239524193962,84,1.0
2019-07-01,B/L,-0.03947755360940702,147,1.0
2019-07-01,B/M,-0.055680937103895566,148,1.0
2019-07-01,S/H,-0.08978470352582339,142,1.0
2019-07-01,S/L,-0.12804703469007356,81,1.0
2019-07-01,S/M,-0.1046831470810105,153,1.0
2019-08-01,B/H,-0.03522527150477376,84,1.0
2019-08-01,B/L,-0.019281419921592872,147,1.0
2019-08-01,B/M,-0.03365506948860043,148,1.0
2019-08-01,S/H,-0.019389334651100276,143,1.0
2019-08-01,S/L,-0.009080018752229644,81,1.0
2019-08-01,S/M,-0.012326281438122626,154,1.0
2019-09-01,B/H,0.0363364876577216,84,1.0
2019-09-01,B/L,0.06707576499329304,147,1.0
2019-09-01,B/M,0.015871018201335445,148,1.0
2019-09-01,S/H,0.054667526155974595,144,1.0
2019-09-01,S/L,0.036388759099517894,81,1.0
2019-09-01,S/M,0.025842906523958587,153,1.0
2019-10-01,B/H,-0.028059338449604513,84,1.0
2019-10-01,B/L,0.037806029768161664,146,1.0
2019-10-01,B/M,-0.013249490141683435,148,1.0
2019-10-01,S/H,-0.01611155647054707,143,1.0
2019-10-01,S/L,-0.043961595200069585,81,0.9999999999999999
2019-10-01,S/M,-0.020365939110073696,154,1.0
2019-11-01,B/H,0.020819434589720635,84,1.0
2019-11-01,B/L,-0.010460974579024021,147,1.0
2019-11-01,B/M,0.010959480073993472,148,1.0
2019-11-01,S/H,-0.0007541805311104922,144,1.0
2019-11-01,S/L,-0.018277750414941007,81,1.0
2019-11-01,S/M,-0.0012411648361174152,154,1.0
2019-12-01,B/H,0.014453590658021322,84,1.0
2019-12-01,B/L,0.07999359282911776,147,1.0
2019-12-01,B/M,0.0267619122878318,148,1.0
2019-12-01,S/H,0.023473314119751718,144,1.0
2019-12-01,S/L,0.020176829413609116,81,1.0
2019-12-01,S/M,0.03252042691019192,154,1.0
2020-01-01,B/H,-0.07452042185358551,84,1.0
2020-01-01,B/L,-0.0066891511063596224,147,1.0
2020-01-01,B/M,-0.06750175187400419,148,1.0
2020-01-01,S/H,-0.05940434532881451,144,1.0
2020-01-01,S/L,-0.04497078274377908,80,1.0
2020-01-01,S/M,-0.04757139237862232,154,1.0
2020-02-01,B/H,-0.11051116651110025,84,0.9999999999999999
2020-02-01,B/L,-0.04852542934365373,147,1.0
2020-02-01,B/M,-0.06254736384055513,148,1.0
2020-02-01,S/H,-0.07174396249556537,143,1.0
2020-02-01,S/L,-0.0986031776283241,81,1.0
2020-02-01,S/M,-0.08623522984055432,154,1.0
2020-03-01,B/H,-0.1920605141957936,83,1.0
2020-03-01,B/L,-0.08339551641453191,144,1.0
2020-03-01,B/M,-0.1618130164019938,148,1.0
2020-03-01,S/H,-0.16397428872258468,144,1.0
2020-03-01,S/L,-0.08538912325120715,80,1.0
2020-03-01,S/M,-0.1605770614785504,154,1.0
2020-04-01,B/H,0.15381723620619364,83,1.0
2020-04-01,B/L,0.08638422191635908,147,1.0
2020-04-01,B/M,0.15281545998477145,148,1.0
2020-04-01,S/H,0.16831201863405038,143,1.0
2020-04-01,S/L,0.2128763610051652,81,1.0
2020-04-01,S/M,0.19658145686994163,153,1.0
2020-05-01,B/H,0.043086663057621995,83,1.0
2020-05-01,B/L,0.04020205410144702,147,1.0
2020-05-01,B/M,0.04337436823960174,148,1.0
2020-05-01,S/H,0.061868752725310436,142,1.0
2020-05-01,S/L,0.11748805279902105,81,1.0
2020-05-01,S/M,0.058941372303877734,152,1.0
2020-06-01,B/H,-0.006921588480764368,83,1.0
2020-06-01,B/L,0.06708333341448124,147,1.0
2020-06-01,B/M,0.012157248941885591,148,1.0
2020-06-01,S/H,-0.010827294216076899,142,1.0
2020-06-01,S/L,-0.05935699454541805,81,0.9999999999999999
2020-06-01,S/M,-0.006423936857882206,152,1.0
2020-07-01,B/H,0.04870906763895405,82,1.0
2020-07-01,B/L,0.05271478410455524,147,1.0
2020-07-01,B/M,0.07123803121744213,149,0.9999999999999999
2020-07-01,S/H,0.06946976013681873,143,1.0
2020-07-01,S/L,0.05424949948670088,80,1.0
2020-07-01,S/M,0.11213298614562107,154,1.0
2020-08-01,B/H,0.10766296519029957,83,1.0
2020-08-01,B/L,0.06645524893638251,146,1.0
2020-08-01,B/M,-0.010021469579350049,150,1.0
2020-08-01,S/H,0.07492656842123913,145,1.0
2020-08-01,S/L,0.023269868951708062,78,1.0
2020-08-01,S/M,0.007020635696342001,154,1.0
2020-09-01,B/H,0.004914611666448834,83,0.9999999999999999
2020-09-01,B/L,-0.03553630562783066,148,1.0
2020-09-01,B/M,0.03364175076313433,150,1.0
2020-09-01,S/H,0.02461597840582336,145,1.0
2020-09-01,S/L,0.008914039088823959,80,1.0
2020-09-01,S/M,0.035556524247234114,154,1.0
2020-10-01,B/H,-0.015241844044301246,83,1.0
2020-10-01,B/L,-0.042399693251331305,148,1.0
2020-10-01,B/M,-0.018723331421053906,150,1.0
2020-10-01,S/H,-0.019338092477985343,145,1.0
2020-10-01,S/L,-0.038953931775825096,80,1.0
2020-10-01,S/M,-0.020906926906231235,152,1.0
2020-11-01,B/H,0.11556802870872963,83,1.0
2020-11-01,B/L,0.14439254778545904,148,1.0
2020-11-01,B/M,0.15269041737251404,150,1.0
2020-11-01,S/H,0.13551666481669322,145,1.0
2020-11-01,S/L,0.08868688801133234,79,1.0
2020-11-01,S/M,0.12868548833827503,152,1.0
2020-12-01,B/H,0.0938840757538922,83,1.0
2020-12-01,B/L,0.08893498935860182,147,1.0
2020-12-01,B/M,0.15472835255925943,150,1.0
2020-12-01,S/H,0.06556279721020665,142,0.9999999999999999
2020-12-01,S/L,0.008519511627447558,80,1.0
2020-12-01,S/M,0.03393925910744456,153,1.0
2021-01-01,B/H,0.04145981337559088,83,1.0
2021-01-01,B/L,0.03950446256264179,147,0.9999999999999999
2021-01-01,B/M,0.04269718709743113,150,1.0
2021-01-01,S/H,-0.002065986073232599,142,1.0
2021-01-01,S/L,-0.028379345542454932,80,1.0
2021-01-01,S/M,0.016431037370993662,153,1.0
2021-02-01,B/H,0.027118249530733503,83,1.0
2021-02-01,B/L,0.010601813160871188,147,1.0
2021-02-01,B/M,0.007112181868582682,150,1.0
2021-02-01,S/H,0.039160255995794015,143,1.0
2021-02-01,S/L,0.010474280053024422,80,1.0
2021-02-01,S/M,0.017108048471189883,153,1.0
2021-03-01,B/H,0.04017194620241658,83,1.0
2021-03-01,B/L,0.0007597310512631993,147,1.0
2021-03-01,B/M,0.010543706597067179,150,1.0
2021-03-01,S/H,0.0750858723335406,143,0.9999999999999999
2021-03-01,S/L,0.056027386853709824,79,1.0
2021-03-01,S/M,0.07507909337921641,153,1.0
2021-04-01,B/H,0.04821448832373626,83,1.0
2021-04-01,B/L,0.007495846694407013,147,1.0
2021-04-01,B/M,0.030195686605291053,150,1.0
2021-04-01,S/H,0.08880472915419521,144,1.0
2021-04-01,S/L,0.05909647734288142,79,1.0
2021-04-01,S/M,0.07898309726727593,153,1.0
2021-05-01,B/H,0.04680641537516557,82,1.0
2021-05-01,B/L,0.010382617035209527,146,1.0
2021-05-01,B/M,0.010474760754549542,150,0.9999999999999999
2021-05-01,S/H,0.0324713479550428,145,0.9999999999999999
2021-05-01,S/L,-0.013869886233825455,80,1.0
2021-05-01,S/M,0.01863593804591675,153,1.0
2021-06-01,B/H,0.016910370581104905,83,1.0
2021-06-01,B/L,0.05296528385119695,146,1.0
2021-06-01,B/M,0.009743316292724064,150,0.9999999999999999
2021-06-01,S/H,0.06487770353983806,145,1.0
2021-06-01,S/L,0.06618221477782399,79,1.0
2021-06-01,S/M,0.05895414490161715,153,1.0
2021-07-01,B/H,-0.032952264011839545,90,0.9999999999999999
2021-07-01,B/L,-0.023790995256285447,149,1.0
2021-07-01,B/M,-0.038386418214849824,146,1.0
2021-07-01,S/H,-0.03960119714658117,140,1.0
2021-07-01,S/L,-0.018920774511641026,82,1.0
2021-07-01,S/M,-0.022948159005820347,162,1.0
2021-08-01,B/H,-0.025248038285014006,90,1.0
2021-08-01,B/L,0.0020447892315061836,149,0.9999999999999999
2021-08-01,B/M,-0.016570948181387476,146,1.0
2021-08-01,S/H,-0.021223476105413624,141,1.0
2021-08-01,S/L,-0.03635697544392909,82,1.0
2021-08-01,S/M,-0.05480897862995251,162,1.0
2021-09-01,B/H,-0.007607100663467884,90,1.0
2021-09-01,B/L,-0.05706941966316667,149,1.0
2021-09-01,B/M,-0.02148380944590474,146,1.0
2021-09-01,S/H,0.024183253591795163,139,1.0
2021-09-01,S/L,-0.028241806695654934,82,1.0
2021-09-01,S/M,0.00728163380481305,159,1.0
2021-10-01,B/H,-0.03554997176739178,90,0.9999999999999999
2021-10-01,B/L,-0.03510918505718268,149,1.0
2021-10-01,B/M,-0.03475068667641374,146,1.0
2021-10-01,S/H,-0.030249682701119565,141,1.0
2021-10-01,S/L,-0.021990673907234186,82,1.0
2021-10-01,S/M,-0.01701519443128924,162,1.0
2021-11-01,B/H,-0.09756266604437576,90,1.0
2021-11-01,B/L,-0.008612400246097404,149,1.0
2021-11-01,B/M,-0.11227376237757039,146,1.0
2021-11-01,S/H,-0.12855595495871894,141,1.0
2021-11-01,S/L,-0.13204731606508197,81,1.0
2021-11-01,S/M,-0.1319919535406031,162,1.0
2021-12-01,B/H,0.06170592409887424,90,1.0
2021-12-01,B/L,0.04728984609362751,149,1.0
2021-12-01,B/M,0.09371373219442412,146,1.0
2021-12-01,S/H,0.08429868460759148,141,1.0
2021-12-01,S/L,0.07495361814378004,81,1.0
2021-12-01,S/M,0.10361902933769972,162,1.0
2022-01-01,B/H,-0.0737225809248455,90,1.0
2022-01-01,B/L,-0.11222371964131866,149,1.0
2022-01-01,B/M,-0.07089354656277619,145,1.0
2022-01-01,S/H,-0.0599803180364867,140,0.9999999999999999
2022-01-01,S/L,-0.1202632958680958,81,1.0
2022-01-01,S/M,-0.10288897583981216,162,1.0
2022-02-01,B/H,0.030109550780459203,90,0.9999999999999999
2022-02-01,B/L,0.008406394259617646,149,1.0
2022-02-01,B/M,0.018598902796982047,145,1.0
2022-02-01,S/H,0.06041073955363115,140,1.0
2022-02-01,S/L,0.029556872453624407,80,1.0
2022-02-01,S/M,0.04266559465717017,161,1.0
2022-03-01,B/H,0.041898040667870874,90,1.0
2022-03-01,B/L,0.008277037461966317,149,1.0
2022-03-01,B/M,0.03209849230491127,144,1.0
2022-03-01,S/H,0.051363964738429364,140,1.0
2022-03-01,S/L,0.057390556433716496,80,1.0
2022-03-01,S/M,0.07548274242221545,162,1.0
2022-04-01,B/H,0.011988368547006757,90,1.0
2022-04-01,B/L,-0.03460000334986614,148,1.0
2022-04-01,B/M,0.009197923987594819,144,1.0
2022-04-01,S/H,0.05153218130718351,140,1.0
2022-04-01,S/L,0.0021871156243480996,80,0.9999999999999999
2022-04-01,S/M,0.05240712491034581,162,1.0
2022-05-01,B/H,0.0057685067819273125,90,1.0
2022-05-01,B/L,-0.007648664922874804,149,1.0
2022-05-01,B/M,0.004488294554543871,144,1.0
2022-05-01,S/H,-0.021849125695162015,139,1.0
2022-05-01,S/L,-0.048971921159122196,80,1.0
2022-05-01,S/M,-0.03597200292286698,162,1.0
2022-06-01,B/H,-0.10050334716897893,90,1.0
2022-06-01,B/L,-0.13937745124457243,149,1.0
2022-06-01,B/M,-0.095834631388519,144,1.0
2022-06-01,S/H,-0.15032945940190637,140,1.0
2022-06-01,S/L,-0.1550002522055532,80,1.0
2022-06-01,S/M,-0.16710861959679899,162,1.0
2022-07-01,B/H,0.01671586951421119,104,1.0
2022-07-01,B/L,0.07088170073981323,144,1.0
2022-07-01,B/M,0.05035435758519701,142,1.0
2022-07-01,S/H,0.03323051006660888,130,1.0
2022-07-01,S/L,0.07806627465189679,91,1.0
2022-07-01,S/M,0.048562302923369494,169,1.0
2022-08-01,B/H,0.02117271576933672,104,1.0
2022-08-01,B/L,0.006625055933184119,144,1.0
2022-08-01,B/M,0.00434981401962728,142,1.0
2022-08-01,S/H,0.0330259022666925,130,1.0
2022-08-01,S/L,0.007526384262237011,91,1.0
2022-08-01,S/M,0.004806660459648024,169,1.0
2022-09-01,B/H,-0.1105010815925827,104,0.9999999999999999
2022-09-01,B/L,-0.13890946765152862,144,1.0
2022-09-01,B/M,-0.12450827085157345,142,1.0
2022-09-01,S/H,-0.12881185742681117,131,0.9999999999999999
2022-09-01,S/L,-0.15242986943328132,91,1.0
2022-09-01,S/M,-0.15969000604866235,169,1.0
2022-10-01,B/H,0.02320333019983779,104,1.0
2022-10-01,B/L,0.06978629696201936,144,1.0
2022-10-01,B/M,0.07875255877239458,142,0.9999999999999999
2022-10-01,S/H,0.021903237543607568,130,1.0
2022-10-01,S/L,0.09230207035050643,90,1.0
2022-10-01,S/M,0.025618489010210167,169,0.9999999999999999
2022-11-01,B/H,0.08254199773789594,103,1.0
2022-11-01,B/L,0.08874586181814108,144,1.0
2022-11-01,B/M,0.05285727816971657,141,1.0
2022-11-01,S/H,0.1170860452125519,131,1.0
2022-11-01,S/L,0.098631501439371,90,1.0
2022-11-01,S/M,0.08030532003179852,168,1.0
2022-12-01,B/H,-0.06438574543758949,104,1.0
2022-12-01,B/L,-0.116261335068856,144,1.0
2022-12-01,B/M,-0.09349980290093128,142,1.0
2022-12-01,S/H,-0.07248108656450349,131,1.0
2022-12-01,S/L,-0.10471155695498201,91,1.0
2022-12-01,S/M,-0.06779026021792814,169,1.0
2023-01-01,B/H,0.05366858253310023,104,1.0
2023-01-01,B/L,0.10231347471420278,144,1.0
2023-01-01,B/M,0.07721176396837975,142,1.0
2023-01-01,S/H,0.05809190827223786,130,1.0
2023-01-01,S/L,0.062400640783315614,91,1.0
2023-01-01,S/M,0.060718559384244565,169,1.0
2023-02-01,B/H,-0.004819402946413084,104,1.0
2023-02-01,B/L,-0.005736355487586291,144,1.0
2023-02-01,B/M,-0.0017939711726230032,142,1.0
2023-02-01,S/H,0.0242163894254779,131,1.0
2023-02-01,S/L,0.03739223333966117,91,1.0
2023-02-01,S/M,0.00028468563485864543,169,0.9999999999999999
2023-03-01,B/H,0.005082480253756644,104,1.0
2023-03-01,B/L,0.03793493234548304,144,1.0
2023-03-01,B/M,0.038807019237961975,142,0.9999999999999999
2023-03-01,S/H,-0.004380532607482661,131,1.0
2023-03-01,S/L,-0.005416589797435654,89,1.0
2023-03-01,S/M,0.02965868599163951,169,1.0
2023-04-01,B/H,0.010939061613333434,103,1.0
2023-04-01,B/L,0.0033865906480175937,144,1.0
2023-04-01,B/M,0.010981721459115214,142,1.0
2023-04-01,S/H,-0.01657478375292006,129,0.9999999999999999
2023-04-01,S/L,-0.012332727326677503,90,1.0
2023-04-01,S/M,0.0383366460649102,169,0.9999999999999999
2023-05-01,B/H,-0.0025977679542347237,103,1.0
2023-05-01,B/L,0.026900378382571404,144,1.0
2023-05-01,B/M,0.05123637396181974,142,1.0
2023-05-01,S/H,0.010056944947810433,129,1.0
2023-05-01,S/L,-0.05298340364038277,91,1.0
2023-05-01,S/M,0.027759097064453144,169,1.0
2023-06-01,B/H,0.008505889569354727,102,1.0
2023-06-01,B/L,-0.028140651660720672,144,1.0
2023-06-01,B/M,0.014760351005626516,142,1.0
2023-06-01,S/H,-0.010793019468414737,130,1.0
2023-06-01,S/L,-0.010153034295054698,91,1.0
2023-06-01,S/M,0.03595233507022385,168,1.0
2023-07-01,B/H,0.08276485724083431,93,1.0
2023-07-01,B/L,0.03436972708423889,150,1.0
2023-07-01,B/M,-0.007858657406238255,146,1.0
2023-07-01,S/H,-0.051048472837910655,140,0.9999999999999999
2023-07-01,S/L,-0.08898180981453266,82,1.0
2023-07-01,S/M,-0.05022968048710391,167,1.0
2023-08-01,B/H,-0.03336316063988396,93,1.0
2023-08-01,B/L,-0.03480166048881471,152,1.0
2023-08-01,B/M,-0.030972829464824596,146,1.0
2023-08-01,S/H,0.014969142323664041,142,0.9999999999999999
2023-08-01,S/L,-0.007956954326226014,82,1.0
2023-08-01,S/M,0.015188795390717493,166,1.0
2023-09-01,B/H,-0.005020616654145204,93,1.0
2023-09-01,B/L,-0.08920245484011059,152,1.0
2023-09-01,B/M,-0.005283175708118875,147,1.0
2023-09-01,S/H,-0.04780635095386566,142,1.0
2023-09-01,S/L,-0.062708536437006,83,1.0
2023-09-01,S/M,-0.05301109709703587,167,1.0
2023-10-01,B/H,-0.08907338999878521,93,0.9999999999999999
2023-10-01,B/L,-0.11774529246536797,152,1.0
2023-10-01,B/M,-0.04320301205929145,147,1.0
2023-10-01,S/H,-0.019326130192908787,142,1.0
2023-10-01,S/L,-0.11024202308110019,83,1.0
2023-10-01,S/M,-0.036279852124520666,167,1.0
2023-11-01,B/H,0.08613636965600785,93,1.0
2023-11-01,B/L,0.14628885859673446,151,1.0
2023-11-01,B/M,0.09690806993752854,146,1.0
2023-11-01,S/H,0.060344988791236946,142,1.0
2023-11-01,S/L,0.060170873433378694,83,1.0
2023-11-01,S/M,0.053548101322791294,167,1.0
2023-12-01,B/H,0.03733260425894389,93,1.0
2023-12-01,B/L,0.041268105447819683,151,1.0
2023-12-01,B/M,0.05927191289410026,147,1.0
2023-12-01,S/H,-0.013591481174726031,142,0.9999999999999999
2023-12-01,S/L,0.0008203936732923465,82,1.0
2023-12-01,S/M,0.015612618205265308,167,1.0
2024-01-01,B/H,-0.021868050945413227,93,1.0
2024-01-01,B/L,-0.09716821918203673,151,1.0
2024-01-01,B/M,-0.053101125450231504,146,0.9999999999999999
2024-01-01,S/H,-0.01401181870707604,142,1.0
2024-01-01,S/L,-0.026772843357575456,83,1.0
2024-01-01,S/M,-0.01706085084789805,166,1.0
2024-02-01,B/H,0.11186824314266734,93,1.0
2024-02-01,B/L,0.030204989968186064,151,1.0
2024-02-01,B/M,0.052433149666976764,146,1.0
2024-02-01,S/H,0.040271251605527296,142,1.0
2024-02-01,S/L,0.010726992297709917,83,1.0
2024-02-01,S/M,0.009816565080979578,166,1.0
2024-03-01,B/H,-0.021274894454525503,93,1.0
2024-03-01,B/L,0.028771450158502004,151,1.0
2024-03-01,B/M,0.07878370498687254,145,0.9999999999999999
2024-03-01,S/H,-0.01346274297744408,142,1.0
2024-03-01,S/L,0.031858692229875384,83,1.0
2024-03-01,S/M,0.004993919969664155,165,1.0
2024-04-01,B/H,0.002040060311540155,93,1.0
2024-04-01,B/L,-0.02459944134722754,151,1.0
2024-04-01,B/M,-0.02987500690068844,145,1.0
2024-04-01,S/H,0.014219402968365841,142,1.0
2024-04-01,S/L,-0.008300894051814917,82,1.0
2024-04-01,S/M,0.023093269415596494,165,1.0
2024-05-01,B/H,-0.009040541639038172,93,1.0
2024-05-01,B/L,-0.04680252787258196,151,1.0
2024-05-01,B/M,-0.009429067714170616,145,1.0
2024-05-01,S/H,0.00916779109621675,142,1.0
2024-05-01,S/L,0.034627963786513206,83,1.0
2024-05-01,S/M,0.020437529126674993,165,1.0
2024-06-01,B/H,0.04976674095084636,93,1.0
2024-06-01,B/L,0.005473636060747097,151,1.0
2024-06-01,B/M,0.11192222326028957,145,1.0
2024-06-01,S/H,0.002887526171049418,140,1.0
2024-06-01,S/L,0.0066275323049058785,83,1.0
2024-06-01,S/M,0.011514651501669793,165,0.9999999999999999
2024-07-01,B/H,0.024745862242040582,105,1.0
2024-07-01,B/L,-0.01197778456353822,150,1.0
2024-07-01,B/M,-0.03566519498758143,141,0.9999999999999999
2024-07-01,S/H,-0.025377126159396406,133,1.0
2024-07-01,S/L,-0.03776917346030988,87,1.0
2024-07-01,S/M,-0.016999974308214517,176,0.9999999999999999
2024-08-01,B/H,-0.035536733551328636,105,1.0
2024-08-01,B/L,-0.04327774099551606,150,1.0
2024-08-01,B/M,-0.02378056221447388,141,1.0
2024-08-01,S/H,-0.010683116368327649,134,1.0
2024-08-01,S/L,-0.048665783903756754,87,1.0
2024-08-01,S/M,-0.04256301070157283,177,0.9999999999999999
2024-09-01,B/H,-0.0033496690555081107,105,0.9999999999999999
2024-09-01,B/L,-0.0527414296740619,150,0.9999999999999999
2024-09-01,B/M,0.012945645292443847,141,1.0
2024-09-01,S/H,-0.013961127104068674,134,1.0
2024-09-01,S/L,0.006845814311053567,87,1.0
2024-09-01,S/M,-0.009928552709240849,176,0.9999999999999999
2024-10-01,B/H,-0.004146497809747151,105,1.0
2024-10-01,B/L,-0.014354201929449797,150,1.0
2024-10-01,B/M,-0.035485526659998635,141,1.0
2024-10-01,S/H,-0.025743921240605924,133,1.0
2024-10-01,S/L,-0.04290163860039781,86,1.0
2024-10-01,S/M,-0.015775241542755336,177,1.0
2024-11-01,B/H,-0.01539079704843493,105,1.0
2024-11-01,B/L,-0.0758786968298958,148,1.0
2024-11-01,B/M,0.016157370208932865,141,1.0
2024-11-01,S/H,-0.07190961233599485,133,0.9999999999999999
2024-11-01,S/L,-0.06354388539400402,87,1.0
2024-11-01,S/M,-0.03720106606270829,176,0.9999999999999999
2024-12-01,B/H,-0.05700804185914789,104,0.9999999999999999
2024-12-01,B/L,-0.005765238765322708,150,1.0
2024-12-01,B/M,-0.03369143543524778,141,1.0
2024-12-01,S/H,-0.020257049856326377,133,1.0
2024-12-01,S/L,-0.001001790420161385,87,1.0
2024-12-01,S/M,0.005949298545165014,174,1.0
2025-01-01,B/H,0.04012290360177444,104,1.0
2025-01-01,B/L,0.0557911874008536,150,1.0
2025-01-01,B/M,0.0358657512053937,141,1.0
2025-01-01,S/H,0.009743664314018186,132,1.0
2025-01-01,S/L,0.02187477391259276,87,1.0
2025-01-01,S/M,0.007065722816741376,177,0.9999999999999999
2025-02-01,B/H,0.0012173290297222564,104,1.0
2025-02-01,B/L,0.027213036338675858,150,1.0
2025-02-01,B/M,-0.031437285489627126,141,1.0
2025-02-01,S/H,0.015761775616494382,132,1.0
2025-02-01,S/L,0.024015319614821003,87,1.0
2025-02-01,S/M,0.016045629015288082,177,1.0
2025-03-01,B/H,-0.005589924982486222,104,1.0
2025-03-01,B/L,-0.021294082110605076,150,1.0
2025-03-01,B/M,-0.022309684388647066,141,1.0
2025-03-01,S/H,-0.024078471478704983,132,1.0
2025-03-01,S/L,-0.08116273554307624,87,1.0
2025-03-01,S/M,-0.050103384874223014,177,1.0
2025-04-01,B/H,0.06102573674933342,104,1.0
2025-04-01,B/L,0.01682834778646586,150,1.0
2025-04-01,B/M,0.02725058452691001,141,1.0
2025-04-01,S/H,0.0829430304599682,132,1.0
2025-04-01,S/L,0.06617143062309382,87,1.0
2025-04-01,S/M,0.0823237773157111,176,0.9999999999999999
2025-05-01,B/H,0.1721454377409042,104,1.0
2025-05-01,B/L,0.04073288661286566,150,1.0
2025-05-01,B/M,0.02965872989989601,141,1.0
2025-05-01,S/H,0.07465029104933918,132,1.0
2025-05-01,S/L,0.014042308835354527,86,1.0
2025-05-01,S/M,0.028582704775603443,177,0.9999999999999999
2025-06-01,B/H,0.17111121187131748,104,1.0
2025-06-01,B/L,0.13720609557445912,149,1.0
2025-06-01,B/M,0.12128259687925057,140,1.0
2025-06-01,S/H,0.06398549842356784,132,1.0
2025-06-01,S/L,0.04338053287150803,86,1.0
2025-06-01,S/M,0.029630003093386197,177,1.0
2025-07-01,B/H,0.0007756238040184968,99,1.0
2025-07-01,B/L,0.0830823046715345,164,1.0
2025-07-01,B/M,0.024968641379617303,136,1.0
2025-07-01,S/H,0.0004963352498418307,141,1.0
2025-07-01,S/L,-0.0031306608882113694,77,1.0
2025-07-01,S/M,0.010726664405156905,183,1.0
2025-08-01,B/H,-0.054990608824714106,99,0.9999999999999999
2025-08-01,B/L,-0.021641475694041668,164,1.0
2025-08-01,B/M,-0.005900642387861477,135,1.0
2025-08-01,S/H,-0.018815405087165303,141,1.0
2025-08-01,S/L,-0.030236059949779813,77,1.0
2025-08-01,S/M,-0.01819706614150537,183,1.0
2025-09-01,B/H,0.01146357180487512,99,1.0
2025-09-01,B/L,0.10581215585610036,163,1.0
2025-09-01,B/M,0.03108171781038363,135,1.0
2025-09-01,S/H,-0.0011598860783661592,141,1.0
2025-09-01,S/L,0.019910397020975426,76,1.0
2025-09-01,S/M,-0.005472032578186048,181,1.0
2025-10-01,B/H,0.1328244286562797,99,1.0
2025-10-01,B/L,0.26961624842838894,163,1.0
2025-10-01,B/M,0.10396183070761641,135,1.0
2025-10-01,S/H,-0.01955297540208284,140,1.0
2025-10-01,S/L,-0.008783168795993307,77,1.0
2025-10-01,S/M,-0.03762933924468934,181,1.0
2025-11-01,B/H,0.04518046568233196,99,1.0
2025-11-01,B/L,-0.06970363503081689,163,1.0
2025-11-01,B/M,-0.010139317367973555,134,1.0
2025-11-01,S/H,0.008546226397068465,140,1.0
2025-11-01,S/L,0.008881969814780205,76,1.0
2025-11-01,S/M,0.01121183168957174,181,1.0
2025-12-01,B/H,-0.02568711075389155,99,0.9999999999999999
2025-12-01,B/L,0.10021166063867314,162,1.0
2025-12-01,B/M,0.03375335945512539,134,1.0
2025-12-01,S/H,0.03621114880415706,138,1.0
2025-12-01,S/L,0.03666677094753119,76,1.0
2025-12-01,S/M,0.0003869571661931034,181,1.0
2026-01-01,B/H,0.18672500647495097,99,1.0
2026-01-01,B/L,0.27124384130129064,162,1.0
2026-01-01,B/M,0.2098488624806597,133,1.0
2026-01-01,S/H,0.007287257499591852,139,1.0
2026-01-01,S/L,0.05046089068572817,75,1.0
2026-01-01,S/M,0.026585789023222037,178,1.0
2026-02-01,B/H,0.18742664661163436,97,1.0
2026-02-01,B/L,0.20422099449939074,162,1.0
2026-02-01,B/M,0.1633554156452461,133,1.0
2026-02-01,S/H,0.10493262946485948,137,1.0
2026-02-01,S/L,0.054624097847598835,76,1.0
2026-02-01,S/M,0.03238702894540569,178,1.0
2026-03-01,B/H,-0.15720891822747965,99,1.0
2026-03-01,B/L,-0.19619054467792518,161,1.0
2026-03-01,B/M,-0.20664252546805426,133,1.0
2026-03-01,S/H,-0.10470064371827574,138,1.0
2026-03-01,S/L,-0.099450197144335,76,1.0
2026-03-01,S/M,-0.060952742730702336,177,1.0
2026-04-01,B/H,0.246140554793779,98,1.0
2026-04-01,B/L,0.3435925184307473,155,1.0
2026-04-01,B/M,0.23474068906677129,132,1.0
2026-04-01,S/H,0.09867330232853945,137,1.0
2026-04-01,S/L,0.09646621759471578,74,1.0
2026-04-01,S/M,0.10179684351332424,175,1.0
2026-05-01,B/H,0.01445421467118467,99,1.0
2026-05-01,B/L,0.2815547825873901,161,1.0
2026-05-01,B/M,0.14556246194354674,132,1.0
2026-05-01,S/H,-0.07499561534328832,128,1.0
2026-05-01,S/L,-0.08943763675779592,73,1.0
2026-05-01,S/M,-0.08152081764833408,175,1.0
