date,LowBM_LowG,LowBM_HighG,HighBM_LowG,HighBM_HighG,spread
2024-04-01,-0.030745468127489777,-0.045980342269786346,0.020151971884335707,-0.003133468576233431,-0.023285440460569136
2024-05-01,-0.03447171757581864,-0.025445434389885526,-0.04535975137109191,0.025244354790529944,0.07060410616162185
2024-06-01,0.06124561307819105,0.12575150628910625,-0.003166248705420681,-0.02570736912053846,-0.022541120415117778
2024-07-01,-0.10842921333552358,,-0.028086774009828185,0.009518443069390443,0.03760521707921863
2024-08-01,-0.13106810003572467,-0.062377411662960805,-0.01896809264113801,-0.06957344463483123,-0.05060535199369322
2024-09-01,0.07695412268628726,0.002842152392502727,-0.01706493321329199,0.01907154769163906,0.036136480904931045
2024-10-01,-0.05361105865253885,0.009725421695643567,-0.014169140375172367,-0.03687246148717378,-0.022703321112001414
2024-11-01,-0.12917984665863189,-0.09379539538409623,-0.009475979897688856,-0.04570007180807291,-0.03622409191038405
2024-12-01,-0.05953785290818769,0.03685183476113968,-0.011485121998722939,-0.0006370824015366214,0.010848039597186318
2025-01-01,-0.0151959746616016,0.09588774128911913,0.030595834813890218,0.052213583475930914,0.021617748662040696
2025-02-01,0.028797221494167965,-0.04130787606589189,0.015894408413228943,-0.00017247602521860972,-0.016066884438447553
2025-03-01,-0.16485912490574192,-0.02377078326674429,-0.019094080848031936,-0.01917210734168131,-7.802649364937325e-05
2025-04-01,0.036980281217321505,-0.03703407511089054,0.035678955883985015,0.048172387124238825,0.01249343124025381
2025-05-01,-0.035210932213114055,0.09374608898339878,0.09931196830848445,0.22769663029984913,0.12838466199136467
2025-06-01,0.0075516276112621225,0.28551942815189507,0.06126405543211628,0.16163523588663825,0.10037118045452198
2025-07-01,0.03629293344753669,0.08669455364136724,0.0031491048186337834,0.036548887280953415,0.03339978246231963
2025-08-01,-0.036204084414820696,-0.01623762251682865,-0.03681738111247382,-0.05599010196446627,-0.019172720851992453
2025-09-01,-0.0830188693136337,0.17729855463229213,-0.023679880297236913,0.019510594267126372,0.043190474564363285
2025-10-01,0.009980345847368363,0.33587332203121995,-0.01887299210441067,0.024401771698259044,0.043274763802669716
2025-11-01,,-0.05138146704930954,0.06400841821309698,0.02609119446996494,-0.03791722374313204
2025-12-01,0.011497506054946075,0.17421473623423492,-0.0020009831901930757,-0.016890921676636642,-0.014889938486443566
2026-01-01,,0.32910097561820434,0.033155720266205814,0.12196214217914599,0.08880642191294016
2026-02-01,0.10893107989691446,0.26059705250909887,0.13796605517843505,0.15796820697208122,0.020002151793646172
2026-03-01,-0.08082601469806011,-0.2303331686069637,-0.1057313631519999,-0.1754614510850806,-0.0697300879330807
