bsns_year,ratio_bin,N
2019,0.272727,1
2019,0.333333,1
2020,0.0,2
2020,0.2,1
2020,0.214286,1
2020,0.25,124
2020,0.272727,2
2020,0.285714,27
2020,0.3,3
2020,0.333333,142
2020,0.375,24
2020,0.4,37
2020,0.416667,1
2020,0.428571,59
2020,0.444444,5
2020,0.5,93
2020,0.533333,1
2020,0.545455,5
2020,0.555556,15
2020,0.571429,70
2020,0.583333,1
2020,0.6,71
2020,0.625,10
2020,0.636364,1
2020,0.666667,21
2020,0.692308,1
2020,0.7,3
2020,0.714286,3
2020,0.727273,2
2020,0.75,8
2020,0.769231,1
2020,0.8,3
2020,1.0,9
2021,0.0,3
2021,0.142857,1
2021,0.166667,1
2021,0.25,137
2021,0.272727,1
2021,0.285714,24
2021,0.3,6
2021,0.333333,119
2021,0.375,26
2021,0.384615,1
2021,0.4,42
2021,0.416667,1
2021,0.428571,70
2021,0.444444,3
2021,0.5,96
2021,0.533333,1
2021,0.545455,7
2021,0.555556,16
2021,0.571429,69
2021,0.583333,1
2021,0.6,68
2021,0.625,9
2021,0.636364,1
2021,0.666667,26
2021,0.692308,1
2021,0.7,1
2021,0.714286,4
2021,0.727273,2
2021,0.75,10
2021,0.785714,1
2021,0.8,4
2021,0.857143,1
2021,1.0,8
2022,0.0,1
2022,0.166667,1
2022,0.2,3
2022,0.25,133
2022,0.272727,1
2022,0.285714,18
2022,0.3,4
2022,0.333333,127
2022,0.375,25
2022,0.4,41
2022,0.428571,73
2022,0.444444,2
2022,0.5,98
2022,0.545455,5
2022,0.555556,20
2022,0.571429,77
2022,0.583333,1
2022,0.6,68
2022,0.625,13
2022,0.666667,20
2022,0.692308,1
2022,0.7,1
2022,0.714286,5
2022,0.727273,2
2022,0.75,9
2022,0.8,1
2022,0.833333,1
2022,0.857143,1
2022,1.0,7
2023,0.0,1
2023,0.166667,1
2023,0.2,1
2023,0.25,135
2023,0.285714,17
2023,0.3,3
2023,0.333333,125
2023,0.363636,1
2023,0.375,31
2023,0.4,40
2023,0.428571,62
2023,0.444444,2
2023,0.5,96
2023,0.545455,5
2023,0.555556,18
2023,0.571429,83
2023,0.583333,3
2023,0.6,74
2023,0.625,15
2023,0.666667,23
2023,0.692308,1
2023,0.7,2
2023,0.714286,5
2023,0.727273,2
2023,0.75,15
2023,0.777778,1
2023,0.8,4
2023,0.818182,1
2023,0.833333,1
2023,0.857143,1
2023,1.0,4
2024,0.0,2
2024,0.25,128
2024,0.285714,17
2024,0.3,2
2024,0.333333,123
2024,0.375,23
2024,0.4,41
2024,0.428571,77
2024,0.444444,1
2024,0.5,108
2024,0.545455,2
2024,0.555556,21
2024,0.571429,88
2024,0.583333,2
2024,0.6,68
2024,0.615385,2
2024,0.625,20
2024,0.666667,23
2024,0.692308,1
2024,0.7,1
2024,0.714286,3
2024,0.727273,2
2024,0.75,15
2024,0.8,2
2024,0.818182,1
2024,0.833333,1
2024,0.857143,2
2024,1.0,4
2025,0.0,1
2025,0.166667,1
2025,0.2,2
2025,0.25,102
2025,0.285714,11
2025,0.3,4
2025,0.333333,119
2025,0.363636,1
2025,0.375,25
2025,0.4,42
2025,0.428571,62
2025,0.470588,1
2025,0.5,97
2025,0.545455,2
2025,0.555556,22
2025,0.571429,82
2025,0.583333,1
2025,0.6,72
2025,0.625,11
2025,0.666667,29
2025,0.7,1
2025,0.714286,6
2025,0.727273,4
2025,0.75,10
2025,0.777778,1
2025,0.8,2
2025,0.833333,3
2025,1.0,5
