stock_code,month,zero_volume,extreme_price_return,source_hash
002270,2022-07-01,True,False,049fa6620b9e56517e9cf6fb5884499d5f106c706881df15a397b15545ec0d6c
001140,2019-06-01,False,True,15a60392a65652396a7f4f87b1212a62ebe54b2eca0decc86604be0d8010b826
001140,2024-04-01,True,False,15a60392a65652396a7f4f87b1212a62ebe54b2eca0decc86604be0d8010b826
001140,2024-05-01,True,False,15a60392a65652396a7f4f87b1212a62ebe54b2eca0decc86604be0d8010b826
001140,2024-06-01,True,False,15a60392a65652396a7f4f87b1212a62ebe54b2eca0decc86604be0d8010b826
001140,2024-07-01,True,False,15a60392a65652396a7f4f87b1212a62ebe54b2eca0decc86604be0d8010b826
001140,2024-08-01,True,False,15a60392a65652396a7f4f87b1212a62ebe54b2eca0decc86604be0d8010b826
001140,2024-09-01,True,False,15a60392a65652396a7f4f87b1212a62ebe54b2eca0decc86604be0d8010b826
001140,2024-10-01,True,False,15a60392a65652396a7f4f87b1212a62ebe54b2eca0decc86604be0d8010b826
001140,2024-11-01,True,False,15a60392a65652396a7f4f87b1212a62ebe54b2eca0decc86604be0d8010b826
001140,2024-12-01,True,False,15a60392a65652396a7f4f87b1212a62ebe54b2eca0decc86604be0d8010b826
001140,2025-01-01,True,False,15a60392a65652396a7f4f87b1212a62ebe54b2eca0decc86604be0d8010b826
001140,2025-02-01,True,False,15a60392a65652396a7f4f87b1212a62ebe54b2eca0decc86604be0d8010b826
001140,2025-03-01,True,False,15a60392a65652396a7f4f87b1212a62ebe54b2eca0decc86604be0d8010b826
001140,2025-04-01,True,False,15a60392a65652396a7f4f87b1212a62ebe54b2eca0decc86604be0d8010b826
001140,2025-05-01,True,False,15a60392a65652396a7f4f87b1212a62ebe54b2eca0decc86604be0d8010b826
001140,2025-06-01,True,False,15a60392a65652396a7f4f87b1212a62ebe54b2eca0decc86604be0d8010b826
001140,2025-07-01,True,False,15a60392a65652396a7f4f87b1212a62ebe54b2eca0decc86604be0d8010b826
001140,2025-08-01,True,False,15a60392a65652396a7f4f87b1212a62ebe54b2eca0decc86604be0d8010b826
001140,2025-09-01,True,False,15a60392a65652396a7f4f87b1212a62ebe54b2eca0decc86604be0d8010b826
001140,2025-10-01,True,False,15a60392a65652396a7f4f87b1212a62ebe54b2eca0decc86604be0d8010b826
001140,2025-11-01,True,False,15a60392a65652396a7f4f87b1212a62ebe54b2eca0decc86604be0d8010b826
001140,2025-12-01,True,False,15a60392a65652396a7f4f87b1212a62ebe54b2eca0decc86604be0d8010b826
003410,2024-07-01,True,False,5718f5a41c60fa0b4f7faf1fe1a03c66b0d34f342bb115951ae32c07c9448ab2
000480,2023-06-01,False,True,e53dc45a1ae71dab00a1e0eaf8a956236cfcaa27fd227cbc7ac45d1e59aee409
