removed_month,alpha_pct,full_alpha_pct
2024-04-01,0.6714839871460997,0.5145235174688066
2024-05-01,0.0061894888520458435,0.5145235174688066
2024-06-01,0.7406792880642844,0.5145235174688066
2024-07-01,0.33733553828010504,0.5145235174688066
2024-08-01,0.6681021244036488,0.5145235174688066
2024-09-01,0.322556114135658,0.5145235174688066
2024-10-01,0.5924850451903203,0.5145235174688066
2024-11-01,0.5622106882739867,0.5145235174688066
2024-12-01,0.3719686077651285,0.5145235174688066
2025-01-01,0.4909888152723734,0.5145235174688066
2025-02-01,0.6896322888990212,0.5145235174688066
2025-03-01,0.49985957630627,0.5145235174688066
2025-04-01,0.7067367861221037,0.5145235174688066
2025-05-01,0.3493084239554484,0.5145235174688066
2025-06-01,0.35031466189858224,0.5145235174688066
2025-07-01,0.49312475273047923,0.5145235174688066
2025-08-01,0.5862150004815465,0.5145235174688066
2025-09-01,0.34619126468801137,0.5145235174688066
2025-10-01,0.5255905055270809,0.5145235174688066
2025-11-01,0.7296123855748328,0.5145235174688066
2025-12-01,0.8097344773944155,0.5145235174688066
2026-01-01,0.4963321237355253,0.5145235174688066
2026-02-01,0.47739509350126347,0.5145235174688066
2026-03-01,0.5545317199774974,0.5145235174688066
