date,cell,return,n_formed,n_missing_return,weight_sum,status,turnover_one_way_sum_abs,hhi,effective_N,top5_weight,g_mean,g_unique,g_tie_at_cut_fraction,mean_log_me,mean_bm,mean_age_days,mean_roe,mean_leverage,assets_ge_2trillion_fraction,reported_Y_fraction,reported_K_fraction
2016-01-01,LowBM_LowG,,0,0,,insufficient_cell_or_missing_return,,,,,,0,,,,,,,,,
2016-01-01,LowBM_HighG,,0,0,,insufficient_cell_or_missing_return,,,,,,0,,,,,,,,,
2016-01-01,HighBM_LowG,,0,0,,insufficient_cell_or_missing_return,,,,,,0,,,,,,,,,
2016-01-01,HighBM_HighG,,0,0,,insufficient_cell_or_missing_return,,,,,,0,,,,,,,,,
2016-02-01,LowBM_LowG,,0,0,,insufficient_cell_or_missing_return,,,,,,0,,,,,,,,,
2016-02-01,LowBM_HighG,,0,0,,insufficient_cell_or_missing_return,,,,,,0,,,,,,,,,
2016-02-01,HighBM_LowG,,0,0,,insufficient_cell_or_missing_return,,,,,,0,,,,,,,,,
2016-02-01,HighBM_HighG,,0,0,,insufficient_cell_or_missing_return,,,,,,0,,,,,,,,,
2016-03-01,LowBM_LowG,,0,0,,insufficient_cell_or_missing_return,,,,,,0,,,,,,,,,
2016-03-01,LowBM_HighG,,0,0,,insufficient_cell_or_missing_return,,,,,,0,,,,,,,,,
2016-03-01,HighBM_LowG,,0,0,,insufficient_cell_or_missing_return,,,,,,0,,,,,,,,,
2016-03-01,HighBM_HighG,,0,0,,insufficient_cell_or_missing_return,,,,,,0,,,,,,,,,
2016-04-01,LowBM_LowG,,0,0,,insufficient_cell_or_missing_return,,,,,,0,,,,,,,,,
2016-04-01,LowBM_HighG,,0,0,,insufficient_cell_or_missing_return,,,,,,0,,,,,,,,,
2016-04-01,HighBM_LowG,,0,0,,insufficient_cell_or_missing_return,,,,,,0,,,,,,,,,
2016-04-01,HighBM_HighG,,0,0,,insufficient_cell_or_missing_return,,,,,,0,,,,,,,,,
2016-05-01,LowBM_LowG,,0,0,,insufficient_cell_or_missing_return,,,,,,0,,,,,,,,,
2016-05-01,LowBM_HighG,,0,0,,insufficient_cell_or_missing_return,,,,,,0,,,,,,,,,
2016-05-01,HighBM_LowG,,0,0,,insufficient_cell_or_missing_return,,,,,,0,,,,,,,,,
2016-05-01,HighBM_HighG,,0,0,,insufficient_cell_or_missing_return,,,,,,0,,,,,,,,,
2016-06-01,LowBM_LowG,,0,0,,insufficient_cell_or_missing_return,,,,,,0,,,,,,,,,
2016-06-01,LowBM_HighG,,0,0,,insufficient_cell_or_missing_return,,,,,,0,,,,,,,,,
2016-06-01,HighBM_LowG,,0,0,,insufficient_cell_or_missing_return,,,,,,0,,,,,,,,,
2016-06-01,HighBM_HighG,,0,0,,insufficient_cell_or_missing_return,,,,,,0,,,,,,,,,
2016-07-01,LowBM_LowG,,0,0,,insufficient_cell_or_missing_return,,,,,,0,,,,,,,,,
2016-07-01,LowBM_HighG,,0,0,,insufficient_cell_or_missing_return,,,,,,0,,,,,,,,,
2016-07-01,HighBM_LowG,,0,0,,insufficient_cell_or_missing_return,,,,,,0,,,,,,,,,
2016-07-01,HighBM_HighG,,0,0,,insufficient_cell_or_missing_return,,,,,,0,,,,,,,,,
2016-08-01,LowBM_LowG,,0,0,,insufficient_cell_or_missing_return,,,,,,0,,,,,,,,,
2016-08-01,LowBM_HighG,,0,0,,insufficient_cell_or_missing_return,,,,,,0,,,,,,,,,
2016-08-01,HighBM_LowG,,0,0,,insufficient_cell_or_missing_return,,,,,,0,,,,,,,,,
2016-08-01,HighBM_HighG,,0,0,,insufficient_cell_or_missing_return,,,,,,0,,,,,,,,,
2016-09-01,LowBM_LowG,,0,0,,insufficient_cell_or_missing_return,,,,,,0,,,,,,,,,
2016-09-01,LowBM_HighG,,0,0,,insufficient_cell_or_missing_return,,,,,,0,,,,,,,,,
2016-09-01,HighBM_LowG,,0,0,,insufficient_cell_or_missing_return,,,,,,0,,,,,,,,,
2016-09-01,HighBM_HighG,,0,0,,insufficient_cell_or_missing_return,,,,,,0,,,,,,,,,
2016-10-01,LowBM_LowG,,0,0,,insufficient_cell_or_missing_return,,,,,,0,,,,,,,,,
2016-10-01,LowBM_HighG,,0,0,,insufficient_cell_or_missing_return,,,,,,0,,,,,,,,,
2016-10-01,HighBM_LowG,,0,0,,insufficient_cell_or_missing_return,,,,,,0,,,,,,,,,
2016-10-01,HighBM_HighG,,0,0,,insufficient_cell_or_missing_return,,,,,,0,,,,,,,,,
2016-11-01,LowBM_LowG,,0,0,,insufficient_cell_or_missing_return,,,,,,0,,,,,,,,,
2016-11-01,LowBM_HighG,,0,0,,insufficient_cell_or_missing_return,,,,,,0,,,,,,,,,
2016-11-01,HighBM_LowG,,0,0,,insufficient_cell_or_missing_return,,,,,,0,,,,,,,,,
2016-11-01,HighBM_HighG,,0,0,,insufficient_cell_or_missing_return,,,,,,0,,,,,,,,,
2016-12-01,LowBM_LowG,,0,0,,insufficient_cell_or_missing_return,,,,,,0,,,,,,,,,
2016-12-01,LowBM_HighG,,0,0,,insufficient_cell_or_missing_return,,,,,,0,,,,,,,,,
2016-12-01,HighBM_LowG,,0,0,,insufficient_cell_or_missing_return,,,,,,0,,,,,,,,,
2016-12-01,HighBM_HighG,,0,0,,insufficient_cell_or_missing_return,,,,,,0,,,,,,,,,
2017-01-01,LowBM_LowG,,0,0,,insufficient_cell_or_missing_return,,,,,,0,,,,,,,,,
2017-01-01,LowBM_HighG,,0,0,,insufficient_cell_or_missing_return,,,,,,0,,,,,,,,,
2017-01-01,HighBM_LowG,,0,0,,insufficient_cell_or_missing_return,,,,,,0,,,,,,,,,
2017-01-01,HighBM_HighG,,0,0,,insufficient_cell_or_missing_return,,,,,,0,,,,,,,,,
2017-02-01,LowBM_LowG,,0,0,,insufficient_cell_or_missing_return,,,,,,0,,,,,,,,,
2017-02-01,LowBM_HighG,,0,0,,insufficient_cell_or_missing_return,,,,,,0,,,,,,,,,
2017-02-01,HighBM_LowG,,0,0,,insufficient_cell_or_missing_return,,,,,,0,,,,,,,,,
2017-02-01,HighBM_HighG,,0,0,,insufficient_cell_or_missing_return,,,,,,0,,,,,,,,,
2017-03-01,LowBM_LowG,,0,0,,insufficient_cell_or_missing_return,,,,,,0,,,,,,,,,
2017-03-01,LowBM_HighG,,0,0,,insufficient_cell_or_missing_return,,,,,,0,,,,,,,,,
2017-03-01,HighBM_LowG,,0,0,,insufficient_cell_or_missing_return,,,,,,0,,,,,,,,,
2017-03-01,HighBM_HighG,,0,0,,insufficient_cell_or_missing_return,,,,,,0,,,,,,,,,
2017-04-01,LowBM_LowG,,0,0,,insufficient_cell_or_missing_return,,,,,,0,,,,,,,,,
2017-04-01,LowBM_HighG,,0,0,,insufficient_cell_or_missing_return,,,,,,0,,,,,,,,,
2017-04-01,HighBM_LowG,,0,0,,insufficient_cell_or_missing_return,,,,,,0,,,,,,,,,
2017-04-01,HighBM_HighG,,0,0,,insufficient_cell_or_missing_return,,,,,,0,,,,,,,,,
2017-05-01,LowBM_LowG,,0,0,,insufficient_cell_or_missing_return,,,,,,0,,,,,,,,,
2017-05-01,LowBM_HighG,,0,0,,insufficient_cell_or_missing_return,,,,,,0,,,,,,,,,
2017-05-01,HighBM_LowG,,0,0,,insufficient_cell_or_missing_return,,,,,,0,,,,,,,,,
2017-05-01,HighBM_HighG,,0,0,,insufficient_cell_or_missing_return,,,,,,0,,,,,,,,,
2017-06-01,LowBM_LowG,,0,0,,insufficient_cell_or_missing_return,,,,,,0,,,,,,,,,
2017-06-01,LowBM_HighG,,0,0,,insufficient_cell_or_missing_return,,,,,,0,,,,,,,,,
2017-06-01,HighBM_LowG,,0,0,,insufficient_cell_or_missing_return,,,,,,0,,,,,,,,,
2017-06-01,HighBM_HighG,,0,0,,insufficient_cell_or_missing_return,,,,,,0,,,,,,,,,
2017-07-01,LowBM_LowG,,0,0,,insufficient_cell_or_missing_return,,,,,,0,,,,,,,,,
2017-07-01,LowBM_HighG,,0,0,,insufficient_cell_or_missing_return,,,,,,0,,,,,,,,,
2017-07-01,HighBM_LowG,,0,0,,insufficient_cell_or_missing_return,,,,,,0,,,,,,,,,
2017-07-01,HighBM_HighG,,0,0,,insufficient_cell_or_missing_return,,,,,,0,,,,,,,,,
2017-08-01,LowBM_LowG,,0,0,,insufficient_cell_or_missing_return,,,,,,0,,,,,,,,,
2017-08-01,LowBM_HighG,,0,0,,insufficient_cell_or_missing_return,,,,,,0,,,,,,,,,
2017-08-01,HighBM_LowG,,0,0,,insufficient_cell_or_missing_return,,,,,,0,,,,,,,,,
2017-08-01,HighBM_HighG,,0,0,,insufficient_cell_or_missing_return,,,,,,0,,,,,,,,,
2017-09-01,LowBM_LowG,,0,0,,insufficient_cell_or_missing_return,,,,,,0,,,,,,,,,
2017-09-01,LowBM_HighG,,0,0,,insufficient_cell_or_missing_return,,,,,,0,,,,,,,,,
2017-09-01,HighBM_LowG,,0,0,,insufficient_cell_or_missing_return,,,,,,0,,,,,,,,,
2017-09-01,HighBM_HighG,,0,0,,insufficient_cell_or_missing_return,,,,,,0,,,,,,,,,
2017-10-01,LowBM_LowG,,0,0,,insufficient_cell_or_missing_return,,,,,,0,,,,,,,,,
2017-10-01,LowBM_HighG,,0,0,,insufficient_cell_or_missing_return,,,,,,0,,,,,,,,,
2017-10-01,HighBM_LowG,,0,0,,insufficient_cell_or_missing_return,,,,,,0,,,,,,,,,
2017-10-01,HighBM_HighG,,0,0,,insufficient_cell_or_missing_return,,,,,,0,,,,,,,,,
2017-11-01,LowBM_LowG,,0,0,,insufficient_cell_or_missing_return,,,,,,0,,,,,,,,,
2017-11-01,LowBM_HighG,,0,0,,insufficient_cell_or_missing_return,,,,,,0,,,,,,,,,
2017-11-01,HighBM_LowG,,0,0,,insufficient_cell_or_missing_return,,,,,,0,,,,,,,,,
2017-11-01,HighBM_HighG,,0,0,,insufficient_cell_or_missing_return,,,,,,0,,,,,,,,,
2017-12-01,LowBM_LowG,,0,0,,insufficient_cell_or_missing_return,,,,,,0,,,,,,,,,
2017-12-01,LowBM_HighG,,0,0,,insufficient_cell_or_missing_return,,,,,,0,,,,,,,,,
2017-12-01,HighBM_LowG,,0,0,,insufficient_cell_or_missing_return,,,,,,0,,,,,,,,,
2017-12-01,HighBM_HighG,,0,0,,insufficient_cell_or_missing_return,,,,,,0,,,,,,,,,
2018-01-01,LowBM_LowG,,0,0,,insufficient_cell_or_missing_return,,,,,,0,,,,,,,,,
2018-01-01,LowBM_HighG,,0,0,,insufficient_cell_or_missing_return,,,,,,0,,,,,,,,,
2018-01-01,HighBM_LowG,,0,0,,insufficient_cell_or_missing_return,,,,,,0,,,,,,,,,
2018-01-01,HighBM_HighG,,0,0,,insufficient_cell_or_missing_return,,,,,,0,,,,,,,,,
2018-02-01,LowBM_LowG,,0,0,,insufficient_cell_or_missing_return,,,,,,0,,,,,,,,,
2018-02-01,LowBM_HighG,,0,0,,insufficient_cell_or_missing_return,,,,,,0,,,,,,,,,
2018-02-01,HighBM_LowG,,0,0,,insufficient_cell_or_missing_return,,,,,,0,,,,,,,,,
2018-02-01,HighBM_HighG,,0,0,,insufficient_cell_or_missing_return,,,,,,0,,,,,,,,,
2018-03-01,LowBM_LowG,,0,0,,insufficient_cell_or_missing_return,,,,,,0,,,,,,,,,
2018-03-01,LowBM_HighG,,0,0,,insufficient_cell_or_missing_return,,,,,,0,,,,,,,,,
2018-03-01,HighBM_LowG,,0,0,,insufficient_cell_or_missing_return,,,,,,0,,,,,,,,,
2018-03-01,HighBM_HighG,,0,0,,insufficient_cell_or_missing_return,,,,,,0,,,,,,,,,
2018-04-01,LowBM_LowG,,0,0,,insufficient_cell_or_missing_return,,,,,,0,,,,,,,,,
2018-04-01,LowBM_HighG,,0,0,,insufficient_cell_or_missing_return,,,,,,0,,,,,,,,,
2018-04-01,HighBM_LowG,,0,0,,insufficient_cell_or_missing_return,,,,,,0,,,,,,,,,
2018-04-01,HighBM_HighG,,0,0,,insufficient_cell_or_missing_return,,,,,,0,,,,,,,,,
2018-05-01,LowBM_LowG,,0,0,,insufficient_cell_or_missing_return,,,,,,0,,,,,,,,,
2018-05-01,LowBM_HighG,,0,0,,insufficient_cell_or_missing_return,,,,,,0,,,,,,,,,
2018-05-01,HighBM_LowG,,0,0,,insufficient_cell_or_missing_return,,,,,,0,,,,,,,,,
2018-05-01,HighBM_HighG,,0,0,,insufficient_cell_or_missing_return,,,,,,0,,,,,,,,,
2018-06-01,LowBM_LowG,,0,0,,insufficient_cell_or_missing_return,,,,,,0,,,,,,,,,
2018-06-01,LowBM_HighG,,0,0,,insufficient_cell_or_missing_return,,,,,,0,,,,,,,,,
2018-06-01,HighBM_LowG,,0,0,,insufficient_cell_or_missing_return,,,,,,0,,,,,,,,,
2018-06-01,HighBM_HighG,,0,0,,insufficient_cell_or_missing_return,,,,,,0,,,,,,,,,
2018-07-01,LowBM_LowG,,0,0,,insufficient_cell_or_missing_return,,,,,,0,,,,,,,,,
2018-07-01,LowBM_HighG,,0,0,,insufficient_cell_or_missing_return,,,,,,0,,,,,,,,,
2018-07-01,HighBM_LowG,,0,0,,insufficient_cell_or_missing_return,,,,,,0,,,,,,,,,
2018-07-01,HighBM_HighG,,0,0,,insufficient_cell_or_missing_return,,,,,,0,,,,,,,,,
2018-08-01,LowBM_LowG,,0,0,,insufficient_cell_or_missing_return,,,,,,0,,,,,,,,,
2018-08-01,LowBM_HighG,,0,0,,insufficient_cell_or_missing_return,,,,,,0,,,,,,,,,
2018-08-01,HighBM_LowG,,0,0,,insufficient_cell_or_missing_return,,,,,,0,,,,,,,,,
2018-08-01,HighBM_HighG,,0,0,,insufficient_cell_or_missing_return,,,,,,0,,,,,,,,,
2018-09-01,LowBM_LowG,,0,0,,insufficient_cell_or_missing_return,,,,,,0,,,,,,,,,
2018-09-01,LowBM_HighG,,0,0,,insufficient_cell_or_missing_return,,,,,,0,,,,,,,,,
2018-09-01,HighBM_LowG,,0,0,,insufficient_cell_or_missing_return,,,,,,0,,,,,,,,,
2018-09-01,HighBM_HighG,,0,0,,insufficient_cell_or_missing_return,,,,,,0,,,,,,,,,
2018-10-01,LowBM_LowG,,0,0,,insufficient_cell_or_missing_return,,,,,,0,,,,,,,,,
2018-10-01,LowBM_HighG,,0,0,,insufficient_cell_or_missing_return,,,,,,0,,,,,,,,,
2018-10-01,HighBM_LowG,,0,0,,insufficient_cell_or_missing_return,,,,,,0,,,,,,,,,
2018-10-01,HighBM_HighG,,0,0,,insufficient_cell_or_missing_return,,,,,,0,,,,,,,,,
2018-11-01,LowBM_LowG,,0,0,,insufficient_cell_or_missing_return,,,,,,0,,,,,,,,,
2018-11-01,LowBM_HighG,,0,0,,insufficient_cell_or_missing_return,,,,,,0,,,,,,,,,
2018-11-01,HighBM_LowG,,0,0,,insufficient_cell_or_missing_return,,,,,,0,,,,,,,,,
2018-11-01,HighBM_HighG,,0,0,,insufficient_cell_or_missing_return,,,,,,0,,,,,,,,,
2018-12-01,LowBM_LowG,,0,0,,insufficient_cell_or_missing_return,,,,,,0,,,,,,,,,
2018-12-01,LowBM_HighG,,0,0,,insufficient_cell_or_missing_return,,,,,,0,,,,,,,,,
2018-12-01,HighBM_LowG,,0,0,,insufficient_cell_or_missing_return,,,,,,0,,,,,,,,,
2018-12-01,HighBM_HighG,,0,0,,insufficient_cell_or_missing_return,,,,,,0,,,,,,,,,
2019-01-01,LowBM_LowG,,0,0,,insufficient_cell_or_missing_return,,,,,,0,,,,,,,,,
2019-01-01,LowBM_HighG,,0,0,,insufficient_cell_or_missing_return,,,,,,0,,,,,,,,,
2019-01-01,HighBM_LowG,,0,0,,insufficient_cell_or_missing_return,,,,,,0,,,,,,,,,
2019-01-01,HighBM_HighG,,0,0,,insufficient_cell_or_missing_return,,,,,,0,,,,,,,,,
2019-02-01,LowBM_LowG,,0,0,,insufficient_cell_or_missing_return,,,,,,0,,,,,,,,,
2019-02-01,LowBM_HighG,,0,0,,insufficient_cell_or_missing_return,,,,,,0,,,,,,,,,
2019-02-01,HighBM_LowG,,0,0,,insufficient_cell_or_missing_return,,,,,,0,,,,,,,,,
2019-02-01,HighBM_HighG,,0,0,,insufficient_cell_or_missing_return,,,,,,0,,,,,,,,,
2019-03-01,LowBM_LowG,,0,0,,insufficient_cell_or_missing_return,,,,,,0,,,,,,,,,
2019-03-01,LowBM_HighG,,0,0,,insufficient_cell_or_missing_return,,,,,,0,,,,,,,,,
2019-03-01,HighBM_LowG,,0,0,,insufficient_cell_or_missing_return,,,,,,0,,,,,,,,,
2019-03-01,HighBM_HighG,,0,0,,insufficient_cell_or_missing_return,,,,,,0,,,,,,,,,
2019-04-01,LowBM_LowG,,0,0,,insufficient_cell_or_missing_return,,,,,,0,,,,,,,,,
2019-04-01,LowBM_HighG,,0,0,,insufficient_cell_or_missing_return,,,,,,0,,,,,,,,,
2019-04-01,HighBM_LowG,,0,0,,insufficient_cell_or_missing_return,,,,,,0,,,,,,,,,
2019-04-01,HighBM_HighG,,0,0,,insufficient_cell_or_missing_return,,,,,,0,,,,,,,,,
2019-05-01,LowBM_LowG,,0,0,,insufficient_cell_or_missing_return,,,,,,0,,,,,,,,,
2019-05-01,LowBM_HighG,,0,0,,insufficient_cell_or_missing_return,,,,,,0,,,,,,,,,
2019-05-01,HighBM_LowG,,0,0,,insufficient_cell_or_missing_return,,,,,,0,,,,,,,,,
2019-05-01,HighBM_HighG,,0,0,,insufficient_cell_or_missing_return,,,,,,0,,,,,,,,,
2019-06-01,LowBM_LowG,,0,0,,insufficient_cell_or_missing_return,,,,,,0,,,,,,,,,
2019-06-01,LowBM_HighG,,0,0,,insufficient_cell_or_missing_return,,,,,,0,,,,,,,,,
2019-06-01,HighBM_LowG,,0,0,,insufficient_cell_or_missing_return,,,,,,0,,,,,,,,,
2019-06-01,HighBM_HighG,,0,0,,insufficient_cell_or_missing_return,,,,,,0,,,,,,,,,
2019-07-01,LowBM_LowG,,0,0,,insufficient_cell_or_missing_return,,,,,,0,,,,,,,,,
2019-07-01,LowBM_HighG,,0,0,,insufficient_cell_or_missing_return,,,,,,0,,,,,,,,,
2019-07-01,HighBM_LowG,,0,0,,insufficient_cell_or_missing_return,,,,,,0,,,,,,,,,
2019-07-01,HighBM_HighG,,0,0,,insufficient_cell_or_missing_return,,,,,,0,,,,,,,,,
2019-08-01,LowBM_LowG,,0,0,,insufficient_cell_or_missing_return,,,,,,0,,,,,,,,,
2019-08-01,LowBM_HighG,,0,0,,insufficient_cell_or_missing_return,,,,,,0,,,,,,,,,
2019-08-01,HighBM_LowG,,0,0,,insufficient_cell_or_missing_return,,,,,,0,,,,,,,,,
2019-08-01,HighBM_HighG,,0,0,,insufficient_cell_or_missing_return,,,,,,0,,,,,,,,,
2019-09-01,LowBM_LowG,,0,0,,insufficient_cell_or_missing_return,,,,,,0,,,,,,,,,
2019-09-01,LowBM_HighG,,0,0,,insufficient_cell_or_missing_return,,,,,,0,,,,,,,,,
2019-09-01,HighBM_LowG,,0,0,,insufficient_cell_or_missing_return,,,,,,0,,,,,,,,,
2019-09-01,HighBM_HighG,,0,0,,insufficient_cell_or_missing_return,,,,,,0,,,,,,,,,
2019-10-01,LowBM_LowG,,0,0,,insufficient_cell_or_missing_return,,,,,,0,,,,,,,,,
2019-10-01,LowBM_HighG,,0,0,,insufficient_cell_or_missing_return,,,,,,0,,,,,,,,,
2019-10-01,HighBM_LowG,,0,0,,insufficient_cell_or_missing_return,,,,,,0,,,,,,,,,
2019-10-01,HighBM_HighG,,0,0,,insufficient_cell_or_missing_return,,,,,,0,,,,,,,,,
2019-11-01,LowBM_LowG,,0,0,,insufficient_cell_or_missing_return,,,,,,0,,,,,,,,,
2019-11-01,LowBM_HighG,,0,0,,insufficient_cell_or_missing_return,,,,,,0,,,,,,,,,
2019-11-01,HighBM_LowG,,0,0,,insufficient_cell_or_missing_return,,,,,,0,,,,,,,,,
2019-11-01,HighBM_HighG,,0,0,,insufficient_cell_or_missing_return,,,,,,0,,,,,,,,,
2019-12-01,LowBM_LowG,,0,0,,insufficient_cell_or_missing_return,,,,,,0,,,,,,,,,
2019-12-01,LowBM_HighG,,0,0,,insufficient_cell_or_missing_return,,,,,,0,,,,,,,,,
2019-12-01,HighBM_LowG,,0,0,,insufficient_cell_or_missing_return,,,,,,0,,,,,,,,,
2019-12-01,HighBM_HighG,,0,0,,insufficient_cell_or_missing_return,,,,,,0,,,,,,,,,
2020-01-01,LowBM_LowG,,0,0,,insufficient_cell_or_missing_return,,,,,,0,,,,,,,,,
2020-01-01,LowBM_HighG,,0,0,,insufficient_cell_or_missing_return,,,,,,0,,,,,,,,,
2020-01-01,HighBM_LowG,,0,0,,insufficient_cell_or_missing_return,,,,,,0,,,,,,,,,
2020-01-01,HighBM_HighG,,0,0,,insufficient_cell_or_missing_return,,,,,,0,,,,,,,,,
2020-02-01,LowBM_LowG,,0,0,,insufficient_cell_or_missing_return,,,,,,0,,,,,,,,,
2020-02-01,LowBM_HighG,,0,0,,insufficient_cell_or_missing_return,,,,,,0,,,,,,,,,
2020-02-01,HighBM_LowG,,0,0,,insufficient_cell_or_missing_return,,,,,,0,,,,,,,,,
2020-02-01,HighBM_HighG,,0,0,,insufficient_cell_or_missing_return,,,,,,0,,,,,,,,,
2020-03-01,LowBM_LowG,,0,0,,insufficient_cell_or_missing_return,,,,,,0,,,,,,,,,
2020-03-01,LowBM_HighG,,0,0,,insufficient_cell_or_missing_return,,,,,,0,,,,,,,,,
2020-03-01,HighBM_LowG,,0,0,,insufficient_cell_or_missing_return,,,,,,0,,,,,,,,,
2020-03-01,HighBM_HighG,,0,0,,insufficient_cell_or_missing_return,,,,,,0,,,,,,,,,
2020-04-01,LowBM_LowG,,0,0,,insufficient_cell_or_missing_return,,,,,,0,,,,,,,,,
2020-04-01,LowBM_HighG,,0,0,,insufficient_cell_or_missing_return,,,,,,0,,,,,,,,,
2020-04-01,HighBM_LowG,,0,0,,insufficient_cell_or_missing_return,,,,,,0,,,,,,,,,
2020-04-01,HighBM_HighG,,0,0,,insufficient_cell_or_missing_return,,,,,,0,,,,,,,,,
2020-05-01,LowBM_LowG,,0,0,,insufficient_cell_or_missing_return,,,,,,0,,,,,,,,,
2020-05-01,LowBM_HighG,,0,0,,insufficient_cell_or_missing_return,,,,,,0,,,,,,,,,
2020-05-01,HighBM_LowG,,0,0,,insufficient_cell_or_missing_return,,,,,,0,,,,,,,,,
2020-05-01,HighBM_HighG,,0,0,,insufficient_cell_or_missing_return,,,,,,0,,,,,,,,,
2020-06-01,LowBM_LowG,,0,0,,insufficient_cell_or_missing_return,,,,,,0,,,,,,,,,
2020-06-01,LowBM_HighG,,0,0,,insufficient_cell_or_missing_return,,,,,,0,,,,,,,,,
2020-06-01,HighBM_LowG,,0,0,,insufficient_cell_or_missing_return,,,,,,0,,,,,,,,,
2020-06-01,HighBM_HighG,,0,0,,insufficient_cell_or_missing_return,,,,,,0,,,,,,,,,
2020-07-01,LowBM_LowG,,0,0,,insufficient_cell_or_missing_return,,,,,,0,,,,,,,,,
2020-07-01,LowBM_HighG,,0,0,,insufficient_cell_or_missing_return,,,,,,0,,,,,,,,,
2020-07-01,HighBM_LowG,,0,0,,insufficient_cell_or_missing_return,,,,,,0,,,,,,,,,
2020-07-01,HighBM_HighG,,0,0,,insufficient_cell_or_missing_return,,,,,,0,,,,,,,,,
2020-08-01,LowBM_LowG,,0,0,,insufficient_cell_or_missing_return,,,,,,0,,,,,,,,,
2020-08-01,LowBM_HighG,,0,0,,insufficient_cell_or_missing_return,,,,,,0,,,,,,,,,
2020-08-01,HighBM_LowG,,0,0,,insufficient_cell_or_missing_return,,,,,,0,,,,,,,,,
2020-08-01,HighBM_HighG,,0,0,,insufficient_cell_or_missing_return,,,,,,0,,,,,,,,,
2020-09-01,LowBM_LowG,,0,0,,insufficient_cell_or_missing_return,,,,,,0,,,,,,,,,
2020-09-01,LowBM_HighG,,0,0,,insufficient_cell_or_missing_return,,,,,,0,,,,,,,,,
2020-09-01,HighBM_LowG,,0,0,,insufficient_cell_or_missing_return,,,,,,0,,,,,,,,,
2020-09-01,HighBM_HighG,,0,0,,insufficient_cell_or_missing_return,,,,,,0,,,,,,,,,
2020-10-01,LowBM_LowG,,0,0,,insufficient_cell_or_missing_return,,,,,,0,,,,,,,,,
2020-10-01,LowBM_HighG,,0,0,,insufficient_cell_or_missing_return,,,,,,0,,,,,,,,,
2020-10-01,HighBM_LowG,,0,0,,insufficient_cell_or_missing_return,,,,,,0,,,,,,,,,
2020-10-01,HighBM_HighG,,0,0,,insufficient_cell_or_missing_return,,,,,,0,,,,,,,,,
2020-11-01,LowBM_LowG,,0,0,,insufficient_cell_or_missing_return,,,,,,0,,,,,,,,,
2020-11-01,LowBM_HighG,,0,0,,insufficient_cell_or_missing_return,,,,,,0,,,,,,,,,
2020-11-01,HighBM_LowG,,0,0,,insufficient_cell_or_missing_return,,,,,,0,,,,,,,,,
2020-11-01,HighBM_HighG,,0,0,,insufficient_cell_or_missing_return,,,,,,0,,,,,,,,,
2020-12-01,LowBM_LowG,,0,0,,insufficient_cell_or_missing_return,,,,,,0,,,,,,,,,
2020-12-01,LowBM_HighG,,0,0,,insufficient_cell_or_missing_return,,,,,,0,,,,,,,,,
2020-12-01,HighBM_LowG,,0,0,,insufficient_cell_or_missing_return,,,,,,0,,,,,,,,,
2020-12-01,HighBM_HighG,,0,0,,insufficient_cell_or_missing_return,,,,,,0,,,,,,,,,
2021-01-01,LowBM_LowG,,0,0,,insufficient_cell_or_missing_return,,,,,,0,,,,,,,,,
2021-01-01,LowBM_HighG,,0,0,,insufficient_cell_or_missing_return,,,,,,0,,,,,,,,,
2021-01-01,HighBM_LowG,,0,0,,insufficient_cell_or_missing_return,,,,,,0,,,,,,,,,
2021-01-01,HighBM_HighG,,0,0,,insufficient_cell_or_missing_return,,,,,,0,,,,,,,,,
2021-02-01,LowBM_LowG,,0,0,,insufficient_cell_or_missing_return,,,,,,0,,,,,,,,,
2021-02-01,LowBM_HighG,,0,0,,insufficient_cell_or_missing_return,,,,,,0,,,,,,,,,
2021-02-01,HighBM_LowG,,0,0,,insufficient_cell_or_missing_return,,,,,,0,,,,,,,,,
2021-02-01,HighBM_HighG,,0,0,,insufficient_cell_or_missing_return,,,,,,0,,,,,,,,,
2021-03-01,LowBM_LowG,,0,0,,insufficient_cell_or_missing_return,,,,,,0,,,,,,,,,
2021-03-01,LowBM_HighG,,0,0,,insufficient_cell_or_missing_return,,,,,,0,,,,,,,,,
2021-03-01,HighBM_LowG,,0,0,,insufficient_cell_or_missing_return,,,,,,0,,,,,,,,,
2021-03-01,HighBM_HighG,,0,0,,insufficient_cell_or_missing_return,,,,,,0,,,,,,,,,
2021-04-01,LowBM_LowG,,0,0,,insufficient_cell_or_missing_return,,,,,,0,,,,,,,,,
2021-04-01,LowBM_HighG,,0,0,,insufficient_cell_or_missing_return,,,,,,0,,,,,,,,,
2021-04-01,HighBM_LowG,,0,0,,insufficient_cell_or_missing_return,,,,,,0,,,,,,,,,
2021-04-01,HighBM_HighG,,0,0,,insufficient_cell_or_missing_return,,,,,,0,,,,,,,,,
2021-05-01,LowBM_LowG,,0,0,,insufficient_cell_or_missing_return,,,,,,0,,,,,,,,,
2021-05-01,LowBM_HighG,,0,0,,insufficient_cell_or_missing_return,,,,,,0,,,,,,,,,
2021-05-01,HighBM_LowG,,0,0,,insufficient_cell_or_missing_return,,,,,,0,,,,,,,,,
2021-05-01,HighBM_HighG,,0,0,,insufficient_cell_or_missing_return,,,,,,0,,,,,,,,,
2021-06-01,LowBM_LowG,,0,0,,insufficient_cell_or_missing_return,,,,,,0,,,,,,,,,
2021-06-01,LowBM_HighG,,0,0,,insufficient_cell_or_missing_return,,,,,,0,,,,,,,,,
2021-06-01,HighBM_LowG,,0,0,,insufficient_cell_or_missing_return,,,,,,0,,,,,,,,,
2021-06-01,HighBM_HighG,,0,0,,insufficient_cell_or_missing_return,,,,,,0,,,,,,,,,
2021-07-01,LowBM_LowG,-0.003846997921107497,172,0,1.0,estimated,1.0,0.02566417675944556,38.964818913661645,0.26375606520548134,0.3087083459176482,9,0.11627906976744186,19.53943229479689,0.4898864309777023,100.0813953488372,-0.020690354201840427,0.4759704835985657,0.046511627906976744,0.9418604651162791,0.0
2021-07-01,LowBM_HighG,-0.025766755755134596,161,0,1.0,estimated,1.0,0.1617986577678733,6.18052098698287,0.5991273824397373,0.5604682067414987,17,0.0,20.91356124525409,0.4821029063469982,99.16770186335404,-0.024901182148151978,0.49139848760098154,0.37888198757763975,0.9627329192546584,0.0
2021-07-01,HighBM_LowG,-0.011001015251486975,182,0,1.0,estimated,1.0,0.008927041199889163,112.01919847893342,0.11026130041638743,0.3284863945578231,9,0.15934065934065933,19.15252002090355,1.7698756993607903,102.56593406593407,0.02677632033100599,0.40724620621816987,0.09340659340659341,0.9505494505494505,0.0
2021-07-01,HighBM_HighG,-0.02031346972148288,150,0,0.9999999999999999,estimated,0.9999999999999999,0.03687070502664515,27.12180304871674,0.3565817832465156,0.5849028379028379,16,0.0,20.289801830027002,1.7755164672575696,101.88,0.02480262609675922,0.4676329832511677,0.48,0.9733333333333334,0.0
2021-08-01,LowBM_LowG,-0.010364694568906645,172,0,0.9999999999999998,estimated,0.009164927221420248,0.026664762557569804,37.502677844626525,0.264040542721013,0.3087083459176482,9,0.11627906976744186,19.529910402452302,0.4898864309777023,130.08139534883722,-0.020690354201840427,0.4759704835985657,0.046511627906976744,0.9418604651162791,0.0
2021-08-01,LowBM_HighG,-0.007135626533864731,161,0,1.0000000000000002,estimated,0.0042486209982230015,0.1606195361186661,6.2258927161961015,0.5984704765932317,0.5604682067414987,17,0.0,20.88848547941406,0.4821029063469982,129.16770186335404,-0.024901182148151978,0.49139848760098154,0.37888198757763975,0.9627329192546584,0.0
2021-08-01,HighBM_LowG,-0.0009488921846005952,182,0,1.0,estimated,0.004943931775898481,0.00903805620418591,110.64325972401646,0.11384190210189926,0.3284863945578231,9,0.15934065934065933,19.133175535410974,1.7698756993607903,132.56593406593407,0.02677632033100599,0.40724620621816987,0.09340659340659341,0.9505494505494505,0.0
2021-08-01,HighBM_HighG,-0.030767047628561438,150,0,1.0,estimated,0.012907552251130177,0.03750960605603117,26.65983744287312,0.35971934753519463,0.5849028379028379,16,0.0,20.24926488691801,1.7755164672575696,131.88,0.02480262609675922,0.4676329832511677,0.48,0.9733333333333334,0.0
2021-09-01,LowBM_LowG,,172,2,0.9999999999999998,insufficient_cell_or_missing_return,,0.027634423091945408,36.186751453894814,0.27484469720943394,0.3087083459176482,9,0.11627906976744186,19.492430314439172,0.4898864309777023,162.08139534883722,-0.020690354201840427,0.4759704835985657,0.046511627906976744,0.9418604651162791,0.0
2021-09-01,LowBM_HighG,-0.04578783649886736,161,0,1.0,estimated,0.00012795819607389145,0.15623797204452256,6.4004927029840974,0.5912034616244338,0.5604682067414987,17,0.0,20.86786412724443,0.4821029063469982,161.16770186335404,-0.024901182148151978,0.49139848760098154,0.37888198757763975,0.9627329192546584,0.0
2021-09-01,HighBM_LowG,-0.011764843004409163,182,0,1.0,estimated,0.0033036909349718913,0.009805480100757796,101.98378760900418,0.12843051691904092,0.3284863945578231,9,0.15934065934065933,19.106903352251493,1.7698756993607903,164.56593406593407,0.02677632033100599,0.40724620621816987,0.09340659340659341,0.9505494505494505,0.0
2021-09-01,HighBM_HighG,-0.021635440713443543,150,0,1.0,estimated,3.498077699979447e-05,0.03745101953441313,26.701542773251244,0.3602237436092324,0.5849028379028379,16,0.0,20.21138087875016,1.7755164672575696,163.88,0.02480262609675922,0.4676329832511677,0.48,0.9733333333333334,0.0
2021-10-01,LowBM_LowG,-0.05612204391229142,172,0,1.0,estimated,,0.03024000271107154,33.068780104106196,0.28304378144728715,0.3087083459176482,9,0.11627906976744186,19.488816364234722,0.4898864309777023,192.08139534883722,-0.020690354201840427,0.4759704835985657,0.046511627906976744,0.9418604651162791,0.0
2021-10-01,LowBM_HighG,-0.03068492849128892,161,0,1.0,estimated,0.0005118461976920013,0.15915861041272267,6.283040530492486,0.5922124089893812,0.5604682067414987,17,0.0,20.84638392188538,0.4821029063469982,191.16770186335404,-0.024901182148151978,0.49139848760098154,0.37888198757763975,0.9627329192546584,0.0
2021-10-01,HighBM_LowG,-0.0263187662738807,182,0,1.0,estimated,0.05815682044739829,0.009752514803324203,102.53765517578543,0.12332193252747682,0.3284863945578231,9,0.15934065934065933,19.114253688237667,1.7698756993607903,194.56593406593407,0.02677632033100599,0.40724620621816987,0.09340659340659341,0.9505494505494505,0.0
2021-10-01,HighBM_HighG,-0.050577321490614585,150,0,1.0,estimated,0.0009846363441961593,0.037141127748239355,26.924330536716248,0.3606702697709976,0.5849028379028379,16,0.0,20.21217554271414,1.7755164672575696,193.88,0.02480262609675922,0.4676329832511677,0.48,0.9733333333333334,0.0
2021-11-01,LowBM_LowG,,172,1,1.0,insufficient_cell_or_missing_return,,0.026621970345780243,37.562959728805595,0.26457599710338603,0.3087083459176482,9,0.11627906976744186,19.47618078320395,0.4898864309777023,221.08139534883722,-0.020690354201840427,0.4759704835985657,0.046511627906976744,0.9418604651162791,0.0
2021-11-01,LowBM_HighG,-0.023952266843708346,161,0,1.0,estimated,0.0018551658411606654,0.15292377308887634,6.539205643447074,0.5951903085194239,0.5604682067414987,17,0.0,20.821293464195104,0.4821029063469982,220.16770186335404,-0.024901182148151978,0.49139848760098154,0.37888198757763975,0.9627329192546584,0.0
2021-11-01,HighBM_LowG,-0.11392837223079483,182,0,1.0,estimated,0.0001144132631074713,0.009855242297634771,101.46883960833688,0.12725421912463006,0.3284863945578231,9,0.15934065934065933,19.09343399384244,1.7698756993607903,223.56593406593407,0.02677632033100599,0.40724620621816987,0.09340659340659341,0.9505494505494505,0.0
2021-11-01,HighBM_HighG,-0.09202276213898242,150,0,1.0,estimated,0.0003669398914086554,0.03664530401010049,27.288626114941533,0.3552418702546765,0.5849028379028379,16,0.0,20.16784825413129,1.7755164672575696,222.88,0.02480262609675922,0.4676329832511677,0.48,0.9733333333333334,0.0
2021-12-01,LowBM_LowG,0.05705285256796461,171,0,1.0,estimated,,0.03132258975983917,31.925840349324126,0.29421067963596187,0.3090516695779853,9,0.11695906432748537,19.361486822364263,0.4911194220315622,253.05263157894737,-0.019518632599815112,0.4760136114380674,0.04678362573099415,0.9473684210526315,0.0
2021-12-01,LowBM_HighG,0.06434438463327885,161,0,1.0,estimated,0.007413981181648788,0.1647761260378678,6.068840335341944,0.6109781178997309,0.5604682067414987,17,0.0,20.695591988524736,0.4821029063469982,252.16770186335404,-0.024901182148151978,0.49139848760098154,0.37888198757763975,0.9627329192546584,0.0
2021-12-01,HighBM_LowG,0.08010791116333998,182,0,0.9999999999999999,estimated,0.007699573862413726,0.010051805752396406,99.48461247986158,0.12996277142395382,0.3284863945578231,9,0.15934065934065933,18.96588429548499,1.7698756993607903,255.56593406593407,0.02677632033100599,0.40724620621816987,0.09340659340659341,0.9505494505494505,0.0
2021-12-01,HighBM_HighG,0.07205665878859444,150,0,1.0,estimated,0.0742779775567329,0.036273683303190044,27.568195698286207,0.34993875160073457,0.5849028379028379,16,0.0,20.026232012202588,1.7755164672575696,254.88,0.02480262609675922,0.4676329832511677,0.48,0.9733333333333334,0.0
2022-01-01,LowBM_LowG,-0.14178179665770957,171,0,0.9999999999999999,estimated,0.00810990889694923,0.027420324467330906,36.469298574180584,0.27828984257261574,0.3090516695779853,9,0.11695906432748537,19.46207076333656,0.4911194220315622,283.05263157894734,-0.019518632599815112,0.4760136114380674,0.04678362573099415,0.9473684210526315,0.0
2022-01-01,LowBM_HighG,-0.09214766170614642,161,0,1.0,estimated,0.0015117540794056502,0.17329011430458588,5.770669631173164,0.6164370044080869,0.5604682067414987,17,0.0,20.778808008964685,0.4821029063469982,282.167701863354,-0.024901182148151978,0.49139848760098154,0.37888198757763975,0.9627329192546584,0.0
2022-01-01,HighBM_LowG,,182,2,0.9999999999999998,insufficient_cell_or_missing_return,,0.009835032496341826,101.67734579137928,0.12468391886225232,0.3284863945578231,9,0.15934065934065933,19.05261322619555,1.7698756993607903,285.5659340659341,0.02677632033100599,0.40724620621816987,0.09340659340659341,0.9505494505494505,0.0
2022-01-01,HighBM_HighG,-0.0828802478915048,150,0,0.9999999999999999,estimated,0.011727141989357636,0.036661425083005864,27.276626528725494,0.35324896420657137,0.5849028379028379,16,0.0,20.104919527596635,1.7755164672575696,284.88,0.02480262609675922,0.4676329832511677,0.48,0.9733333333333334,0.0
2022-02-01,LowBM_LowG,0.0467569977170893,170,0,1.0,estimated,0.007982661232296646,0.024445446176986727,40.90741452456751,0.2604785342019484,0.30939903234020877,9,0.11764705882352941,19.357919484925407,0.48867963896570493,312.0529411764706,-0.019008771206484615,0.4768674725554164,0.047058823529411764,0.9470588235294117,0.0
2022-02-01,LowBM_HighG,0.002715473643401271,161,0,0.9999999999999998,estimated,0.00017992136027457443,0.18254205068925572,5.478189799140123,0.623583880893269,0.5604682067414987,17,0.0,20.66506151845837,0.4821029063469982,311.167701863354,-0.024901182148151978,0.49139848760098154,0.37888198757763975,0.9627329192546584,0.0
2022-02-01,HighBM_LowG,,181,2,0.9999999999999998,insufficient_cell_or_missing_return,,0.009669805535689694,103.41469601525709,0.11849480948947408,0.32845961589055506,9,0.16022099447513813,18.95774130378997,1.7678812082073199,314.5524861878453,0.02571384179462017,0.4080823121048206,0.09392265193370165,0.9613259668508287,0.0
2022-02-01,HighBM_HighG,0.04345469051597056,150,0,1.0,estimated,0.006539316553575501,0.036699896082297886,27.24803355730339,0.351968365368509,0.5849028379028379,16,0.0,20.01764005568255,1.7755164672575696,313.88,0.02480262609675922,0.4676329832511677,0.48,0.9733333333333334,0.0
2022-03-01,LowBM_LowG,0.04633605608666482,169,0,0.9999999999999998,estimated,0.0023285016336162057,0.023945544197123934,41.761422992429154,0.2538805484323897,0.30904608212300516,9,0.11834319526627218,19.403721884244817,0.4889443042732822,340.85798816568047,-0.02017361335859675,0.4754221106948033,0.047337278106508875,0.9467455621301775,0.0
2022-03-01,LowBM_HighG,,162,1,0.9999999999999998,insufficient_cell_or_missing_return,,0.1765499918584103,5.664118074850894,0.6164351249511949,0.5596540290984735,17,0.0,20.70010556520949,0.48186740199908545,337.9320987654321,-0.02364629957292155,0.49281660574541397,0.3765432098765432,0.9629629629629629,0.0
2022-03-01,HighBM_LowG,0.061592103435596415,180,0,1.0,estimated,,0.009524703048159444,104.99014981818675,0.11576265156108431,0.3275992063492063,9,0.16111111111111112,19.01124210990882,1.7712927349945866,339.4888888888889,0.026252168900318906,0.4071791004215688,0.09444444444444444,0.9666666666666667,0.0
2022-03-01,HighBM_HighG,0.028426463604564224,150,0,1.0,estimated,1.3350311624560303e-05,0.03613595580104767,27.67326829559072,0.35117764403514085,0.5849028379028379,16,0.0,20.066476908736455,1.7755164672575696,344.88,0.02480262609675922,0.4676329832511677,0.48,0.9733333333333334,0.0
2022-04-01,LowBM_LowG,-0.016169300937282756,190,0,1.0,estimated,0.6547716762090908,0.023868032662940172,41.8970433852597,0.23424356867235738,0.3253896103896104,11,0.15789473684210525,19.50356256863069,0.4763389169801461,90.22105263157894,-0.02977461954301103,0.4789981825918305,0.042105263157894736,0.9526315789473684,0.0
2022-04-01,LowBM_HighG,,141,1,0.9999999999999999,insufficient_cell_or_missing_return,,0.16766912176173113,5.9641273807175175,0.6095030107417081,0.589645126347254,17,0.0,20.922720465425442,0.48640983248024483,76.38297872340425,-0.012185941060963938,0.48956663891621577,0.4326241134751773,0.9645390070921985,0.0
2022-04-01,HighBM_LowG,0.05405408962114079,190,0,1.0,estimated,0.11316155428881047,0.009325836629785294,107.2289854195122,0.11506179078045474,0.3254699248120301,8,0.1736842105263158,19.039096050028736,1.7383602741135542,81.96315789473684,0.020539684917676094,0.405973201395984,0.08947368421052632,0.968421052631579,0.0
2022-04-01,HighBM_HighG,0.004570396345828806,141,0,1.0,estimated,0.017845847109929525,0.03578869718420895,27.941782704547013,0.3468991404948716,0.5805184571142018,14,0.0,20.236882725019914,1.8139878220951564,89.85106382978724,0.03231457869075605,0.47360560317546846,0.5106382978723404,0.9716312056737588,0.0
2022-05-01,LowBM_LowG,-0.017800009751712417,190,0,0.9999999999999999,estimated,0.004288492681301871,0.020606814127676842,48.52763720797133,0.22480101235931432,0.32556504898610167,11,0.15789473684210525,19.503441685929747,0.47866106002562075,101.85263157894737,-0.027969932460732892,0.4782067776406295,0.042105263157894736,0.9526315789473684,0.0
2022-05-01,LowBM_HighG,-0.00036161047237900793,142,0,0.9999999999999998,estimated,,0.16440979013260257,6.082362851953421,0.6038459052371155,0.5890138226405832,17,0.0,20.906996100234057,0.4862193789465191,102.26760563380282,-0.014450195524262726,0.49053081533334575,0.4295774647887324,0.9647887323943662,0.0
2022-05-01,HighBM_LowG,-0.04791334764983389,188,0,1.0,estimated,0.010207733768022717,0.009148569220313048,109.30670970709251,0.11050226377756284,0.32557624113475175,8,0.1702127659574468,19.09778036650387,1.7454555115689248,103.63829787234043,0.021086514126594423,0.40498688825016554,0.09042553191489362,0.9680851063829787,0.0
2022-05-01,HighBM_HighG,0.004908168950699132,143,0,1.0,estimated,0.0024961436924366342,0.03571730137141815,27.997635924426927,0.3499201687627344,0.5846620551166006,14,0.0,20.231232858991827,1.8130729797723344,107.0979020979021,0.032005539170884646,0.4728679324077883,0.5034965034965035,0.972027972027972,0.0
2022-06-01,LowBM_LowG,-0.1649870224853709,191,0,1.0,estimated,0.001980194324752635,0.0200868843278634,49.783728709626516,0.22002969225170305,0.3255184605969947,11,0.15706806282722513,19.466065438129636,0.4783709332764538,126.64921465968587,-0.02929296081068983,0.4792644439218536,0.041884816753926704,0.9528795811518325,0.0
2022-06-01,LowBM_HighG,-0.13725789917211728,141,0,1.0,estimated,0.0009132272351792102,0.16419074160441785,6.090477393721042,0.6008965876182686,0.5860990270564739,17,0.0,20.895654631838244,0.4866659926203617,126.45390070921985,-0.012584254466024836,0.48918549460979194,0.4326241134751773,0.9645390070921985,0.0
2022-06-01,HighBM_LowG,-0.15091959670078497,188,0,1.0,estimated,0.0009728625210430817,0.009200179805059262,108.69352786454141,0.11377337452608663,0.32557624113475175,8,0.1702127659574468,19.05089282144393,1.7454555115689248,131.04787234042553,0.021086514126594423,0.40498688825016554,0.09042553191489362,0.9680851063829787,0.0
2022-06-01,HighBM_HighG,-0.09451044587883979,143,0,1.0,estimated,5.731657558112892e-05,0.03622694935227963,27.60375957345339,0.35078954614587027,0.5846620551166006,14,0.0,20.220014165560123,1.8130729797723344,133.5734265734266,0.032005539170884646,0.4728679324077883,0.5034965034965035,0.972027972027972,0.0
2022-07-01,LowBM_LowG,0.05193601789473083,177,0,1.0,estimated,0.3531382331062376,0.019214079547882963,52.04516810227225,0.21544319661099715,0.3325066647100545,9,0.1864406779661017,19.39021681478597,0.692832033181718,100.85310734463278,-0.018612464930294965,0.4887934848988119,0.05084745762711865,0.9774011299435028,0.0
2022-07-01,LowBM_HighG,0.0657201247007986,124,0,0.9999999999999998,estimated,0.3817467235240177,0.12861715571497295,7.7750125513278245,0.5661715787866549,0.588998210570791,17,0.0,20.996092922954475,0.6906979768064572,102.65322580645162,0.03099183621583825,0.4888336604125889,0.47580645161290325,0.9758064516129032,0.0
2022-07-01,HighBM_LowG,0.03946303579183529,164,0,0.9999999999999999,estimated,0.6194751227759968,0.010520828473929331,95.04954885235563,0.12534739256321584,0.3181765389082462,9,0.14634146341463414,18.84777000123341,2.454031051123295,103.1219512195122,0.04553247410510218,0.40804367669504504,0.10975609756097561,0.9573170731707317,0.0
2022-07-01,HighBM_HighG,,137,1,1.0,insufficient_cell_or_missing_return,,0.03061245868381065,32.666438535002364,0.301267203910653,0.5832438040467237,13,0.0,19.977841968570676,2.791947082380026,102.15328467153284,0.07327945277332197,0.4836349465720156,0.5036496350364964,0.9635036496350365,0.0
2022-08-01,LowBM_LowG,0.014327108817606172,177,0,1.0,estimated,0.005076597493823498,0.020031802344024734,49.920620362864604,0.2269640614813102,0.3325066647100545,9,0.1864406779661017,19.442719121256705,0.692832033181718,129.85310734463278,-0.018612464930294965,0.4887934848988119,0.05084745762711865,0.9774011299435028,0.0
2022-08-01,LowBM_HighG,0.004980734612212754,124,0,0.9999999999999999,estimated,0.0012132451421085,0.13203309705302632,7.573858542440962,0.5775882515970986,0.588998210570791,17,0.0,21.03220324807737,0.6906979768064572,131.65322580645162,0.03099183621583825,0.4888336604125889,0.47580645161290325,0.9758064516129032,0.0
2022-08-01,HighBM_LowG,,164,1,1.0,insufficient_cell_or_missing_return,,0.010468678015610229,95.52304488769866,0.12436913225713225,0.3181765389082462,9,0.14634146341463414,18.89359705111706,2.454031051123295,132.1219512195122,0.04553247410510218,0.40804367669504504,0.10975609756097561,0.9573170731707317,0.0
2022-08-01,HighBM_HighG,0.03791766114515876,136,0,1.0,estimated,,0.030894629217619984,32.36808549978243,0.3005986882220577,0.5833306807571512,13,0.0,20.012791133048033,2.7971053525224816,131.11764705882354,0.07384060051974342,0.4843836864306451,0.5073529411764706,0.9705882352941176,0.0
2022-09-01,LowBM_LowG,-0.1558516804535098,177,0,0.9999999999999999,estimated,0.0038147213297804105,0.019797648149628363,50.511050223850546,0.2220684978068768,0.3325066647100545,9,0.1864406779661017,19.461722200833307,0.692832033181718,162.85310734463278,-0.018612464930294965,0.4887934848988119,0.05084745762711865,0.9774011299435028,0.0
2022-09-01,LowBM_HighG,-0.12238043857295999,124,0,0.9999999999999998,estimated,0.0002564617866781778,0.12614417918526435,7.92743673516103,0.5722057594313052,0.588998210570791,17,0.0,21.052752694302264,0.6906979768064572,164.65322580645162,0.03099183621583825,0.4888336604125889,0.47580645161290325,0.9758064516129032,0.0
2022-09-01,HighBM_LowG,-0.15049886759250114,164,0,1.0,estimated,,0.01090897075023322,91.66767634596704,0.12798738829620476,0.3181765389082462,9,0.14634146341463414,18.918561353775274,2.454031051123295,165.1219512195122,0.04553247410510218,0.40804367669504504,0.10975609756097561,0.9573170731707317,0.0
2022-09-01,HighBM_HighG,-0.1342452236318636,136,0,1.0,estimated,2.1050060543556872e-06,0.030376419160697356,32.920272620344065,0.296473210157378,0.5833306807571512,13,0.0,20.030542858622717,2.7971053525224816,164.11764705882354,0.07384060051974342,0.4843836864306451,0.5073529411764706,0.9705882352941176,0.0
2022-10-01,LowBM_LowG,0.029307511585865052,177,0,0.9999999999999999,estimated,0.01201359716347324,0.019191458567349228,52.10651376447843,0.21286528849395273,0.3325066647100545,9,0.1864406779661017,19.289960535935073,0.692832033181718,192.85310734463278,-0.018612464930294965,0.4887934848988119,0.05084745762711865,0.9774011299435028,0.0
2022-10-01,LowBM_HighG,0.0931455212020138,124,0,1.0,estimated,0.001271364780029944,0.13002467740800905,7.6908477677823,0.5848174442343514,0.588998210570791,17,0.0,20.875237414905197,0.6906979768064572,194.65322580645162,0.03099183621583825,0.4888336604125889,0.47580645161290325,0.9758064516129032,0.0
2022-10-01,HighBM_LowG,,164,1,1.0,insufficient_cell_or_missing_return,,0.010730934896878055,93.18852547422773,0.12401621638771411,0.3181765389082462,9,0.14634146341463414,18.7616868968337,2.454031051123295,195.1219512195122,0.04553247410510218,0.40804367669504504,0.10975609756097561,0.9573170731707317,0.0
2022-10-01,HighBM_HighG,,136,1,1.0,insufficient_cell_or_missing_return,,0.030271867174938134,33.0339715822978,0.29876413174947153,0.5833306807571512,13,0.0,19.87715158711209,2.7971053525224816,194.11764705882354,0.07384060051974342,0.4843836864306451,0.5073529411764706,0.9705882352941176,0.0
2022-11-01,LowBM_LowG,,177,1,1.0,insufficient_cell_or_missing_return,,0.019174408673067043,52.152846903937665,0.21308619694747308,0.3325066647100545,9,0.1864406779661017,19.305327420835727,0.692832033181718,223.85310734463278,-0.018612464930294965,0.4887934848988119,0.05084745762711865,0.9774011299435028,0.0
2022-11-01,LowBM_HighG,,124,1,0.9999999999999999,insufficient_cell_or_missing_return,,0.1374839568407048,7.27357593554458,0.6087741239795844,0.588998210570791,17,0.0,20.88614302227985,0.6906979768064572,225.65322580645162,0.03099183621583825,0.4888336604125889,0.47580645161290325,0.9758064516129032,0.0
2022-11-01,HighBM_LowG,0.0872329894591568,164,0,1.0,estimated,,0.010560363710376063,94.69370823065991,0.12501694773727054,0.3181765389082462,9,0.14634146341463414,18.780803220780204,2.454031051123295,226.1219512195122,0.04553247410510218,0.40804367669504504,0.10975609756097561,0.9573170731707317,0.0
2022-11-01,HighBM_HighG,,136,1,1.0,insufficient_cell_or_missing_return,,0.029642852722530706,33.734944789572424,0.29182657510004395,0.5833306807571512,13,0.0,19.891318912796496,2.7971053525224816,225.11764705882354,0.07384060051974342,0.4843836864306451,0.5073529411764706,0.9705882352941176,0.0
2022-12-01,LowBM_LowG,-0.04301240336202725,177,0,0.9999999999999999,estimated,,0.019157517921599962,52.19882889278195,0.2135373989696123,0.3325066647100545,9,0.1864406779661017,19.38451262388891,0.692832033181718,253.85310734463278,-0.018612464930294965,0.4887934848988119,0.05084745762711865,0.9774011299435028,0.0
2022-12-01,LowBM_HighG,-0.1200259410890476,124,0,1.0,estimated,,0.13382829250465042,7.4722615172367295,0.6002911048228522,0.588998210570791,17,0.0,20.988338448418148,0.6906979768064572,255.65322580645162,0.03099183621583825,0.4888336604125889,0.47580645161290325,0.9758064516129032,0.0
2022-12-01,HighBM_LowG,-0.0627876202862165,164,0,1.0,estimated,0.00017463651183172884,0.01042914696637868,95.88511919755128,0.12009595244660115,0.3181765389082462,9,0.14634146341463414,18.87009212300167,2.454031051123295,256.1219512195122,0.04553247410510218,0.40804367669504504,0.10975609756097561,0.9573170731707317,0.0
2022-12-01,HighBM_HighG,-0.06107083111485916,136,0,0.9999999999999999,estimated,,0.03066959682101026,32.605580237525274,0.30040195375744577,0.5833306807571512,13,0.0,19.999508330054336,2.7971053525224816,255.11764705882354,0.07384060051974342,0.4843836864306451,0.5073529411764706,0.9705882352941176,0.0
2023-01-01,LowBM_LowG,0.048997504671877926,177,0,1.0,estimated,0.003416331844805177,0.02111080141556159,47.369115947576546,0.23108217890229132,0.3325066647100545,9,0.1864406779661017,19.31422674568401,0.692832033181718,282.85310734463275,-0.018612464930294965,0.4887934848988119,0.05084745762711865,0.9774011299435028,0.0
2023-01-01,LowBM_HighG,0.09910495261970202,124,0,1.0,estimated,0.0020374841229581202,0.13213092613264546,7.5682508952983945,0.5848026769803828,0.588998210570791,17,0.0,20.92520065130766,0.6906979768064572,284.6532258064516,0.03099183621583825,0.4888336604125889,0.47580645161290325,0.9758064516129032,0.0
2023-01-01,HighBM_LowG,0.049357699701787675,164,0,0.9999999999999999,estimated,0.006009026764508383,0.010659147104693682,93.8161365236865,0.12750735319731316,0.3181765389082462,9,0.14634146341463414,18.79513017985609,2.454031051123295,285.1219512195122,0.04553247410510218,0.40804367669504504,0.10975609756097561,0.9573170731707317,0.0
2023-01-01,HighBM_HighG,0.04577939588122225,136,0,0.9999999999999999,estimated,0.003551271747120126,0.030977749629903295,32.281234497249756,0.3061721601013083,0.5833306807571512,13,0.0,19.9260134993095,2.7971053525224816,284.11764705882354,0.07384060051974342,0.4843836864306451,0.5073529411764706,0.9705882352941176,0.0
2023-02-01,LowBM_LowG,-0.001308076701253491,177,0,1.0,estimated,0.0037927268099173595,0.02120230080272186,47.1646926107012,0.22980788155164794,0.3325066647100545,9,0.1864406779661017,19.383483120089494,0.692832033181718,315.85310734463275,-0.018612464930294965,0.4887934848988119,0.05084745762711865,0.9774011299435028,0.0
2023-02-01,LowBM_HighG,-0.004760407608552575,124,0,0.9999999999999999,estimated,0.0003690959553029895,0.13466561697681664,7.425800456341837,0.593755337489704,0.588998210570791,17,0.0,20.990457573290353,0.6906979768064572,317.6532258064516,0.03099183621583825,0.4888336604125889,0.47580645161290325,0.9758064516129032,0.0
2023-02-01,HighBM_LowG,0.01857826215385316,164,0,0.9999999999999999,estimated,0.006654646168333797,0.010534105012260483,94.92975424453387,0.12437403731184654,0.3181765389082462,9,0.14634146341463414,18.856708440563168,2.454031051123295,318.1219512195122,0.04553247410510218,0.40804367669504504,0.10975609756097561,0.9573170731707317,0.0
2023-02-01,HighBM_HighG,-0.0011704141634140315,136,0,1.0,estimated,0.014122492176035936,0.0307470373510799,32.523458718369106,0.2995209083002708,0.5833306807571512,13,0.0,19.981404923930867,2.7971053525224816,317.11764705882354,0.07384060051974342,0.4843836864306451,0.5073529411764706,0.9705882352941176,0.0
2023-03-01,LowBM_LowG,,177,2,1.0,insufficient_cell_or_missing_return,,0.02056645489738375,48.62286694471635,0.22317874811174188,0.3325066647100545,9,0.1864406779661017,19.378824576794806,0.692832033181718,343.85310734463275,-0.018612464930294965,0.4887934848988119,0.05084745762711865,0.9774011299435028,0.0
2023-03-01,LowBM_HighG,0.04558577437903946,124,0,0.9999999999999999,estimated,0.00020622404255278947,0.13458701262385886,7.4301374293430555,0.5934445204427609,0.588998210570791,17,0.0,20.981194081712218,0.6906979768064572,342.71774193548384,0.03099183621583825,0.4888336604125889,0.47580645161290325,0.9758064516129032,0.0
2023-03-01,HighBM_LowG,0.002039776231782293,164,0,1.0,estimated,0.0025494810692087908,0.010618281593814317,94.17719723900996,0.12186333345819239,0.3176684088269454,9,0.14634146341463414,18.863048790003184,2.454031051123295,337.1707317073171,0.04553247410510218,0.40804367669504504,0.10975609756097561,0.9573170731707317,0.0
2023-03-01,HighBM_HighG,-0.0005253926090181692,136,0,1.0,estimated,0.016163622634742067,0.03184001492657478,31.40702045228519,0.30991065922420225,0.5833306807571512,13,0.0,19.987497677443645,2.7971053525224816,345.11764705882354,0.07384060051974342,0.4843836864306451,0.5073529411764706,0.9705882352941176,0.0
2023-04-01,LowBM_LowG,,175,1,0.9999999999999999,insufficient_cell_or_missing_return,,0.02237911939069188,44.68451070581127,0.25105196538726826,0.33454421768707476,8,0.2057142857142857,19.377638544289596,0.6880086953634313,72.13714285714286,-0.022779816823964866,0.48298436504887066,0.03428571428571429,0.9771428571428571,0.0
2023-04-01,LowBM_HighG,0.008934590277898006,127,0,1.0,estimated,0.037942035989744355,0.13422314970966134,7.450279643735855,0.5919286731809514,0.5757802346385021,14,0.0,21.047674615433024,0.6870124235316537,70.28346456692914,0.04186336096871802,0.49621729812632365,0.5039370078740157,0.9763779527559056,0.0
2023-04-01,HighBM_LowG,0.00017288697656619133,165,0,1.0,estimated,0.12056535034013746,0.010786467605967485,92.70875661340344,0.12567889182660053,0.3211261970352879,10,0.15757575757575756,18.839186094585923,2.433404376370061,43.6,0.04400210693603241,0.41537213440328585,0.10303030303030303,0.9575757575757575,0.0
2023-04-01,HighBM_HighG,-0.004999014495310299,136,0,0.9999999999999999,estimated,0.022686180468816975,0.03260987862882213,30.665554183208567,0.3167726549955767,0.5855262180629827,12,0.0,19.974748250754292,2.813454569725699,57.50735294117647,0.0738621870510932,0.4785126816357612,0.5147058823529411,0.9705882352941176,0.0
2023-05-01,LowBM_LowG,-0.004866867334634493,174,0,1.0,estimated,,0.020204830459865653,49.49311512345396,0.23728649710789157,0.33362068965517233,8,0.20114942528735633,19.35764225722126,0.6914308934120533,85.52298850574712,-0.027062805497608488,0.4854787606500296,0.028735632183908046,0.9770114942528736,0.0
2023-05-01,LowBM_HighG,0.046257976168492254,128,0,1.0,estimated,0.020545298546049535,0.1341156831477927,7.456249534202653,0.5890605963560425,0.5760407561188811,14,0.0,21.06228463811199,0.682368156432994,83.359375,0.047110263635700284,0.4927230968163306,0.5078125,0.9765625,0.0
2023-05-01,HighBM_LowG,0.005399033018533634,165,0,1.0,estimated,0.0207161025403022,0.010498863488545448,95.24840484791785,0.12396620174947279,0.3211261970352879,10,0.15757575757575756,18.838599918898563,2.433404376370061,60.660606060606064,0.04400210693603241,0.41537213440328585,0.10303030303030303,0.9575757575757575,0.0
2023-05-01,HighBM_HighG,0.012368856137905459,136,0,1.0,estimated,0.001049484595639433,0.03248291349872891,30.785415847600344,0.3146981597347593,0.5855262180629827,12,0.0,19.97334916742164,2.813454569725699,74.45588235294117,0.0738621870510932,0.4785126816357612,0.5147058823529411,0.9705882352941176,0.0
2023-06-01,LowBM_LowG,0.025179278697041504,174,0,0.9999999999999998,estimated,0.022821757240894497,0.019168302277662783,52.16946109856169,0.22185068470523464,0.33362068965517233,8,0.20114942528735633,19.375779747993345,0.6914308934120533,118.52298850574712,-0.027062805497608488,0.4854787606500296,0.028735632183908046,0.9770114942528736,0.0
2023-06-01,LowBM_HighG,-0.010655007981288097,128,0,1.0,estimated,0.00228116320364391,0.14356668790196678,6.965404124129694,0.6044484859164121,0.5760407561188811,14,0.0,21.06211979919216,0.682368156432994,116.359375,0.047110263635700284,0.4927230968163306,0.5078125,0.9765625,0.0
2023-06-01,HighBM_LowG,,165,1,1.0,insufficient_cell_or_missing_return,,0.010453108845242011,95.66531974410412,0.12481498893576501,0.3211261970352879,10,0.15757575757575756,18.853854125465137,2.433404376370061,93.66060606060606,0.04400210693603241,0.41537213440328585,0.10303030303030303,0.9575757575757575,0.0
2023-06-01,HighBM_HighG,0.025723509337028806,136,0,1.0,estimated,2.096443158613987e-06,0.034389507831910526,29.078636568101317,0.3272730235477587,0.585281120023767,11,0.0,19.982115183860316,2.813454569725699,101.5220588235294,0.0738621870510932,0.4785126816357612,0.5147058823529411,0.9705882352941176,0.0
2023-07-01,LowBM_LowG,,190,2,0.9999999999999998,insufficient_cell_or_missing_return,,0.015537699360166647,64.35959255098335,0.18412055583913065,0.3357957393483709,8,0.19473684210526315,19.389140630341757,0.7478968864502247,104.96842105263158,0.008545853334887528,0.46153755331397767,0.042105263157894736,0.9736842105263158,0.0
2023-07-01,LowBM_HighG,,138,1,1.0,insufficient_cell_or_missing_return,,0.14125618645201846,7.079335957718762,0.59293591436331,0.5680889561324344,13,0.0,21.0749737018084,0.7645052581286941,106.05797101449275,0.020426840362654703,0.48819742413024786,0.5434782608695652,0.9710144927536232,0.0
2023-07-01,HighBM_LowG,-0.03972821225249479,182,0,0.9999999999999999,estimated,,0.009595694483622828,104.21340547124764,0.12695694622349624,0.3222468008182294,10,0.15384615384615385,18.823730352380107,2.6480905970553903,105.3021978021978,0.04291847112888188,0.4215649745073214,0.12637362637362637,0.9725274725274725,0.0
2023-07-01,HighBM_HighG,,146,1,0.9999999999999999,insufficient_cell_or_missing_return,,0.04408910583305689,22.681340006905412,0.3889597521350731,0.5917252268279666,14,0.0,20.025695257694032,3.1576279216502785,101.81506849315069,0.05141850600911434,0.46804925520189455,0.541095890410959,0.9794520547945206,0.0
2023-08-01,LowBM_LowG,,190,2,1.0000000000000002,insufficient_cell_or_missing_return,,0.017913197490143674,55.8247627510514,0.21794744779188363,0.3357957393483709,8,0.19473684210526315,19.349192788210264,0.7478968864502247,135.96842105263158,0.008545853334887528,0.46153755331397767,0.042105263157894736,0.9736842105263158,0.0
2023-08-01,LowBM_HighG,-0.03895578414604439,138,0,1.0,estimated,,0.13202883572288984,7.574102994431162,0.5805772428611962,0.5680889561324344,13,0.0,21.06267918994966,0.7645052581286941,137.05797101449275,0.020426840362654703,0.48819742413024786,0.5434782608695652,0.9710144927536232,0.0
2023-08-01,HighBM_LowG,0.02405679185395336,182,0,1.0,estimated,2.006232977793841e-05,0.009877908238685052,101.2360082556426,0.13113906440900197,0.3222468008182294,10,0.15384615384615385,18.77287417588745,2.6480905970553903,136.3021978021978,0.04291847112888188,0.4215649745073214,0.12637362637362637,0.9725274725274725,0.0
2023-08-01,HighBM_HighG,-0.03490158311345811,146,0,1.0,estimated,,0.060796809737816676,16.448231483073734,0.44419551468780616,0.5917252268279666,14,0.0,20.010138777603583,3.1576279216502785,132.81506849315068,0.05141850600911434,0.46804925520189455,0.541095890410959,0.9794520547945206,0.0
2023-09-01,LowBM_LowG,-0.06538241065014497,190,0,1.0,estimated,,0.02117404480156354,47.227632196478474,0.24470504978186988,0.3357957393483709,8,0.19473684210526315,19.358762516402443,0.7478968864502247,166.96842105263158,0.008545853334887528,0.46153755331397767,0.042105263157894736,0.9736842105263158,0.0
2023-09-01,LowBM_HighG,-0.043127872149313,138,0,1.0,estimated,2.7177367704693358e-05,0.13150009036880275,7.604557511674845,0.5813417612786134,0.5680889561324344,13,0.0,21.04875105254513,0.7645052581286941,168.05797101449275,0.020426840362654703,0.48819742413024786,0.5434782608695652,0.9710144927536232,0.0
2023-09-01,HighBM_LowG,-0.03782132140147147,182,0,1.0,estimated,0.009663221337343866,0.01017460936607267,98.28387154935986,0.13608573616431038,0.3222468008182294,10,0.15384615384615385,18.791141947604025,2.6480905970553903,167.3021978021978,0.04291847112888188,0.4215649745073214,0.12637362637362637,0.9725274725274725,0.0
2023-09-01,HighBM_HighG,-0.016818470968156425,146,0,0.9999999999999998,estimated,0.0026544397167535716,0.056297662469284006,17.7627268369375,0.42851122540372694,0.5917252268279666,14,0.0,20.011533498863677,3.1576279216502785,163.81506849315068,0.05141850600911434,0.46804925520189455,0.541095890410959,0.9794520547945206,0.0
2023-10-01,LowBM_LowG,-0.06528790687763993,190,0,1.0,estimated,0.005576149431947717,0.021526296021163006,46.45481038711335,0.24928983001814903,0.3357957393483709,8,0.19473684210526315,19.306653780551287,0.7478968864502247,193.96842105263158,0.008545853334887528,0.46153755331397767,0.042105263157894736,0.9736842105263158,0.0
2023-10-01,LowBM_HighG,-0.07000620459560677,137,0,1.0,estimated,0.010069238861190006,0.14525847517589022,6.884279893404654,0.5906269974321199,0.5678560288049339,13,0.0,20.99069226523106,0.7660250740720836,192.44525547445255,0.01936593593994958,0.49017523618284486,0.5401459854014599,0.9708029197080292,0.0
2023-10-01,HighBM_LowG,-0.030936185654656514,181,0,1.0000000000000002,estimated,0.020350448062568804,0.010469982127502695,95.51114680255147,0.14038808034924116,0.3226459544139102,10,0.15469613259668508,18.748311742747333,2.6481609153985497,192.292817679558,0.043298180673038235,0.42332828310966686,0.1270718232044199,0.9723756906077348,0.0
2023-10-01,HighBM_HighG,-0.09619562658565717,146,0,1.0,estimated,0.0007672915463138456,0.05347124064741285,18.701642002173816,0.4189230381596473,0.5917252268279666,14,0.0,19.988889070115306,3.1576279216502785,190.81506849315068,0.05141850600911434,0.46804925520189455,0.541095890410959,0.9794520547945206,0.0
2023-11-01,LowBM_LowG,,190,1,1.0,insufficient_cell_or_missing_return,,0.021677895052059727,46.129940088670416,0.2513649782658403,0.3353571428571429,8,0.19473684210526315,19.224230537439833,0.751824161322391,226.1,0.007959600269608489,0.4607383553612643,0.042105263157894736,0.9736842105263158,0.0
2023-11-01,LowBM_HighG,0.11547203615824203,137,0,1.0,estimated,0.0008379687521053539,0.15712578191047716,6.364327915133321,0.6064673561461201,0.5678560288049339,13,0.0,20.886148795523077,0.7660250740720836,226.44525547445255,0.01936593593994958,0.49017523618284486,0.5401459854014599,0.9708029197080292,0.0
2023-11-01,HighBM_LowG,0.050969144003671134,180,0,1.0,estimated,0.009542640500604757,0.010643152075123367,93.95712782657094,0.1403190679859665,0.32304954304954303,10,0.15555555555555556,18.713837893925756,2.6549316800115275,226.30555555555554,0.04378199327639259,0.4240810618895951,0.12777777777777777,0.9722222222222222,0.0
2023-11-01,HighBM_HighG,0.10644032696549907,146,0,0.9999999999999998,estimated,0.010135698611017012,0.046849535410403244,21.34492885020037,0.396288886480482,0.5917252268279666,14,0.0,19.93113537218244,3.1576279216502785,224.81506849315068,0.05141850600911434,0.46804925520189455,0.541095890410959,0.9794520547945206,0.0
2023-12-01,LowBM_LowG,0.035281954866033735,190,0,1.0000000000000002,estimated,,0.023340731891421777,42.84355797632557,0.2644038275334529,0.3353571428571429,8,0.19473684210526315,19.296336352762037,0.751824161322391,256.1,0.007959600269608489,0.4607383553612643,0.042105263157894736,0.9736842105263158,0.0
2023-12-01,LowBM_HighG,0.052343026846329264,137,0,1.0,estimated,0.004121848621707769,0.15103009411431054,6.6211969598795815,0.600346666151462,0.5678560288049339,13,0.0,20.98412681620577,0.7660250740720836,256.44525547445255,0.01936593593994958,0.49017523618284486,0.5401459854014599,0.9708029197080292,0.0
2023-12-01,HighBM_LowG,0.020268689140955833,180,0,1.0,estimated,0.00807385746743736,0.010175345206370031,98.27676405258211,0.13230409343628388,0.32304954304954303,10,0.15555555555555556,18.776218937366917,2.6549316800115275,256.30555555555554,0.04378199327639259,0.4240810618895951,0.12777777777777777,0.9722222222222222,0.0
2023-12-01,HighBM_HighG,0.025330221035642773,146,0,1.0,estimated,0.0020095119965169266,0.04940535526157952,20.240720762059944,0.4068547048828216,0.5917252268279666,14,0.0,20.013096945780756,3.1576279216502785,254.81506849315068,0.05141850600911434,0.46804925520189455,0.541095890410959,0.9794520547945206,0.0
2024-01-01,LowBM_LowG,-0.07266530945944198,190,0,0.9999999999999999,estimated,0.009413364308508093,0.026371077830823826,37.92033099349281,0.27810127562363046,0.3353571428571429,8,0.19473684210526315,19.30587750856454,0.751824161322391,284.1,0.007959600269608489,0.4607383553612643,0.042105263157894736,0.9736842105263158,0.0
2024-01-01,LowBM_HighG,,137,1,1.0,insufficient_cell_or_missing_return,,0.15620617630878517,6.401795521985126,0.6025047733348426,0.5678560288049339,13,0.0,21.010731465922838,0.7660250740720836,284.44525547445255,0.01936593593994958,0.49017523618284486,0.5401459854014599,0.9708029197080292,0.0
2024-01-01,HighBM_LowG,-0.020287332870703945,180,0,1.0,estimated,0.0018413934278949597,0.010625901451468526,94.10966256061009,0.13969712830607772,0.32304954304954303,10,0.15555555555555556,18.77859270624878,2.6549316800115275,284.30555555555554,0.04378199327639259,0.4240810618895951,0.12777777777777777,0.9722222222222222,0.0
2024-01-01,HighBM_HighG,-0.032611798599211206,146,0,1.0,estimated,8.846688884044065e-05,0.05054193793609806,19.785549205974945,0.41108907089199076,0.5917252268279666,14,0.0,20.01119098900136,3.1576279216502785,282.8150684931507,0.05141850600911434,0.46804925520189455,0.541095890410959,0.9794520547945206,0.0
2024-02-01,LowBM_LowG,0.05071446118211573,190,0,0.9999999999999999,estimated,0.006115616902064007,0.02287422068985023,43.71733636563719,0.2632186265495511,0.3353571428571429,8,0.19473684210526315,19.27610263572662,0.751824161322391,318.1,0.007959600269608489,0.4607383553612643,0.042105263157894736,0.9736842105263158,0.0
2024-02-01,LowBM_HighG,0.03874596940347495,136,0,1.0,estimated,,0.153920919648751,6.496842679227811,0.6071365410416764,0.5676196760755583,13,0.0,20.959857064142398,0.7636205521560302,318.45588235294116,0.019198399889985233,0.4875625582132334,0.5367647058823529,0.9779411764705882,0.0
2024-02-01,HighBM_LowG,0.043655603650062165,180,0,0.9999999999999999,estimated,0.0007982970142980111,0.010507763068225597,95.1677339417652,0.13636948710109242,0.32304954304954303,10,0.15555555555555556,18.758819047414534,2.6549316800115275,318.30555555555554,0.04378199327639259,0.4240810618895951,0.12777777777777777,0.9722222222222222,0.0
2024-02-01,HighBM_HighG,0.061061051964675414,146,0,1.0,estimated,0.00246264047566464,0.046487754502599773,21.511041148353943,0.39439985220127094,0.5917252268279666,14,0.0,19.996344293507935,3.1576279216502785,316.8150684931507,0.05141850600911434,0.46804925520189455,0.541095890410959,0.9794520547945206,0.0
2024-03-01,LowBM_LowG,0.06441124578277238,190,0,0.9999999999999999,estimated,0.002824778925187817,0.025170509204269713,39.72903336537858,0.2844732438584028,0.3353571428571429,8,0.19473684210526315,19.290600869363697,0.751824161322391,345.1736842105263,0.007959600269608489,0.4607383553612643,0.042105263157894736,0.9736842105263158,0.0
2024-03-01,LowBM_HighG,0.07087483872812252,136,0,1.0,estimated,0.0003468353133472247,0.14824579103018845,6.7455540764483635,0.6076659942656493,0.5676196760755583,13,0.0,20.98476962843681,0.7636205521560302,344.7279411764706,0.019198399889985233,0.4875625582132334,0.5367647058823529,0.9779411764705882,0.0
2024-03-01,HighBM_LowG,,180,1,1.0,insufficient_cell_or_missing_return,,0.010880663614871763,91.90615898033953,0.1416428305741876,0.32304954304954303,10,0.15555555555555556,18.78720023027648,2.6549316800115275,341.2055555555556,0.04378199327639259,0.4240810618895951,0.12777777777777777,0.9722222222222222,0.0
2024-03-01,HighBM_HighG,-0.01673547638483274,146,0,1.0,estimated,0.0008754169896405044,0.047807624109262675,20.917165800051777,0.4109375547578932,0.5917252268279666,14,0.0,20.031171817996505,3.1576279216502785,345.8150684931507,0.05141850600911434,0.46804925520189455,0.541095890410959,0.9794520547945206,0.0
2024-04-01,LowBM_LowG,,176,1,1.0,insufficient_cell_or_missing_return,,0.036814841087704345,27.162958482360157,0.32929283666921433,0.3338437131050767,9,0.16477272727272727,19.22976324671225,0.7549921537154425,31.8125,0.002308246573635914,0.4662425490404159,0.03409090909090909,0.9772727272727273,0.0
2024-04-01,LowBM_HighG,,151,1,1.0,insufficient_cell_or_missing_return,,0.15635901527322246,6.395537847642462,0.6119613580897348,0.573150322819197,17,0.0,20.960634570970885,0.7525197015809886,49.5364238410596,0.02665859988953291,0.47787544098322343,0.5033112582781457,0.9735099337748344,0.0
2024-04-01,HighBM_LowG,0.012443257179877742,182,0,1.0,estimated,,0.010782684002847124,92.7412877661957,0.141021529250896,0.3236656200941915,7,0.14285714285714285,18.76520973306033,2.6500633242008926,31.51098901098901,0.04507173543544764,0.4121197780964116,0.12637362637362637,0.9725274725274725,0.0
2024-04-01,HighBM_HighG,-0.02176680571748124,145,0,1.0,estimated,0.024861712458569607,0.04796774147088653,20.847343846842122,0.4096466165907378,0.5904901229039159,14,0.0,20.018281674195176,3.154214780913701,50.317241379310346,0.048675636530113,0.480178898464421,0.5448275862068965,0.9862068965517241,0.0
2024-05-01,LowBM_LowG,0.0344334757114761,176,0,1.0,estimated,,0.03497226540673152,28.594087010660694,0.3134041783060459,0.3338437131050767,9,0.16477272727272727,19.23818388296596,0.7549921537154425,63.8125,0.002308246573635914,0.4662425490404159,0.03409090909090909,0.9772727272727273,0.0
2024-05-01,LowBM_HighG,-0.02855954304127575,151,0,1.0,estimated,,0.1474405061247517,6.782396685167945,0.6003883827903838,0.5744984779752992,17,0.0,20.976322880636754,0.7525197015809886,48.562913907284766,0.02665859988953291,0.47787544098322343,0.5033112582781457,0.9735099337748344,0.0
2024-05-01,HighBM_LowG,0.007875210210361245,183,0,0.9999999999999999,estimated,0.014448350416593482,0.011449998720460264,87.3362543013282,0.15211055931251102,0.32408274785323965,7,0.14207650273224043,18.75618337975312,2.7003173272004934,53.05464480874317,0.045594450082383976,0.4125483389942748,0.13114754098360656,0.9726775956284153,0.0
2024-05-01,HighBM_HighG,-0.031240721717287333,144,0,0.9999999999999999,estimated,0.002834387286345514,0.04546878697488927,21.993109263114125,0.3931959626119747,0.591573222302389,14,0.0,20.030147209173258,3.093851370551102,54.13194444444444,0.04803556544866021,0.48010690177038673,0.5416666666666666,0.9861111111111112,0.0
2024-06-01,LowBM_LowG,0.025841673989488424,176,0,1.0,estimated,0.0011228413193054728,0.04014873818159649,24.907383028500337,0.32632522047959345,0.3338437131050767,9,0.16477272727272727,19.251126949578964,0.7549921537154425,94.8125,0.002308246573635914,0.4662425490404159,0.03409090909090909,0.9772727272727273,0.0
2024-06-01,LowBM_HighG,0.0765189744467455,151,0,1.0,estimated,0.001368387944957048,0.14269394967675805,7.008005611066772,0.5943772458683446,0.5749636309238959,17,0.0,20.984306358227858,0.7525197015809886,71.20529801324503,0.02665859988953291,0.47787544098322343,0.5033112582781457,0.9735099337748344,0.0
2024-06-01,HighBM_LowG,,183,1,1.0,insufficient_cell_or_missing_return,,0.011815801941804833,84.63242739893562,0.15930934487496126,0.32408274785323965,7,0.14207650273224043,18.76556645017679,2.7003173272004934,79.46994535519126,0.045594450082383976,0.4125483389942748,0.13114754098360656,0.9726775956284153,0.0
2024-06-01,HighBM_HighG,0.031617971846549915,144,0,1.0,estimated,0.009522552527682018,0.04230181224407584,23.63964915333019,0.3760944849790006,0.591573222302389,14,0.0,20.019477212361757,3.093851370551102,85.13194444444444,0.04803556544866021,0.48010690177038673,0.5416666666666666,0.9861111111111112,0.0
2024-07-01,LowBM_LowG,,196,1,0.9999999999999999,insufficient_cell_or_missing_return,,0.032151975963706815,31.102287496382836,0.29900206409254865,0.33351223606325653,10,0.15816326530612246,19.350656023411084,0.776997098956622,100.45918367346938,-0.05498774763464477,0.46871316950930725,0.04081632653061224,0.9438775510204082,0.0
2024-07-01,LowBM_HighG,,169,2,1.0000000000000002,insufficient_cell_or_missing_return,,0.13638251249108854,7.332318357643849,0.5801630693642643,0.5772487702961075,18,0.0,21.082049663876543,0.7682887823501817,98.50295857988165,0.046455582819429,0.47627563599010464,0.4911242603550296,0.9763313609467456,0.0
2024-07-01,HighBM_LowG,-0.016888602609490294,196,0,1.0,estimated,,0.009525729249618278,104.97883928834874,0.12551504518171538,0.3221149173955296,7,0.14795918367346939,18.64465602014689,3.0644822448082647,102.9795918367347,0.017616691325379383,0.40583373862025746,0.12244897959183673,0.9642857142857143,0.0
2024-07-01,HighBM_HighG,-0.020907144895628303,168,0,0.9999999999999999,estimated,0.8240154344092068,0.048710268574107894,20.529552171912133,0.39400221571840904,0.5937592334913763,14,0.0,20.08744441397309,3.1368922494559452,98.29166666666667,0.04610492604519829,0.4875897195126158,0.5595238095238095,0.9761904761904762,0.0
2024-08-01,LowBM_LowG,-0.04560483964203803,195,0,1.0,estimated,,0.026608538125597297,37.58192183575859,0.26476852600170636,0.33522255522255523,9,0.15897435897435896,19.288721189895362,0.7790216486666868,133.45641025641027,-0.05509278202298922,0.46685974975399835,0.041025641025641026,0.9487179487179487,0.0
2024-08-01,LowBM_HighG,-0.043103046275720744,169,0,1.0,estimated,,0.14194401939966383,7.04503088069076,0.5796547906271531,0.5768261160272994,18,0.0,21.03629062907519,0.7742428473541605,131.55621301775147,0.04617078504612894,0.4770882801518457,0.48520710059171596,0.9822485207100592,0.0
2024-08-01,HighBM_LowG,-0.016389281015929822,196,0,0.9999999999999999,estimated,0.00444713745631665,0.009717011575604648,102.91229893258352,0.13287216385293033,0.3221149173955296,7,0.14795918367346939,18.63143570679089,3.0644822448082647,135.9795918367347,0.017616691325379383,0.40583373862025746,0.12244897959183673,0.9642857142857143,0.0
2024-08-01,HighBM_HighG,-0.01947305384113947,167,0,1.0,estimated,0.0035102799918903874,0.04546957817553972,21.992726568507035,0.38999177529992374,0.5943206660272528,14,0.0,20.076219015354145,3.1466071359150765,131.2694610778443,0.04582960221522747,0.48629680145126913,0.562874251497006,0.9760479041916168,0.0
2024-09-01,LowBM_LowG,0.015610430381804541,195,0,1.0,estimated,0.002092144804657676,0.02412200394066932,41.455925571507585,0.23697772261090727,0.33522255522255523,9,0.15897435897435896,19.234746422145438,0.7790216486666868,163.45641025641027,-0.05509278202298922,0.46685974975399835,0.041025641025641026,0.9487179487179487,0.0
2024-09-01,LowBM_HighG,-0.04840592811841101,169,0,1.0,estimated,0.006115344819077971,0.12472866299101079,8.017403345950001,0.5637745789304491,0.5768261160272994,18,0.0,21.016621548691777,0.7742428473541605,161.55621301775147,0.04617078504612894,0.4770882801518457,0.48520710059171596,0.9822485207100592,0.0
2024-09-01,HighBM_LowG,0.0002806062285161798,196,0,1.0,estimated,0.0048945240177827405,0.009950844929870709,100.49397885783283,0.13764155558907895,0.3221149173955296,7,0.14795918367346939,18.60778733196877,3.0644822448082647,165.9795918367347,0.017616691325379383,0.40583373862025746,0.12244897959183673,0.9642857142857143,0.0
2024-09-01,HighBM_HighG,0.005543629106879878,167,0,1.0,estimated,0.003034268722686706,0.04652804504398207,21.49241385608871,0.39251636475793805,0.5943206660272528,14,0.0,20.043788506184864,3.1466071359150765,161.2694610778443,0.04582960221522747,0.48629680145126913,0.562874251497006,0.9760479041916168,0.0
2024-10-01,LowBM_LowG,,195,1,0.9999999999999999,insufficient_cell_or_missing_return,,0.023391491115006536,42.75058802721908,0.2442267956270048,0.33522255522255523,9,0.15897435897435896,19.247704422908054,0.7790216486666868,194.45641025641027,-0.05509278202298922,0.46685974975399835,0.041025641025641026,0.9487179487179487,0.0
2024-10-01,LowBM_HighG,-0.015474688250161933,168,0,1.0,estimated,0.001925092456676346,0.10237232227469778,9.768265267214309,0.5383379033529685,0.5772834143369858,18,0.0,21.01384232249854,0.7698365178099527,192.53571428571428,0.04590083368899454,0.47574054946371663,0.4880952380952381,0.9821428571428571,0.0
2024-10-01,HighBM_LowG,,195,1,0.9999999999999998,insufficient_cell_or_missing_return,,0.010284249966119468,97.23606517679069,0.14091630243895573,0.322057387057387,7,0.14871794871794872,18.59788948938922,3.070729837629389,195.08205128205128,0.017102424340821525,0.40555489051809623,0.12307692307692308,0.9641025641025641,0.0
2024-10-01,HighBM_HighG,-0.04584129661540293,168,0,1.0,estimated,0.0011165196013950983,0.04592538690117989,21.774449111376097,0.3943662393073359,0.5937592334913763,14,0.0,20.03447211497658,3.1368922494559452,192.29166666666666,0.04610492604519829,0.4875897195126158,0.5595238095238095,0.9761904761904762,0.0
2024-11-01,LowBM_LowG,,195,1,1.0,insufficient_cell_or_missing_return,,0.020819592352913214,48.031680114047646,0.21682699894016805,0.33522255522255523,9,0.15897435897435896,19.225451683759935,0.7790216486666868,225.45641025641027,-0.05509278202298922,0.46685974975399835,0.041025641025641026,0.9487179487179487,0.0
2024-11-01,LowBM_HighG,-0.05010301679790732,168,0,1.0,estimated,0.00023443999997670468,0.10045778217531265,9.954430392011467,0.5406145341930021,0.5772834143369858,18,0.0,21.007560910884493,0.7698365178099527,223.53571428571428,0.04590083368899454,0.47574054946371663,0.4880952380952381,0.9821428571428571,0.0
2024-11-01,HighBM_LowG,-0.036781342587194704,194,0,1.0,estimated,,0.010682136208317844,93.6142341286878,0.1468143722776455,0.32242881688757974,7,0.14948453608247422,18.573343304430008,3.0747944641259566,226.05670103092783,0.01705927444718729,0.40687015211749084,0.12371134020618557,0.9690721649484536,0.0
2024-11-01,HighBM_HighG,-0.022278896352177006,168,0,0.9999999999999999,estimated,0.00015386680202873477,0.043358351831594345,23.06360730417157,0.3705973270845316,0.5937592334913763,14,0.0,20.007237232136763,3.1368922494559452,223.29166666666666,0.04610492604519829,0.4875897195126158,0.5595238095238095,0.9761904761904762,0.0
2024-12-01,LowBM_LowG,,195,1,1.0,insufficient_cell_or_missing_return,,0.018892936533089794,52.92983429275606,0.20570086250577796,0.33522255522255523,9,0.15897435897435896,19.150741320505535,0.7790216486666868,254.45641025641027,-0.05509278202298922,0.46685974975399835,0.041025641025641026,0.9487179487179487,0.0
2024-12-01,LowBM_HighG,,168,1,1.0,insufficient_cell_or_missing_return,,0.0939490711496846,10.644064787045606,0.5236441272417888,0.5772834143369858,18,0.0,20.94871766264063,0.7698365178099527,252.53571428571428,0.04590083368899454,0.47574054946371663,0.4880952380952381,0.9821428571428571,0.0
2024-12-01,HighBM_LowG,,194,1,1.0,insufficient_cell_or_missing_return,,0.010837120753109747,92.27543208033802,0.14923783082334535,0.32242881688757974,7,0.14948453608247422,18.533974805051063,3.0747944641259566,255.05670103092783,0.01705927444718729,0.40687015211749084,0.12371134020618557,0.9690721649484536,0.0
2024-12-01,HighBM_HighG,-0.05475098053186664,168,0,1.0,estimated,0.0420313940671823,0.04382009974737541,22.820577902949537,0.358711223463008,0.5937592334913763,14,0.0,19.978415189731155,3.1368922494559452,252.29166666666666,0.04610492604519829,0.4875897195126158,0.5595238095238095,0.9761904761904762,0.0
2025-01-01,LowBM_LowG,0.06445020433938434,194,0,0.9999999999999999,estimated,,0.02012301988304089,49.69433046392662,0.20886711059288482,0.33501751684741377,9,0.15979381443298968,19.144398095382854,0.7762188960355101,285.4639175257732,-0.05499936193243396,0.46840677913153056,0.041237113402061855,0.9536082474226805,0.0
2025-01-01,LowBM_HighG,0.05532247882175866,168,0,1.0,estimated,,0.0936673160801063,10.67608256379182,0.5237213747289371,0.5772834143369858,18,0.0,20.94566508071666,0.7698365178099527,283.5357142857143,0.04590083368899454,0.47574054946371663,0.4880952380952381,0.9821428571428571,0.0
2025-01-01,HighBM_LowG,0.024945404412104216,194,0,0.9999999999999998,estimated,,0.010900046442674647,91.74272836901973,0.15286818062553215,0.32242881688757974,7,0.14948453608247422,18.527464729231617,3.0747944641259566,286.05670103092785,0.01705927444718729,0.40687015211749084,0.12371134020618557,0.9690721649484536,0.0
2025-01-01,HighBM_HighG,0.03312707006526793,168,0,1.0,estimated,0.00432616347498266,0.04364579181845697,22.911716303818302,0.3592121160700751,0.5937592334913763,14,0.0,19.948355199829344,3.1368922494559452,283.2916666666667,0.04610492604519829,0.4875897195126158,0.5595238095238095,0.9761904761904762,0.0
2025-02-01,LowBM_LowG,0.0016580486331719759,194,0,0.9999999999999999,estimated,0.006434587185076965,0.02497308130612402,40.04311633561915,0.22656150408146453,0.33501751684741377,9,0.15979381443298968,19.169634911886213,0.7762188960355101,317.4639175257732,-0.05499936193243396,0.46840677913153056,0.041237113402061855,0.9536082474226805,0.0
2025-02-01,LowBM_HighG,0.016585596265961258,168,0,0.9999999999999999,estimated,0.0010227439114663397,0.08685512819118536,11.513424950554464,0.5149390171502232,0.5772834143369858,18,0.0,20.990754793566197,0.7698365178099527,315.5357142857143,0.04590083368899454,0.47574054946371663,0.4880952380952381,0.9821428571428571,0.0
2025-02-01,HighBM_LowG,0.03082105509840646,194,0,1.0,estimated,0.003243301715885067,0.011051558312496653,90.48497702529792,0.15450167954740382,0.32242881688757974,7,0.14948453608247422,18.554337009277628,3.0747944641259566,318.05670103092785,0.01705927444718729,0.40687015211749084,0.12371134020618557,0.9690721649484536,0.0
2025-02-01,HighBM_HighG,-0.01014095821442396,168,0,0.9999999999999999,estimated,0.000638293581078888,0.042980789843493405,23.266208081361814,0.3594289242803356,0.5937592334913763,14,0.0,19.963501622958113,3.1368922494559452,315.2916666666667,0.04610492604519829,0.4875897195126158,0.5595238095238095,0.9761904761904762,0.0
2025-03-01,LowBM_LowG,-0.10188208300162233,194,0,0.9999999999999999,estimated,0.006642391892944631,0.02125776161939602,47.041641443922266,0.21420832438176934,0.33501751684741377,9,0.15979381443298968,19.181826616788936,0.7762188960355101,339.819587628866,-0.05499936193243396,0.46840677913153056,0.041237113402061855,0.9536082474226805,0.0
2025-03-01,LowBM_HighG,-0.019970674540156615,168,0,1.0,estimated,0.0005236682514519443,0.08804314888666911,11.3580671823451,0.5120898476544884,0.5772834143369858,18,0.0,21.008108164863362,0.7698365178099527,343.5357142857143,0.04590083368899454,0.47574054946371663,0.4880952380952381,0.9821428571428571,0.0
2025-03-01,HighBM_LowG,-0.028653585097803344,194,0,1.0,estimated,0.0047645688750397085,0.011314302324915676,88.38370862672285,0.15763398686461075,0.32242881688757974,7,0.14948453608247422,18.56816041641491,3.0747944641259566,342.4072164948454,0.01705927444718729,0.40687015211749084,0.12371134020618557,0.9690721649484536,0.0
2025-03-01,HighBM_HighG,-0.006938240037554012,168,0,1.0,estimated,0.005177076856099319,0.04080079906685276,24.509323907149074,0.34617510474056884,0.5931639953961382,14,0.0,19.986204845480426,3.1368922494559452,341.25,0.04610492604519829,0.4875897195126158,0.5595238095238095,0.9761904761904762,0.0
2025-04-01,LowBM_LowG,,194,1,1.0,insufficient_cell_or_missing_return,,0.01863474052682521,53.663210311969365,0.21209403325771428,0.3419305351006382,8,0.20618556701030927,19.151999087809823,0.7706578831821292,69.68041237113403,-0.03760616575528684,0.466920000417027,0.030927835051546393,0.9587628865979382,0.0
2025-04-01,LowBM_HighG,0.022928415624258847,169,0,1.0,estimated,0.01905341410585795,0.0980311014532746,10.200844274677854,0.5279269236545545,0.5788611454291928,17,0.0,20.878224703682037,0.7806264952450238,81.47928994082841,0.026694571362736664,0.47879499654600954,0.4970414201183432,0.9763313609467456,0.0
2025-04-01,HighBM_LowG,0.06099464073436961,192,0,1.0,estimated,0.1711707663003283,0.011343472627703244,88.15642553390406,0.15212243947694604,0.3199342757936508,7,0.14583333333333334,18.491634433188207,3.0911385337342083,89.26041666666667,0.014687502755156605,0.40762996390785683,0.11979166666666667,0.96875,0.0
2025-04-01,HighBM_HighG,0.0215003951295431,170,0,1.0,estimated,0.01468637410356421,0.041478342543832425,24.108967202420047,0.35387331780564374,0.5895848106142224,15,0.0,19.972359243995125,3.1196536523880845,96.74705882352941,0.04862560572775499,0.48435077294934337,0.5588235294117647,0.9764705882352941,0.0
2025-05-01,LowBM_LowG,0.028420271261501602,193,0,0.9999999999999999,estimated,,0.018952087174153733,52.76463699279354,0.21172993293929512,0.34098198865038243,8,0.20725388601036268,19.22325991749345,0.7726521738945437,90.07253886010362,-0.03327174397713334,0.46654582264812333,0.031088082901554404,0.9585492227979274,0.0
2025-05-01,LowBM_HighG,,170,1,1.0,insufficient_cell_or_missing_return,,0.08767166418664976,11.406193885758078,0.4975626841445316,0.5789854916325504,17,0.0,20.920740632372972,0.7783037498358538,102.01764705882353,0.021513004768364194,0.4791499454475944,0.49411764705882355,0.9764705882352941,0.0
2025-05-01,HighBM_LowG,0.09124356008401618,192,0,0.9999999999999999,estimated,0.0010712774115441727,0.010912083113872956,91.64153072923914,0.14578890619449614,0.3199342757936508,7,0.14583333333333334,18.56384740297527,3.0911385337342083,109.33854166666667,0.014687502755156605,0.40762996390785683,0.11979166666666667,0.96875,0.0
2025-05-01,HighBM_HighG,0.08500539997389016,170,0,1.0,estimated,0.0024981864088001477,0.03961729045957843,25.241504110946234,0.34808951075149536,0.5891926537514773,15,0.0,20.029164926506848,3.1196536523880845,105.82352941176471,0.04862560572775499,0.48435077294934337,0.5588235294117647,0.9764705882352941,0.0
2025-06-01,LowBM_LowG,0.1080333326699468,193,0,1.0,estimated,0.008446488551682887,0.019341290962698758,51.702856956579616,0.20780922247437222,0.34098198865038243,8,0.20725388601036268,19.22978729563714,0.7726521738945437,120.07253886010362,-0.03327174397713334,0.46654582264812333,0.031088082901554404,0.9585492227979274,0.0
2025-06-01,LowBM_HighG,,169,2,1.0,insufficient_cell_or_missing_return,,0.08483497172968746,11.78759159826603,0.4883813393398253,0.5794528614055241,17,0.0,20.97264532735078,0.7807799178404567,127.36686390532545,0.02185070208964783,0.4807687799311923,0.4970414201183432,0.9822485207100592,0.0
2025-06-01,HighBM_LowG,0.07579804777452147,192,0,1.0,estimated,0.0014684729092948946,0.011662566486141848,85.74442008011351,0.15723934392287858,0.3199342757936508,7,0.14583333333333334,18.62040261809761,3.0911385337342083,132.734375,0.014687502755156605,0.40762996390785683,0.11979166666666667,0.96875,0.0
2025-06-01,HighBM_HighG,0.11986728797503236,170,0,1.0,estimated,0.014434209857937638,0.037352242193682786,26.772154528627613,0.33156234890681313,0.5891926537514773,15,0.0,20.108075267685336,3.1196536523880845,135.8235294117647,0.04862560572775499,0.48435077294934337,0.5588235294117647,0.9764705882352941,0.0
2025-07-01,LowBM_LowG,,175,1,1.0,insufficient_cell_or_missing_return,,0.023708212641378137,42.179476585876905,0.24193119758527204,0.3404217687074829,8,0.2342857142857143,19.31502500943324,0.8559427371661749,106.30857142857143,0.007303943302544977,0.47124349024095,0.045714285714285714,0.9485714285714286,0.0
2025-07-01,LowBM_HighG,0.06938834480256457,147,0,1.0,estimated,,0.08501319868647553,11.762879358156496,0.4782792301366449,0.5813401828707951,18,0.0,21.213294470917827,0.7775330831033331,101.45578231292517,0.020596563345551128,0.4925799403530898,0.5374149659863946,0.9795918367346939,0.0
2025-07-01,HighBM_LowG,0.014048577118863464,167,0,1.0,estimated,0.44452705522014563,0.01442735168210009,69.31279018038305,0.17770023263003643,0.31775734245794124,7,0.1377245508982036,18.66482425808404,3.0625329789700255,102.61077844311377,0.030087328808328633,0.4062870564860816,0.12574850299401197,0.9760479041916168,0.0
2025-07-01,HighBM_HighG,0.04204321884277719,154,0,1.0,estimated,0.6814979193307201,0.05102262606446557,19.59914800811173,0.43362730404904914,0.5798962401235128,13,0.0,20.011841966480585,2.978562348803427,102.22727272727273,0.02754556266855148,0.4904762409938573,0.5324675324675324,0.987012987012987,0.0
2025-08-01,LowBM_LowG,-0.024082115457299186,174,0,1.0,estimated,,0.022228310731678122,44.9876741454255,0.23895102667033288,0.34046250684181717,8,0.23563218390804597,19.334095917604973,0.8531823316659275,137.32183908045977,0.006615469557948335,0.4711052379676163,0.040229885057471264,0.9540229885057471,0.0
2025-08-01,LowBM_HighG,-0.016094736349237367,147,0,1.0,estimated,0.006855307706341735,0.09406968725518504,10.630416972550112,0.4979331804955873,0.5813401828707951,18,0.0,21.23250797668483,0.7775330831033331,132.45578231292518,0.020596563345551128,0.4925799403530898,0.5374149659863946,0.9795918367346939,0.0
2025-08-01,HighBM_LowG,-0.026208188784613267,167,0,0.9999999999999999,estimated,0.0006602307147073857,0.01507041148933237,66.35518882200745,0.18136311585886605,0.31775734245794124,7,0.1377245508982036,18.670904139610826,3.0625329789700255,133.61077844311376,0.030087328808328633,0.4062870564860816,0.12574850299401197,0.9760479041916168,0.0
2025-08-01,HighBM_HighG,-0.02438077796518422,154,0,1.0,estimated,0.003775678025564469,0.05135016262575657,19.474135014684705,0.4413684963424026,0.5798962401235128,13,0.0,20.033116575760936,2.978562348803427,133.22727272727272,0.02754556266855148,0.4904762409938573,0.5324675324675324,0.987012987012987,0.0
2025-09-01,LowBM_LowG,,174,2,0.9999999999999999,insufficient_cell_or_missing_return,,0.021867622035767677,45.7297093558849,0.2337507448764531,0.34046250684181717,8,0.23563218390804597,19.306753183185354,0.8531823316659275,166.32183908045977,0.006615469557948335,0.4711052379676163,0.040229885057471264,0.9540229885057471,0.0
2025-09-01,LowBM_HighG,,147,1,0.9999999999999998,insufficient_cell_or_missing_return,,0.09255932150861572,10.80388213419344,0.4909703305361836,0.5813401828707951,18,0.0,21.21920749311997,0.7775330831033331,161.45578231292518,0.020596563345551128,0.4925799403530898,0.5374149659863946,0.9795918367346939,0.0
2025-09-01,HighBM_LowG,,167,1,1.0,insufficient_cell_or_missing_return,,0.014727456304037295,67.90038818352264,0.18052322992943676,0.31775734245794124,7,0.1377245508982036,18.649050920306568,3.0625329789700255,162.61077844311376,0.030087328808328633,0.4062870564860816,0.12574850299401197,0.9760479041916168,0.0
2025-09-01,HighBM_HighG,0.007043557992543709,154,0,1.0,estimated,0.00032408159685758326,0.05324158302137759,18.782311555208256,0.44965121016082565,0.5798962401235128,13,0.0,20.002561078875264,2.978562348803427,162.22727272727272,0.02754556266855148,0.4904762409938573,0.5324675324675324,0.987012987012987,0.0
2025-10-01,LowBM_LowG,0.11867989884057217,173,0,1.0,estimated,,0.02296530278367691,43.54395016776229,0.23958482944486845,0.34126066611615746,8,0.23699421965317918,19.342020381587293,0.8581150347889874,196.19653179190752,0.0027676784684127,0.4672729910966538,0.04046242774566474,0.9653179190751445,0.0
2025-10-01,LowBM_HighG,0.2426824804004617,147,0,1.0,estimated,,0.10573571575541313,9.4575422585987,0.520723887578903,0.5811458194111254,18,0.0,21.259829836190992,0.7848437774276815,193.47619047619048,0.021591728435710857,0.49595897819318624,0.54421768707483,0.9863945578231292,0.0
2025-10-01,HighBM_LowG,-0.022485087504125752,166,0,0.9999999999999999,estimated,,0.015050802153556609,66.44164143528344,0.18775783386286757,0.3176635111876075,7,0.13855421686746988,18.640994464905763,3.071151184463499,194.6144578313253,0.0294052073353393,0.4068551946979269,0.12650602409638553,0.9759036144578314,0.0
2025-10-01,HighBM_HighG,0.12409454098368765,153,0,1.0,estimated,0.13558408107542336,0.05508301074235104,18.15441796886279,0.45380331788684813,0.579951584363349,13,0.0,19.968731195605322,2.9873144993910783,194.2156862745098,0.02711500172193501,0.48824138815605084,0.5294117647058824,0.9869281045751634,0.0
2025-11-01,LowBM_LowG,,173,2,0.9999999999999999,insufficient_cell_or_missing_return,,0.03095040300653893,32.30975699375316,0.2947965446554452,0.34126066611615746,8,0.23699421965317918,19.35859183869908,0.8581150347889874,227.19653179190752,0.0027676784684127,0.4672729910966538,0.04046242774566474,0.9653179190751445,0.0
2025-11-01,LowBM_HighG,-0.05989175174061253,147,0,1.0000000000000002,estimated,0.0017910258922363919,0.12335146480628358,8.1069162945932,0.56774595714497,0.5811458194111254,18,0.0,21.310565861693192,0.7848437774276815,224.47619047619048,0.021591728435710857,0.49595897819318624,0.54421768707483,0.9863945578231292,0.0
2025-11-01,HighBM_LowG,0.03991660028757536,166,0,1.0,estimated,0.00019027444722908985,0.014881667158554017,67.1967723337501,0.18248371297803856,0.3176635111876075,7,0.13855421686746988,18.62466587081892,3.071151184463499,225.6144578313253,0.0294052073353393,0.4068551946979269,0.12650602409638553,0.9759036144578314,0.0
2025-11-01,HighBM_HighG,-0.0026914862779013927,153,0,1.0,estimated,0.00027393480041088756,0.062125888570763226,16.09634925158407,0.47545515548217726,0.579951584363349,13,0.0,19.985685306895984,2.9873144993910783,225.2156862745098,0.02711500172193501,0.48824138815605084,0.5294117647058824,0.9869281045751634,0.0
2025-12-01,LowBM_LowG,-0.011895973771004738,172,0,1.0,estimated,,0.031330365774835514,31.91791654099353,0.3024321022972831,0.3417912513842746,8,0.23837209302325582,19.341060105728268,0.8563056045022006,255.1918604651163,0.0019149971852602677,0.466943698708709,0.040697674418604654,0.9709302325581395,0.0
2025-12-01,LowBM_HighG,,147,1,1.0,insufficient_cell_or_missing_return,,0.12253839144736481,8.160707743821987,0.5602413912348893,0.5811458194111254,18,0.0,21.298394685014085,0.7848437774276815,252.47619047619048,0.021591728435710857,0.49595897819318624,0.54421768707483,0.9863945578231292,0.0
2025-12-01,HighBM_LowG,,166,1,1.0,insufficient_cell_or_missing_return,,0.015908667071658236,62.85881749210339,0.18692031153250432,0.3176635111876075,7,0.13855421686746988,18.640650020862317,3.071151184463499,253.6144578313253,0.0294052073353393,0.4068551946979269,0.12650602409638553,0.9759036144578314,0.0
2025-12-01,HighBM_HighG,0.026062901722500406,153,0,1.0,estimated,0.0032859465933157174,0.05791799116435212,17.265792198529997,0.4582772180044694,0.579951584363349,13,0.0,20.011142750324815,2.9873144993910783,253.2156862745098,0.02711500172193501,0.48824138815605084,0.5294117647058824,0.9869281045751634,0.0
2026-01-01,LowBM_LowG,,172,4,1.0,insufficient_cell_or_missing_return,,0.029994993723142856,33.33889679158168,0.2957217408090793,0.3417912513842746,8,0.23837209302325582,19.340138719065678,0.8563056045022006,287.1918604651163,0.0019149971852602677,0.466943698708709,0.040697674418604654,0.9709302325581395,0.0
2026-01-01,LowBM_HighG,,147,1,1.0,insufficient_cell_or_missing_return,,0.14310247282861732,6.9879994400769165,0.5942782755182088,0.5811458194111254,18,0.0,21.311509813677766,0.7848437774276815,284.4761904761905,0.021591728435710857,0.49595897819318624,0.54421768707483,0.9863945578231292,0.0
2026-01-01,HighBM_LowG,,166,2,1.0,insufficient_cell_or_missing_return,,0.01678534377370095,59.57578310470986,0.1992716026860623,0.3176635111876075,7,0.13855421686746988,18.669372467801963,3.071151184463499,285.6144578313253,0.0294052073353393,0.4068551946979269,0.12650602409638553,0.9759036144578314,0.0
2026-01-01,HighBM_HighG,0.2289631236958511,153,0,1.0,estimated,0.0005081300575434072,0.06257137072132861,15.981749935663972,0.47722515336937266,0.579951584363349,13,0.0,20.01635615298448,2.9873144993910783,285.2156862745098,0.02711500172193501,0.48824138815605084,0.5294117647058824,0.9869281045751634,0.0
2026-02-01,LowBM_LowG,0.12952005946306805,170,0,1.0,estimated,,0.04030768789580794,24.809163020834088,0.34233077762768244,0.34217086834733895,8,0.2411764705882353,19.43293457014461,0.864202820313865,318.28823529411767,0.015174846170664908,0.46495982187597124,0.041176470588235294,0.9882352941176471,0.0
2026-02-01,LowBM_HighG,0.19702813909703706,146,0,1.0,estimated,,0.16122664883662025,6.2024485853660245,0.6291632538533296,0.581016681187914,18,0.0,21.405932817785942,0.7850220482520035,315.67123287671234,0.021330318078147448,0.49545780663583905,0.541095890410959,0.9931506849315068,0.0
2026-02-01,HighBM_LowG,,163,3,0.9999999999999999,insufficient_cell_or_missing_return,,0.018860504636423824,53.0208506759028,0.22123030638052474,0.3174773590417762,7,0.1411042944785276,18.66587109090183,3.0876589181657543,316.680981595092,0.03060499083873996,0.40495087483174347,0.12883435582822086,0.9877300613496932,0.0
2026-02-01,HighBM_HighG,0.21999281741847404,153,0,1.0,estimated,0.0003657418555869282,0.08255850575754368,12.112622325515215,0.5240039764403215,0.579951584363349,13,0.0,20.081312367881686,2.9873144993910783,316.2156862745098,0.02711500172193501,0.48824138815605084,0.5294117647058824,0.9869281045751634,0.0
2026-03-01,LowBM_LowG,,170,1,1.0,insufficient_cell_or_missing_return,,0.057570450205807346,17.3700222323279,0.3844801383865378,0.34217086834733895,8,0.2411764705882353,19.466982059697205,0.864202820313865,339.8588235294118,0.015174846170664908,0.46495982187597124,0.041176470588235294,0.9882352941176471,0.0
2026-03-01,LowBM_HighG,-0.19731907922800923,146,0,0.9999999999999999,estimated,0.007257125889204725,0.18583755567043392,5.381043656070302,0.6583100588241957,0.581016681187914,18,0.0,21.482521319828226,0.7850220482520035,343.67123287671234,0.021330318078147448,0.49545780663583905,0.541095890410959,0.9931506849315068,0.0
2026-03-01,HighBM_LowG,-0.05629926238359707,162,0,1.0,estimated,,0.019539151105325222,51.17929610194063,0.2196001105788742,0.31789388594944146,7,0.1419753086419753,18.74472577732491,3.090019942384324,344.64814814814815,0.030586926137026394,0.40435284350348016,0.12962962962962962,0.9938271604938271,0.0
2026-03-01,HighBM_HighG,-0.2205980633975823,153,0,1.0,estimated,0.003498692810243755,0.0921609548556277,10.850582023227988,0.5342258135613449,0.579951584363349,13,0.0,20.18364420078087,2.9873144993910783,344.2156862745098,0.02711500172193501,0.48824138815605084,0.5294117647058824,0.9869281045751634,0.0
2026-04-01,LowBM_LowG,,164,3,1.0,insufficient_cell_or_missing_return,,0.050656842895956566,19.740669627870158,0.3622116652686521,0.3423305353183401,9,0.21951219512195122,19.380979081011827,0.8596373915298984,45.03048780487805,-0.006554180469731756,0.4626252034670191,0.042682926829268296,0.9878048780487805,0.0
2026-04-01,LowBM_HighG,,152,6,1.0,insufficient_cell_or_missing_return,,0.17150637654897427,5.83068699906004,0.6348432031476992,0.5819206410634429,15,0.0,21.27237944577726,0.7849371979395652,55.78947368421053,0.04886830267443063,0.5004448088567112,0.5197368421052632,0.9868421052631579,0.0
2026-04-01,HighBM_LowG,,166,2,1.0,insufficient_cell_or_missing_return,,0.021407874489596176,46.71178357692545,0.25880559102890616,0.32309954102122773,8,0.13253012048192772,18.683948199400884,3.0399436520356757,47.66867469879518,0.027421631792533985,0.40619758981094234,0.13253012048192772,0.9939759036144579,0.0
2026-04-01,HighBM_HighG,0.2243167290058975,150,0,1.0,estimated,0.01652255389321172,0.07735827051300702,12.926866039900155,0.5074141444465172,0.586589466089466,13,0.0,20.067899424012886,3.031011802875706,42.193333333333335,0.030908940217181755,0.4869040299356119,0.5333333333333333,0.9866666666666667,0.0
2026-05-01,LowBM_LowG,-0.05759389283888018,164,0,0.9999999999999998,estimated,,0.06592875355417671,15.1678887600727,0.4058807513330625,0.3423305353183401,9,0.21951219512195122,19.483103707515035,0.8627561479295656,63.22560975609756,-0.020049577102663717,0.4670176839851853,0.042682926829268296,0.9939024390243902,0.0
2026-05-01,LowBM_HighG,0.28822154211529954,152,0,1.0,estimated,,0.17917537139195958,5.581124192634851,0.6609544498407444,0.5832364305371271,15,0.0,21.46453195614046,0.7839097305529003,71.0657894736842,0.06301492844315178,0.49600073256554505,0.5197368421052632,0.9868421052631579,0.0
2026-05-01,HighBM_LowG,,165,2,1.0,insufficient_cell_or_missing_return,,0.023654472397757306,42.27530351067186,0.27886835141164007,0.3231385281385281,8,0.13333333333333333,18.777025733847427,3.0484277493438765,73.0969696969697,0.027101498333059856,0.40709386997028957,0.13333333333333333,0.9939393939393939,0.0
2026-05-01,HighBM_HighG,0.15096809268771624,150,0,0.9999999999999999,estimated,0.005591707685592796,0.07574449556401931,13.202279486498119,0.5045479736596918,0.5862496392496391,14,0.0,20.207849500354488,3.031011802875706,62.38,0.030908940217181755,0.4869040299356119,0.5333333333333333,0.9866666666666667,0.0
