bsns_year,asset_group,N,mean_G,median_G,G_unique
2019,lt_2trillion_or_unverified,2,0.303030303030303,0.303030303030303,2
2020,ge_2trillion,171,0.5487080009009834,0.5714285714285714,22
2020,lt_2trillion_or_unverified,575,0.4043921247834291,0.375,24
2021,ge_2trillion,186,0.5470059211994696,0.5714285714285714,23
2021,lt_2trillion_or_unverified,575,0.4031155366372758,0.375,26
2022,ge_2trillion,199,0.5538989625673042,0.5714285714285714,22
2022,lt_2trillion_or_unverified,560,0.39826446866625437,0.375,23
2023,ge_2trillion,214,0.5601989132362963,0.5714285714285714,23
2023,lt_2trillion_or_unverified,559,0.4024611047866862,0.375,25
2024,ge_2trillion,227,0.5590513744698766,0.5714285714285714,23
2024,lt_2trillion_or_unverified,553,0.40380017310397054,0.4,20
2025,ge_2trillion,221,0.5601253321841557,0.5714285714285714,20
2025,lt_2trillion_or_unverified,498,0.40924431534814243,0.4,23
