date,N,missing_returns,extreme_return_filtered,noncontiguous_observed_returns
1999-12-01,666,666,0,0
2000-01-01,665,4,1,0
2000-02-01,664,16,13,0
2000-03-01,666,18,13,0
2000-04-01,664,4,1,0
2000-05-01,663,6,2,0
2000-06-01,659,5,2,0
2000-07-01,660,7,3,0
2000-08-01,661,28,24,0
2000-09-01,660,9,5,0
2000-10-01,661,8,4,0
2000-11-01,665,13,6,0
2000-12-01,665,8,3,0
2001-01-01,664,21,17,0
2001-02-01,665,11,6,0
2001-03-01,665,7,2,0
2001-04-01,664,8,3,0
2001-05-01,661,7,4,0
2001-06-01,660,6,3,0
2001-07-01,662,9,2,0
2001-08-01,663,6,2,0
2001-09-01,664,5,0,0
2001-10-01,664,6,2,0
2001-11-01,665,6,1,0
2001-12-01,665,7,2,0
2002-01-01,663,17,13,0
2002-02-01,665,8,3,0
2002-03-01,665,7,3,0
2002-04-01,644,6,3,0
2002-05-01,643,7,5,0
2002-06-01,644,5,2,0
2002-07-01,648,6,0,0
2002-08-01,651,6,1,0
2002-09-01,651,2,0,0
2002-10-01,651,5,1,0
2002-11-01,655,10,3,0
2002-12-01,655,3,1,0
2003-01-01,657,6,1,0
2003-02-01,658,6,3,0
2003-03-01,657,2,0,0
2003-04-01,654,3,1,0
2003-05-01,652,2,0,0
2003-06-01,652,3,1,0
2003-07-01,654,7,2,0
2003-08-01,655,7,3,0
2003-09-01,655,4,0,0
2003-10-01,651,6,3,0
2003-11-01,650,5,2,0
2003-12-01,650,6,3,0
2004-01-01,650,10,7,0
2004-02-01,651,4,0,0
2004-03-01,649,5,3,0
2004-04-01,645,6,4,0
2004-05-01,642,7,4,0
2004-06-01,641,4,2,0
2004-07-01,640,7,3,0
2004-08-01,643,8,3,0
2004-09-01,643,6,3,0
2004-10-01,640,5,4,0
2004-11-01,640,3,2,0
2004-12-01,642,5,1,0
2005-01-01,641,8,7,0
2005-02-01,642,6,3,0
2005-03-01,641,4,3,0
2005-04-01,632,3,2,0
2005-05-01,631,2,1,0
2005-06-01,632,7,5,0
2005-07-01,635,10,5,0
2005-08-01,635,3,0,0
2005-09-01,635,4,3,0
2005-10-01,638,6,2,0
2005-11-01,639,5,3,0
2005-12-01,641,5,1,0
2006-01-01,641,1,0,0
2006-02-01,642,3,1,0
2006-03-01,643,2,0,0
2006-04-01,643,2,1,0
2006-05-01,643,2,1,0
2006-06-01,646,5,1,0
2006-07-01,647,4,0,0
2006-08-01,647,2,1,0
2006-09-01,648,3,1,0
2006-10-01,651,4,0,0
2006-11-01,651,5,2,0
2006-12-01,654,5,1,0
2007-01-01,655,3,1,0
2007-02-01,655,4,3,0
2007-03-01,655,1,0,0
2007-04-01,651,5,4,0
2007-05-01,651,12,10,0
2007-06-01,650,3,2,0
2007-07-01,652,5,2,0
2007-08-01,653,5,3,0
2007-09-01,654,5,2,0
2007-10-01,658,8,2,0
2007-11-01,661,6,1,0
2007-12-01,662,5,2,0
2008-01-01,663,3,0,0
2008-02-01,665,6,2,0
2008-03-01,666,3,0,0
2008-04-01,666,3,0,0
2008-05-01,666,6,4,0
2008-06-01,670,10,4,0
2008-07-01,675,7,0,0
2008-08-01,676,4,0,0
2008-09-01,679,5,0,0
2008-10-01,679,2,0,0
2008-11-01,680,4,1,0
2008-12-01,681,5,2,0
2009-01-01,681,3,1,0
2009-02-01,680,9,7,0
2009-03-01,684,7,1,0
2009-04-01,680,9,6,0
2009-05-01,676,7,3,0
2009-06-01,678,6,2,1
2009-07-01,677,4,1,0
2009-08-01,676,3,1,0
2009-09-01,678,5,1,0
2009-10-01,679,4,1,0
2009-11-01,681,5,1,0
2009-12-01,685,6,0,0
2010-01-01,686,6,0,0
2010-02-01,688,4,0,0
2010-03-01,689,7,3,0
2010-04-01,684,3,1,0
2010-05-01,682,6,0,0
2010-06-01,686,8,2,0
2010-07-01,686,8,2,0
2010-08-01,687,5,2,0
2010-09-01,690,5,0,0
2010-10-01,690,2,0,0
2010-11-01,691,4,1,0
2010-12-01,695,10,4,0
2011-01-01,698,5,0,0
2011-02-01,700,5,0,0
2011-03-01,700,3,0,0
2011-04-01,698,3,0,0
2011-05-01,694,2,0,0
2011-06-01,701,11,2,0
2011-07-01,702,5,1,0
2011-08-01,702,5,3,0
2011-09-01,701,2,0,0
2011-10-01,702,3,0,0
2011-11-01,702,4,2,0
2011-12-01,705,9,4,0
2012-01-01,704,4,2,0
2012-02-01,705,8,5,0
2012-03-01,705,3,1,0
2012-04-01,707,7,2,0
2012-05-01,706,4,2,0
2012-06-01,704,3,0,0
2012-07-01,706,4,0,0
2012-08-01,706,4,2,0
2012-09-01,705,4,1,0
2012-10-01,708,6,1,0
2012-11-01,708,6,2,0
2012-12-01,706,2,0,0
2013-01-01,701,5,3,0
2013-02-01,701,3,1,0
2013-03-01,700,3,1,0
2013-04-01,699,3,0,0
2013-05-01,699,7,4,0
2013-06-01,698,2,0,0
2013-07-01,698,5,3,0
2013-08-01,699,3,0,0
2013-09-01,699,3,0,0
2013-10-01,699,3,0,0
2013-11-01,701,6,2,0
2013-12-01,702,3,0,0
2014-01-01,702,2,0,0
2014-02-01,702,3,1,0
2014-03-01,702,3,1,0
2014-04-01,698,3,1,0
2014-05-01,698,3,1,0
2014-06-01,698,1,0,0
2014-07-01,698,2,0,0
2014-08-01,709,13,7,1
2014-09-01,713,4,3,1
2014-10-01,714,3,1,0
2014-11-01,715,6,4,0
2014-12-01,716,3,0,0
2015-01-01,716,8,5,0
2015-02-01,715,1,0,0
2015-03-01,717,7,4,0
2015-04-01,721,12,9,0
2015-05-01,723,5,4,0
2015-06-01,725,7,5,0
2015-07-01,726,6,4,0
2015-08-01,726,2,1,0
2015-09-01,727,7,5,0
2015-10-01,729,5,3,0
2015-11-01,731,3,0,0
2015-12-01,733,4,2,0
2016-01-01,732,2,2,0
2016-02-01,733,2,1,0
2016-03-01,733,5,4,0
2016-04-01,732,4,4,0
2016-05-01,732,3,1,0
2016-06-01,734,6,4,0
2016-07-01,735,1,0,0
2016-08-01,736,3,1,0
2016-09-01,737,2,1,0
2016-10-01,739,2,0,0
2016-11-01,739,3,1,0
2016-12-01,740,1,0,0
2017-01-01,737,1,1,0
2017-02-01,738,1,0,0
2017-03-01,737,3,2,0
2017-04-01,735,2,1,0
2017-05-01,741,6,0,0
2017-06-01,741,2,2,0
2017-07-01,742,3,1,0
2017-08-01,740,1,1,0
2017-09-01,739,2,2,0
2017-10-01,741,2,0,0
2017-11-01,743,6,4,0
2017-12-01,747,5,1,0
2018-01-01,749,10,8,0
2018-02-01,749,1,1,0
2018-03-01,749,7,6,0
2018-04-01,749,5,5,0
2018-05-01,748,4,4,0
2018-06-01,750,3,2,1
2018-07-01,755,7,2,0
2018-08-01,757,2,0,0
2018-09-01,758,1,0,0
2018-10-01,759,2,0,0
2018-11-01,760,1,0,0
2018-12-01,759,1,0,0
2019-01-01,759,2,2,0
2019-02-01,759,0,0,0
2019-03-01,761,3,1,0
2019-04-01,761,2,2,0
2019-05-01,760,2,2,0
2019-06-01,759,3,3,0
2019-07-01,759,3,3,0
2019-08-01,759,1,1,0
2019-09-01,759,1,1,0
2019-10-01,761,4,2,0
2019-11-01,765,4,0,0
2019-12-01,765,0,0,0
2020-01-01,766,3,2,0
2020-02-01,766,1,1,0
2020-03-01,765,4,4,0
2020-04-01,765,2,1,0
2020-05-01,766,5,4,0
2020-06-01,765,3,2,0
2020-07-01,764,6,5,0
2020-08-01,764,4,4,0
2020-09-01,765,1,0,0
2020-10-01,766,3,2,0
2020-11-01,767,4,3,0
2020-12-01,767,5,4,0
2021-01-01,768,5,4,0
2021-02-01,770,5,3,0
2021-03-01,772,6,4,0
2021-04-01,771,2,2,0
2021-05-01,775,6,2,0
2021-06-01,776,3,3,0
2021-07-01,777,2,1,0
2021-08-01,782,5,0,0
2021-09-01,784,7,5,0
2021-10-01,785,1,0,0
2021-11-01,786,2,0,0
2021-12-01,786,0,0,0
2022-01-01,785,1,0,0
2022-02-01,784,1,1,0
2022-03-01,783,0,0,0
2022-04-01,783,1,1,0
2022-05-01,783,1,1,0
2022-06-01,783,0,0,0
2022-07-01,782,1,1,0
2022-08-01,784,3,1,0
2022-09-01,784,0,0,0
2022-10-01,784,2,2,0
2022-11-01,785,5,4,0
2022-12-01,786,1,0,0
2023-01-01,787,2,1,0
2023-02-01,787,0,0,0
2023-03-01,788,3,2,0
2023-04-01,787,3,2,0
2023-05-01,789,3,1,0
2023-06-01,791,5,3,0
2023-07-01,792,7,6,0
2023-08-01,793,4,3,0
2023-09-01,794,1,0,0
2023-10-01,795,1,0,0
2023-11-01,796,4,2,0
2023-12-01,797,2,1,0
2024-01-01,795,0,0,0
2024-02-01,796,1,0,0
2024-03-01,796,2,1,0
2024-04-01,796,2,2,0
2024-05-01,796,1,0,0
2024-06-01,797,3,3,0
2024-07-01,798,5,2,0
2024-08-01,799,1,0,0
2024-09-01,800,2,1,0
2024-10-01,799,1,1,0
2024-11-01,800,4,3,0
2024-12-01,801,5,3,0
2025-01-01,801,1,1,0
2025-02-01,801,1,0,0
2025-03-01,802,1,0,0
2025-04-01,802,1,1,0
2025-05-01,802,1,0,0
2025-06-01,802,2,2,0
2025-07-01,801,0,0,0
2025-08-01,802,2,1,0
2025-09-01,799,2,2,0
2025-10-01,799,2,1,0
2025-11-01,799,3,1,0
2025-12-01,800,5,4,0
2026-01-01,794,1,1,0
2026-02-01,793,3,3,0
2026-03-01,793,2,1,0
2026-04-01,791,12,12,0
2026-05-01,775,1,1,0
