spec_id,pre_registered,weighting,governance_cut,exclude_top5,period,spread_mean_pct,n_stocks,oos_flag,notes,status,not_estimated_reason,n_months,p_hac,t_hac,covariate_g_slope_pct,alpha_pct,ci_low,ci_high
equal_weight,True,EW,0.5,False,,-0.4453638472290065,601.0,False,exploratory; all specifications reported; reported corp_cls not independently historical exchange validated,not_estimated,insufficient_common_months,3,,,,,,
g_cut_30,True,VW,0.3,False,,0.2469490227868072,601.0,False,exploratory; all specifications reported; reported corp_cls not independently historical exchange validated,not_estimated,insufficient_common_months,3,,,,,,
g_cut_70,True,VW,0.7,False,,0.314487114746155,601.0,False,exploratory; all specifications reported; reported corp_cls not independently historical exchange validated,not_estimated,insufficient_common_months,3,,,,,,
exclude_top5,True,VW,0.5,True,,-0.7546561652475925,596.0,False,exploratory; all specifications reported; reported corp_cls not independently historical exchange validated,not_estimated,insufficient_common_months,3,,,,,,
legacy_FF3,True,VW,0.5,False,,-0.7203396988825095,601.0,False,exploratory; all specifications reported; reported corp_cls not independently historical exchange validated,not_estimated,insufficient_common_months,3,,,,,,
hac6,True,VW,0.5,False,,-0.7203396988825095,601.0,False,exploratory; all specifications reported; reported corp_cls not independently historical exchange validated,not_estimated,insufficient_common_months,3,,,,,,
stale_365_days,True,VW,0.5,False,,-0.7203396988825095,601.0,False,exploratory; all specifications reported; reported corp_cls not independently historical exchange validated,not_estimated,insufficient_common_months,3,,,,,,
kospi_only,True,VW,0.5,False,,-0.8720649881731373,583.0,False,exploratory; all specifications reported; reported corp_cls not independently historical exchange validated,not_estimated,insufficient_common_months,3,,,,,,
kosdaq_only,True,VW,0.5,False,,,,False,exploratory; all specifications reported; reported corp_cls not independently historical exchange validated,not_estimated,insufficient_common_months,0,,,,,,
pre2024,True,VW,0.5,False,"('2016-01-01', '2023-12-01')",-0.7203396988825095,601.0,False,exploratory; all specifications reported; reported corp_cls not independently historical exchange validated,not_estimated,insufficient_common_months,3,,,,,,
post2024,True,VW,0.5,False,"('2024-01-01', '2026-05-01')",,,False,exploratory; all specifications reported; reported corp_cls not independently historical exchange validated,not_estimated,insufficient_common_months,0,,,,,,
IS,True,VW,0.5,False,"('2016-01-01', '2021-12-01')",,,False,exploratory; all specifications reported; reported corp_cls not independently historical exchange validated,not_estimated,insufficient_common_months,0,,,,,,
OOS,True,VW,0.5,False,"('2022-01-01', '2026-05-01')",-0.7203396988825095,601.0,True,exploratory; all specifications reported; reported corp_cls not independently historical exchange validated,not_estimated,insufficient_common_months,3,,,,,,
quarterly_rebalance,True,VW,0.5,False,,-1.1581102659295428,601.0,False,exploratory; all specifications reported; reported corp_cls not independently historical exchange validated,not_estimated,insufficient_common_months,2,,,,,,
annual_rebalance,True,VW,0.5,False,,,,False,exploratory; all specifications reported; reported corp_cls not independently historical exchange validated,not_estimated,insufficient_common_months,0,,,,,,
size_stratified_2_groups,True,,,,,0.726419314226395,,False,equal combination of within-size BMxG spreads; whole available formation universe size median,not_estimated,insufficient_common_months,3,,,,,,
cost_10bp,True,VW,0.5,False,,-1.1678658787344307,,False,assumed one-way cost per traded amount; short borrow/financing unverified,not_estimated,insufficient_common_months,2,,,,,,
cost_30bp,True,VW,0.5,False,,-1.1708996224200308,,False,assumed one-way cost per traded amount; short borrow/financing unverified,not_estimated,insufficient_common_months,2,,,,,,
roe_control_if_verified,True,,,,,,,False,"monthly cross-sectional G coefficient controlling logME, BM, ROE and leverage; differs from portfolio alpha",not_estimated,insufficient_contiguous_monthly_verified_ROE_control_sample,3,,,,,,
quarterly_G_if_data_budget_allows,True,,,,,,,False,,not_estimated,not_yet_run_or_insufficient_verified_source,0,,,,,,
industry_control,False,,,,,,,False,,not_estimated,not_yet_run_or_insufficient_verified_source,0,,,,,,
