date,population_N,G_PIT_N,financial_PIT_N,joint_N,missing_return_N,code_matched_N,summary_responded_company_N,summary_response_timing,four_cell_formed_N,all_cells_valid,insufficient_cell_N
2016-01-01,733,0,0,0,3,725,691,ever_responded; PIT_N_is_the_time_valid_count,0,False,4
2016-02-01,732,0,0,0,1,724,691,ever_responded; PIT_N_is_the_time_valid_count,0,False,4
2016-03-01,733,0,0,0,5,725,692,ever_responded; PIT_N_is_the_time_valid_count,0,False,4
2016-04-01,733,0,0,0,5,725,693,ever_responded; PIT_N_is_the_time_valid_count,0,False,4
2016-05-01,732,0,0,0,3,724,693,ever_responded; PIT_N_is_the_time_valid_count,0,False,4
2016-06-01,732,0,0,0,4,724,695,ever_responded; PIT_N_is_the_time_valid_count,0,False,4
2016-07-01,734,0,0,0,0,726,697,ever_responded; PIT_N_is_the_time_valid_count,0,False,4
2016-08-01,735,0,0,0,2,727,698,ever_responded; PIT_N_is_the_time_valid_count,0,False,4
2016-09-01,736,0,0,0,1,728,700,ever_responded; PIT_N_is_the_time_valid_count,0,False,4
2016-10-01,737,0,0,0,0,729,701,ever_responded; PIT_N_is_the_time_valid_count,0,False,4
2016-11-01,739,0,0,0,3,731,703,ever_responded; PIT_N_is_the_time_valid_count,0,False,4
2016-12-01,739,0,0,0,0,731,705,ever_responded; PIT_N_is_the_time_valid_count,0,False,4
2017-01-01,740,0,0,0,4,732,706,ever_responded; PIT_N_is_the_time_valid_count,0,False,4
2017-02-01,737,0,0,0,0,729,706,ever_responded; PIT_N_is_the_time_valid_count,0,False,4
2017-03-01,738,0,0,0,4,730,707,ever_responded; PIT_N_is_the_time_valid_count,0,False,4
2017-04-01,737,0,0,0,4,729,708,ever_responded; PIT_N_is_the_time_valid_count,0,False,4
2017-05-01,735,0,0,0,0,727,709,ever_responded; PIT_N_is_the_time_valid_count,0,False,4
2017-06-01,741,0,0,0,2,733,715,ever_responded; PIT_N_is_the_time_valid_count,0,False,4
2017-07-01,741,0,0,0,2,733,715,ever_responded; PIT_N_is_the_time_valid_count,0,False,4
2017-08-01,742,0,0,0,3,734,717,ever_responded; PIT_N_is_the_time_valid_count,0,False,4
2017-09-01,740,0,0,0,3,732,717,ever_responded; PIT_N_is_the_time_valid_count,0,False,4
2017-10-01,739,0,0,0,0,731,717,ever_responded; PIT_N_is_the_time_valid_count,0,False,4
2017-11-01,741,0,0,0,4,733,719,ever_responded; PIT_N_is_the_time_valid_count,0,False,4
2017-12-01,743,0,0,0,1,735,721,ever_responded; PIT_N_is_the_time_valid_count,0,False,4
2018-01-01,747,0,0,0,8,739,725,ever_responded; PIT_N_is_the_time_valid_count,0,False,4
2018-02-01,749,0,0,0,1,741,727,ever_responded; PIT_N_is_the_time_valid_count,0,False,4
2018-03-01,749,0,0,0,7,741,727,ever_responded; PIT_N_is_the_time_valid_count,0,False,4
2018-04-01,749,0,0,0,5,741,728,ever_responded; PIT_N_is_the_time_valid_count,0,False,4
2018-05-01,749,0,0,0,5,741,728,ever_responded; PIT_N_is_the_time_valid_count,0,False,4
2018-06-01,748,0,0,0,2,741,728,ever_responded; PIT_N_is_the_time_valid_count,0,False,4
2018-07-01,750,0,0,0,2,743,730,ever_responded; PIT_N_is_the_time_valid_count,0,False,4
2018-08-01,755,0,0,0,0,748,735,ever_responded; PIT_N_is_the_time_valid_count,0,False,4
2018-09-01,757,0,0,0,0,750,737,ever_responded; PIT_N_is_the_time_valid_count,0,False,4
2018-10-01,758,0,0,0,1,751,738,ever_responded; PIT_N_is_the_time_valid_count,0,False,4
2018-11-01,759,0,0,0,0,752,740,ever_responded; PIT_N_is_the_time_valid_count,0,False,4
2018-12-01,760,0,0,0,2,753,741,ever_responded; PIT_N_is_the_time_valid_count,0,False,4
2019-01-01,759,0,0,0,2,752,742,ever_responded; PIT_N_is_the_time_valid_count,0,False,4
2019-02-01,759,0,0,0,0,752,742,ever_responded; PIT_N_is_the_time_valid_count,0,False,4
2019-03-01,759,0,0,0,1,752,742,ever_responded; PIT_N_is_the_time_valid_count,0,False,4
2019-04-01,761,0,0,0,2,754,744,ever_responded; PIT_N_is_the_time_valid_count,0,False,4
2019-05-01,761,0,0,0,3,754,744,ever_responded; PIT_N_is_the_time_valid_count,0,False,4
2019-06-01,760,0,0,0,4,753,744,ever_responded; PIT_N_is_the_time_valid_count,0,False,4
2019-07-01,759,0,0,0,3,752,744,ever_responded; PIT_N_is_the_time_valid_count,0,False,4
2019-08-01,759,0,0,0,1,752,744,ever_responded; PIT_N_is_the_time_valid_count,0,False,4
2019-09-01,759,0,0,0,1,752,744,ever_responded; PIT_N_is_the_time_valid_count,0,False,4
2019-10-01,759,0,0,0,2,752,744,ever_responded; PIT_N_is_the_time_valid_count,0,False,4
2019-11-01,761,0,0,0,0,754,746,ever_responded; PIT_N_is_the_time_valid_count,0,False,4
2019-12-01,765,0,0,0,0,758,750,ever_responded; PIT_N_is_the_time_valid_count,0,False,4
2020-01-01,765,0,0,0,2,758,750,ever_responded; PIT_N_is_the_time_valid_count,0,False,4
2020-02-01,766,0,0,0,1,759,751,ever_responded; PIT_N_is_the_time_valid_count,0,False,4
2020-03-01,766,0,0,0,5,759,751,ever_responded; PIT_N_is_the_time_valid_count,0,False,4
2020-04-01,765,0,0,0,2,758,751,ever_responded; PIT_N_is_the_time_valid_count,0,False,4
2020-05-01,765,0,0,0,4,758,752,ever_responded; PIT_N_is_the_time_valid_count,0,False,4
2020-06-01,766,0,0,0,4,759,753,ever_responded; PIT_N_is_the_time_valid_count,0,False,4
2020-07-01,765,0,0,0,7,758,754,ever_responded; PIT_N_is_the_time_valid_count,0,False,4
2020-08-01,764,0,0,0,4,757,755,ever_responded; PIT_N_is_the_time_valid_count,0,False,4
2020-09-01,764,0,0,0,0,757,755,ever_responded; PIT_N_is_the_time_valid_count,0,False,4
2020-10-01,765,3,0,0,2,758,756,ever_responded; PIT_N_is_the_time_valid_count,0,False,4
2020-11-01,766,3,0,0,3,759,757,ever_responded; PIT_N_is_the_time_valid_count,0,False,4
2020-12-01,767,3,0,0,5,760,758,ever_responded; PIT_N_is_the_time_valid_count,0,False,4
2021-01-01,767,5,0,0,4,760,759,ever_responded; PIT_N_is_the_time_valid_count,0,False,4
2021-02-01,768,5,0,0,3,761,760,ever_responded; PIT_N_is_the_time_valid_count,0,False,4
2021-03-01,770,10,0,0,4,763,762,ever_responded; PIT_N_is_the_time_valid_count,0,False,4
2021-04-01,772,621,0,0,3,765,764,ever_responded; PIT_N_is_the_time_valid_count,0,False,4
2021-05-01,771,672,0,0,2,764,763,ever_responded; PIT_N_is_the_time_valid_count,0,False,4
2021-06-01,775,683,0,0,2,768,767,ever_responded; PIT_N_is_the_time_valid_count,0,False,4
2021-07-01,776,690,669,665,1,769,768,ever_responded; PIT_N_is_the_time_valid_count,665,True,0
2021-08-01,777,697,669,665,0,770,769,ever_responded; PIT_N_is_the_time_valid_count,665,True,0
2021-09-01,782,708,669,665,5,775,774,ever_responded; PIT_N_is_the_time_valid_count,665,False,0
2021-10-01,784,713,669,665,0,777,776,ever_responded; PIT_N_is_the_time_valid_count,665,True,0
2021-11-01,785,714,669,665,1,778,777,ever_responded; PIT_N_is_the_time_valid_count,665,False,0
2021-12-01,786,718,668,664,0,779,778,ever_responded; PIT_N_is_the_time_valid_count,664,True,0
2022-01-01,786,719,668,664,2,779,778,ever_responded; PIT_N_is_the_time_valid_count,664,False,0
2022-02-01,785,717,666,662,2,778,777,ever_responded; PIT_N_is_the_time_valid_count,662,False,0
2022-03-01,784,719,665,661,1,777,776,ever_responded; PIT_N_is_the_time_valid_count,661,False,0
2022-04-01,783,743,664,662,1,776,775,ever_responded; PIT_N_is_the_time_valid_count,662,False,0
2022-05-01,783,747,664,663,1,776,775,ever_responded; PIT_N_is_the_time_valid_count,663,True,0
2022-06-01,783,749,664,663,0,776,775,ever_responded; PIT_N_is_the_time_valid_count,663,True,0
2022-07-01,783,749,604,602,2,776,775,ever_responded; PIT_N_is_the_time_valid_count,602,False,0
2022-08-01,782,749,603,601,1,775,774,ever_responded; PIT_N_is_the_time_valid_count,601,False,0
2022-09-01,784,751,603,601,0,777,776,ever_responded; PIT_N_is_the_time_valid_count,601,True,0
2022-10-01,784,726,603,601,2,777,776,ever_responded; PIT_N_is_the_time_valid_count,601,False,0
2022-11-01,784,736,603,601,4,777,776,ever_responded; PIT_N_is_the_time_valid_count,601,False,0
2022-12-01,785,736,603,601,0,778,777,ever_responded; PIT_N_is_the_time_valid_count,601,True,0
2023-01-01,786,741,603,601,1,779,778,ever_responded; PIT_N_is_the_time_valid_count,601,True,0
2023-02-01,787,741,603,601,0,780,779,ever_responded; PIT_N_is_the_time_valid_count,601,True,0
2023-03-01,787,740,603,601,2,780,779,ever_responded; PIT_N_is_the_time_valid_count,601,False,0
2023-04-01,788,754,603,603,4,781,780,ever_responded; PIT_N_is_the_time_valid_count,603,False,0
2023-05-01,787,754,603,603,1,781,780,ever_responded; PIT_N_is_the_time_valid_count,603,True,0
2023-06-01,789,754,603,603,3,783,782,ever_responded; PIT_N_is_the_time_valid_count,603,False,0
2023-07-01,791,754,657,656,6,785,784,ever_responded; PIT_N_is_the_time_valid_count,656,False,0
2023-08-01,792,756,657,656,3,786,785,ever_responded; PIT_N_is_the_time_valid_count,656,False,0
2023-09-01,793,755,657,656,0,787,786,ever_responded; PIT_N_is_the_time_valid_count,656,True,0
2023-10-01,794,737,657,654,0,788,787,ever_responded; PIT_N_is_the_time_valid_count,654,True,0
2023-11-01,795,735,657,653,3,789,788,ever_responded; PIT_N_is_the_time_valid_count,653,False,0
2023-12-01,796,734,657,653,1,790,789,ever_responded; PIT_N_is_the_time_valid_count,653,True,0
2024-01-01,797,735,657,653,2,791,790,ever_responded; PIT_N_is_the_time_valid_count,653,False,0
2024-02-01,795,734,656,652,0,789,788,ever_responded; PIT_N_is_the_time_valid_count,652,True,0
2024-03-01,796,734,656,652,2,790,789,ever_responded; PIT_N_is_the_time_valid_count,652,False,0
2024-04-01,796,762,655,654,2,790,789,ever_responded; PIT_N_is_the_time_valid_count,654,False,0
2024-05-01,796,766,655,654,1,790,789,ever_responded; PIT_N_is_the_time_valid_count,654,True,0
2024-06-01,796,766,655,654,2,790,789,ever_responded; PIT_N_is_the_time_valid_count,654,False,0
2024-07-01,797,766,733,729,4,791,790,ever_responded; PIT_N_is_the_time_valid_count,729,False,0
2024-08-01,798,764,731,727,0,792,791,ever_responded; PIT_N_is_the_time_valid_count,727,True,0
2024-09-01,799,764,731,727,1,793,792,ever_responded; PIT_N_is_the_time_valid_count,727,True,0
2024-10-01,800,754,731,726,2,794,793,ever_responded; PIT_N_is_the_time_valid_count,726,False,0
2024-11-01,799,753,730,725,3,793,792,ever_responded; PIT_N_is_the_time_valid_count,725,False,0
2024-12-01,800,754,730,725,4,794,793,ever_responded; PIT_N_is_the_time_valid_count,725,False,0
2025-01-01,801,753,729,724,1,795,794,ever_responded; PIT_N_is_the_time_valid_count,724,True,0
2025-02-01,801,754,729,724,1,795,794,ever_responded; PIT_N_is_the_time_valid_count,724,True,0
2025-03-01,801,755,729,724,0,795,794,ever_responded; PIT_N_is_the_time_valid_count,724,True,0
2025-04-01,802,771,729,725,1,796,795,ever_responded; PIT_N_is_the_time_valid_count,725,False,0
2025-05-01,802,770,729,725,1,796,795,ever_responded; PIT_N_is_the_time_valid_count,725,False,0
2025-06-01,802,772,728,724,2,796,795,ever_responded; PIT_N_is_the_time_valid_count,724,False,0
2025-07-01,802,773,648,643,1,796,795,ever_responded; PIT_N_is_the_time_valid_count,643,False,0
2025-08-01,801,772,647,642,1,795,794,ever_responded; PIT_N_is_the_time_valid_count,642,True,0
2025-09-01,802,774,647,642,5,796,795,ever_responded; PIT_N_is_the_time_valid_count,642,False,0
2025-10-01,799,764,645,639,2,793,792,ever_responded; PIT_N_is_the_time_valid_count,639,True,0
2025-11-01,799,764,645,639,3,793,792,ever_responded; PIT_N_is_the_time_valid_count,639,False,0
2025-12-01,799,764,644,638,4,793,792,ever_responded; PIT_N_is_the_time_valid_count,638,False,0
2026-01-01,800,766,644,638,7,794,793,ever_responded; PIT_N_is_the_time_valid_count,638,False,0
2026-02-01,794,760,638,632,4,788,787,ever_responded; PIT_N_is_the_time_valid_count,632,False,0
2026-03-01,793,760,637,631,2,787,786,ever_responded; PIT_N_is_the_time_valid_count,631,False,0
2026-04-01,793,769,637,632,14,787,786,ever_responded; PIT_N_is_the_time_valid_count,632,False,0
2026-05-01,791,770,636,631,17,786,785,ever_responded; PIT_N_is_the_time_valid_count,631,False,0
