path,before_sha256,after_sha256,unchanged
README.md,60805db759e8f815a3a6a6c9863e7fdc04373eae1796193caab2f1bcd5be9f7a,60805db759e8f815a3a6a6c9863e7fdc04373eae1796193caab2f1bcd5be9f7a,True
korea-market/.gitignore,1671677aa044645ba1565b914a9934da12d4a0ca6b4ef6fbf9db0fdba9da5d46,1671677aa044645ba1565b914a9934da12d4a0ca6b4ef6fbf9db0fdba9da5d46,True
korea-market/README.md,a46d3a7939d2f43acdf01355d18ba951bb863daa6a05fc96b1f151ce05332e2a,a46d3a7939d2f43acdf01355d18ba951bb863daa6a05fc96b1f151ce05332e2a,True
korea-market/__init__.py,8d644197b0e1d956c64fef4fdbe7046b31c8dd255437fed0d09cf4dc9937cf5f,8d644197b0e1d956c64fef4fdbe7046b31c8dd255437fed0d09cf4dc9937cf5f,True
korea-market/build_panel_data.py,1409d8337298c7ebbda44718358d90c65bb8b5bc5801c7da150820b8902fff1e,1409d8337298c7ebbda44718358d90c65bb8b5bc5801c7da150820b8902fff1e,True
korea-market/config.py,7466c976cc22cfef50506005f6afaa058b0c7f70254217063a0bc8e62ffb0242,7466c976cc22cfef50506005f6afaa058b0c7f70254217063a0bc8e62ffb0242,True
korea-market/data/book_equity_monthly.parquet,a5123e505d439306af1eb8b8d118236ae7f12424fe07134a35343e568c6d5474,a5123e505d439306af1eb8b8d118236ae7f12424fe07134a35343e568c6d5474,True
korea-market/data/convert_rf.py,648eb597a6a73560691848bd796245c09759dda48269295fb8ac9413161b48f3,648eb597a6a73560691848bd796245c09759dda48269295fb8ac9413161b48f3,True
korea-market/data/financial_data_long.parquet,173ee2ec2ccfe1a5a3bfa5030dc61945e6519b9758239ad18e6449ea623bee56,173ee2ec2ccfe1a5a3bfa5030dc61945e6519b9758239ad18e6449ea623bee56,True
korea-market/data/market_data_long.parquet,5f84d807d8aee8cb1c566ec87a94bae6734404b6b32298dfc84cd5a1e3b89606,5f84d807d8aee8cb1c566ec87a94bae6734404b6b32298dfc84cd5a1e3b89606,True
korea-market/data/market_excess_return.parquet,43c571529783259c5859a6cef3381ac01ba2de69cbd169f68d4e6fbac5e6cb4c,43c571529783259c5859a6cef3381ac01ba2de69cbd169f68d4e6fbac5e6cb4c,True
korea-market/data/panel_data.parquet,7b7535158649ac6c304a68aedc71a6a301107d75541811aafcdea9380382f584,7b7535158649ac6c304a68aedc71a6a301107d75541811aafcdea9380382f584,True
korea-market/data/stock_returns.parquet,df05bb5c91d00699ee4b1dec0313da7edd0487e5f6fd01bc1ae3d2290ef27d75,df05bb5c91d00699ee4b1dec0313da7edd0487e5f6fd01bc1ae3d2290ef27d75,True
korea-market/output/charts/01_cumulative_returns.png,4779ad12dc8db46252d601af8eeb893b5112e9a2435a7949cf985e5671c68d41,4779ad12dc8db46252d601af8eeb893b5112e9a2435a7949cf985e5671c68d41,True
korea-market/output/charts/02_factor_premium_bar.png,77b521d8f91e0bcd6300bcaf8d13a8cd10bcc7a2418d6c02b6fc38a7398236f5,77b521d8f91e0bcd6300bcaf8d13a8cd10bcc7a2418d6c02b6fc38a7398236f5,True
korea-market/output/charts/03_heatmap_25_portfolios.png,6da60bb11b4e9256875cb1b9d4aec51479505a26f9334db1c11325ad41724eb2,6da60bb11b4e9256875cb1b9d4aec51479505a26f9334db1c11325ad41724eb2,True
korea-market/output/charts/04_factor_correlation_matrix.png,8efc2de478c3d946fee075b0e0cde4e8201a41be9d0d740370dfb2d707db6e2e,8efc2de478c3d946fee075b0e0cde4e8201a41be9d0d740370dfb2d707db6e2e,True
korea-market/output/charts/05_rolling_60m_premiums.png,d6fdb8233392349707177328405031a1f0b97f9dd6d4df7bc1046e93aef8ea02,d6fdb8233392349707177328405031a1f0b97f9dd6d4df7bc1046e93aef8ea02,True
korea-market/output/charts/06_alpha_distribution.png,0bead732d858b115d718402d1312cb60ee1cc5a8d03c662f788542f9d067ef47,0bead732d858b115d718402d1312cb60ee1cc5a8d03c662f788542f9d067ef47,True
korea-market/output/charts/07_beta_distribution.png,dc0a751f20e106d16d924d76fdad4bd2877ff5230d05949afca9389a51aac5b3,dc0a751f20e106d16d924d76fdad4bd2877ff5230d05949afca9389a51aac5b3,True
korea-market/output/charts/08_us_vs_korea_comparison.png,31d87211a3ee2f65f553f4f037ad0e3ef68f5ca70516dec2aa7b2809cc419bd0,31d87211a3ee2f65f553f4f037ad0e3ef68f5ca70516dec2aa7b2809cc419bd0,True
korea-market/output/charts/cumulative_returns.png,1d69a89895c906bf71270ca41b70eec0d3fec9a30eb59f89f88f4412628cdd24,1d69a89895c906bf71270ca41b70eec0d3fec9a30eb59f89f88f4412628cdd24,True
korea-market/output/charts/factor_premium_comparison.png,05449a550cd3eb69a25e8c9de0a3da3a4f2d16eb1cdf124a7340bb9700dd6594,05449a550cd3eb69a25e8c9de0a3da3a4f2d16eb1cdf124a7340bb9700dd6594,True
korea-market/output/charts/heatmap_25.png,115dc992503e61f4fc4d98533817cdef17136316092838cfb22e4ca25967c06a,115dc992503e61f4fc4d98533817cdef17136316092838cfb22e4ca25967c06a,True
korea-market/qa_check.py,57b52ed9ad5058938d84ed7536fcb1d9bb9fce173cd95f0060142b82c108e648,57b52ed9ad5058938d84ed7536fcb1d9bb9fce173cd95f0060142b82c108e648,True
korea-market/requirements.txt,7c6d2fd68dd1ae76fd35725a0cf6f74714457fd49e29c67f8553011b759b86ac,7c6d2fd68dd1ae76fd35725a0cf6f74714457fd49e29c67f8553011b759b86ac,True
korea-market/run.sh,ea93d3cb016034dc79088113a55645f5cbea7e7da73f6cbcd463e84a87858bca,ea93d3cb016034dc79088113a55645f5cbea7e7da73f6cbcd463e84a87858bca,True
korea-market/scripts/__init__.py,e3b0c44298fc1c149afbf4c8996fb92427ae41e4649b934ca495991b7852b855,e3b0c44298fc1c149afbf4c8996fb92427ae41e4649b934ca495991b7852b855,True
korea-market/scripts/build_25_portfolios.py,8c5993bfe7daec7d00ef0b9e1b43b038006cc1f317fcfd6d5b65abe6ef591521,8c5993bfe7daec7d00ef0b9e1b43b038006cc1f317fcfd6d5b65abe6ef591521,True
korea-market/scripts/calc_stock_returns.py,1c1aee57dc1186dc9c30811d1e46be5783bd8d18f2ae94721cc0d1be7e124d03,1c1aee57dc1186dc9c30811d1e46be5783bd8d18f2ae94721cc0d1be7e124d03,True
korea-market/scripts/construct_6_portfolios.py,6c562c75dc849f4eba95483272e93ead169d561f847f485aacf1d6909471d846,6c562c75dc849f4eba95483272e93ead169d561f847f485aacf1d6909471d846,True
korea-market/scripts/convert_excel_to_parquet.py,4e22e3db41f08bd9721544e46fe7fda2d6d31e2a93c22b2414641cfe503a017c,4e22e3db41f08bd9721544e46fe7fda2d6d31e2a93c22b2414641cfe503a017c,True
korea-market/scripts/generate_charts.py,df7b85ef2a7054a4dad3d668961f4b537777e578340533f81789152c1857328e,df7b85ef2a7054a4dad3d668961f4b537777e578340533f81789152c1857328e,True
korea-market/scripts/load_us_data.py,7d14da42daf1a65c88abb62d3e2e9f6c097f22ba395d06b3fdc6b202bbcadced,7d14da42daf1a65c88abb62d3e2e9f6c097f22ba395d06b3fdc6b202bbcadced,True
korea-market/scripts/run_regression_korea.py,6354a81cdc757282b373114f6fca1b2e49fe6f0d33402eb181f391832f1247e0,6354a81cdc757282b373114f6fca1b2e49fe6f0d33402eb181f391832f1247e0,True
korea-market/scripts/verify_parquet.py,3ea0169ec45fa7555aa325b2b709d7a7a98cf6fc91fc1573510637b9e27d2960,3ea0169ec45fa7555aa325b2b709d7a7a98cf6fc91fc1573510637b9e27d2960,True
korea-market/tests/__init__.py,3f93faf94a8e0d2598d7d69dfcf8e050fe92d11ef9ef3ddc2ce791dc090e72ae,3f93faf94a8e0d2598d7d69dfcf8e050fe92d11ef9ef3ddc2ce791dc090e72ae,True
korea-market/tests/test_outputs.py,27127763c1265dd743a1874db31d424e1eb1117afd1ba89cc1e1426e79acfa02,27127763c1265dd743a1874db31d424e1eb1117afd1ba89cc1e1426e79acfa02,True
korea-market/한국 시장 Fama-French 3-Factor 실증 연구보고서.pdf,f998dee717ad3f13f8d318d72cf4e32b393f1ae8026384a46927c3651631aac1,f998dee717ad3f13f8d318d72cf4e32b393f1ae8026384a46927c3651631aac1,True
us-ff1993/.gitignore,a01afb187b52994aba7197c7e8b7a2e604459233d3830d6057675445bd9eb0af,a01afb187b52994aba7197c7e8b7a2e604459233d3830d6057675445bd9eb0af,True
us-ff1993/Fama-French (1993) 재현 발표자료 (HY-FIN 리서치 세션 5조).pdf,20ec19fbb41125c7b630d0f51084ad0fccaf18057b184352fed03686d30f728e,20ec19fbb41125c7b630d0f51084ad0fccaf18057b184352fed03686d30f728e,True
us-ff1993/README.md,b4cbe08fcff820d33fdae5fb19a03923cc2b8fa43d8371f16f183a31a2ca4a8b,b4cbe08fcff820d33fdae5fb19a03923cc2b8fa43d8371f16f183a31a2ca4a8b,True
us-ff1993/TABLE_COVERAGE_AUDIT.md,08d9c50e2050c5254b67168d73be3e6ff8384d1b0fae8370c82e0a1af8bdc522,08d9c50e2050c5254b67168d73be3e6ff8384d1b0fae8370c82e0a1af8bdc522,True
us-ff1993/appendix_output/README.md,809d8af1ac0508ba919d2fb1acf13b05a06ce6acfd7f72d79562e49fc981e22f,809d8af1ac0508ba919d2fb1acf13b05a06ce6acfd7f72d79562e49fc981e22f,True
us-ff1993/appendix_output/bond_portfolios_excess.csv,45e91d40ed6ef25fdb5c6c1e0d292c6ff8c0cbd04fff201f43898e03842d7d66,45e91d40ed6ef25fdb5c6c1e0d292c6ff8c0cbd04fff201f43898e03842d7d66,True
us-ff1993/appendix_output/factors.csv,fd559cf594d4c5e21889a53af4078b344a7515cd77702b4826fba12544a04c9f,fd559cf594d4c5e21889a53af4078b344a7515cd77702b4826fba12544a04c9f,True
us-ff1993/appendix_output/stock_portfolios_excess.csv,cfbca75e54e4451550cb5c988108db6e2173092d2128a307c4d3631b5a8070ab,cfbca75e54e4451550cb5c988108db6e2173092d2128a307c4d3631b5a8070ab,True
us-ff1993/appendix_output/submission_fig1_stock_mean_heatmap.png,d5d45bcd4aefe1eb48e227ba7c4b676b509dac2cfa2ed72b5cf4f14f97411e0f,d5d45bcd4aefe1eb48e227ba7c4b676b509dac2cfa2ed72b5cf4f14f97411e0f,True
us-ff1993/appendix_output/submission_fig2_factor_premiums.png,b904a49cb12a4c28f1fb100287a246a43be34d5b6cef1f77c78ae79cbd208d94,b904a49cb12a4c28f1fb100287a246a43be34d5b6cef1f77c78ae79cbd208d94,True
us-ff1993/appendix_output/submission_fig3_model_r2.png,def32752461f646b351e754d779ee5c1455b68b820d67b82ca70b40403587499,def32752461f646b351e754d779ee5c1455b68b820d67b82ca70b40403587499,True
us-ff1993/appendix_output/submission_fig4_ep_dp_r2.png,a04008e4e1f679516cebe9ef84f102c1aa51b143609c19e03ffad4bc6c925b3a,a04008e4e1f679516cebe9ef84f102c1aa51b143609c19e03ffad4bc6c925b3a,True
us-ff1993/appendix_output/submission_fig5_alpha_tests.png,4739da40ae38c20caf65b8e02305f2dbff0b5c5da5f5bcce174709ddb3ec50eb,4739da40ae38c20caf65b8e02305f2dbff0b5c5da5f5bcce174709ddb3ec50eb,True
us-ff1993/appendix_output/table0_descriptive_stats.csv,4896b62e2bb8db5052dd126010b610fedf5a7da0daa82a31b203a1797e4df28a,4896b62e2bb8db5052dd126010b610fedf5a7da0daa82a31b203a1797e4df28a,True
us-ff1993/appendix_output/table11_ep_dp.csv,cfd93b2935c516a4e5d2e876daadcd93ee5692f3a2885b6e731c779406670205,cfd93b2935c516a4e5d2e876daadcd93ee5692f3a2885b6e731c779406670205,True
us-ff1993/appendix_output/table11_ep_dp_long.csv,cfd93b2935c516a4e5d2e876daadcd93ee5692f3a2885b6e731c779406670205,cfd93b2935c516a4e5d2e876daadcd93ee5692f3a2885b6e731c779406670205,True
us-ff1993/appendix_output/table1_panel1_firm_count_market_cap.csv,e7c0ddc2e9dfd550b23601d268b2325c996f30a54d5e11201a41e8ad12d9107b,e7c0ddc2e9dfd550b23601d268b2325c996f30a54d5e11201a41e8ad12d9107b,True
us-ff1993/appendix_output/table1_panel2_cap_share_firm_count.csv,5d8295b9f895b4c7f17e427ca905b5660b19fea59273138905b67e9903796445,5d8295b9f895b4c7f17e427ca905b5660b19fea59273138905b67e9903796445,True
us-ff1993/appendix_output/table1_panel3_ep_dp_reference.md,56b7f900c4bcd80632a7662854fa7f33d20002b8c949bff7baefefb548b8637d,56b7f900c4bcd80632a7662854fa7f33d20002b8c949bff7baefefb548b8637d,True
us-ff1993/appendix_output/table2_panel1_correlation_matrix.csv,4d36e390621ade0945f964453bdca8ebcaa2b409be98abfaf91b377fbeb40eba,4d36e390621ade0945f964453bdca8ebcaa2b409be98abfaf91b377fbeb40eba,True
us-ff1993/appendix_output/table2_panel1_factor_summary.csv,833d2a62ef55d560aa4540e8c8182efdfab56ca54f9ce66a3bb92578e8f9024d,833d2a62ef55d560aa4540e8c8182efdfab56ca54f9ce66a3bb92578e8f9024d,True
us-ff1993/appendix_output/table2_panel2_stock_mean_std.csv,a5bd18c6e8aa4c9a6183c7b648990e9bed74ca72c2fbf02d234bb8fb60a68fd8,a5bd18c6e8aa4c9a6183c7b648990e9bed74ca72c2fbf02d234bb8fb60a68fd8,True
us-ff1993/appendix_output/table2_panel3_stock_tstats.csv,360120f3e1ca962e435451029e824b04122c3feb0b28fb7093a82ba1f19e3277,360120f3e1ca962e435451029e824b04122c3feb0b28fb7093a82ba1f19e3277,True
us-ff1993/appendix_output/table4_panel1_b_t_b.csv,d51ffe0a9ad7c2a6a078fde960f8fdb1d1bf17ca5614e28f163fda77be4bdadb,d51ffe0a9ad7c2a6a078fde960f8fdb1d1bf17ca5614e28f163fda77be4bdadb,True
us-ff1993/appendix_output/table4_panel2_r2_se.csv,276c45d3660da859634e76a752b48f723fca8a6dc62eb90edd40a1de4fe4750d,276c45d3660da859634e76a752b48f723fca8a6dc62eb90edd40a1de4fe4750d,True
us-ff1993/appendix_output/table5_panel1_s_t_s.csv,c821fc0954903bc5095fbc9fae1d10347abe90b7e2e0c76e1295586f586f2d13,c821fc0954903bc5095fbc9fae1d10347abe90b7e2e0c76e1295586f586f2d13,True
us-ff1993/appendix_output/table5_panel2_h_t_h.csv,a2f697e958358c0ed14d416392cefe68a8ec551a949a5dbf99287ec42b5dca7d,a2f697e958358c0ed14d416392cefe68a8ec551a949a5dbf99287ec42b5dca7d,True
us-ff1993/appendix_output/table5_panel3_r2_se.csv,aa07c6d1de8e002b985ad777f4e142a6c8593fc5ebb63c14c1b71c6cb6f52b57,aa07c6d1de8e002b985ad777f4e142a6c8593fc5ebb63c14c1b71c6cb6f52b57,True
us-ff1993/appendix_output/table6_panel1_b_t_b.csv,c65a22bd539e8e424a8b2f18b4f87104b18b49b3118d01b67943258357d7c02e,c65a22bd539e8e424a8b2f18b4f87104b18b49b3118d01b67943258357d7c02e,True
us-ff1993/appendix_output/table6_panel2_s_t_s.csv,327edd6fa40980812fb1044519d1eb83a12dcb9e07a22961c08b955faf3a8c71,327edd6fa40980812fb1044519d1eb83a12dcb9e07a22961c08b955faf3a8c71,True
us-ff1993/appendix_output/table6_panel3_h_t_h.csv,03b337e0447eb5161585686396d243b0510f1d7a407938d631fdbda82a8ae61e,03b337e0447eb5161585686396d243b0510f1d7a407938d631fdbda82a8ae61e,True
us-ff1993/appendix_output/table6_panel4_r2_se.csv,d619773ce471ca381db85e52e9266acf4aa1db0698ca56a2e835a1af712121d4,d619773ce471ca381db85e52e9266acf4aa1db0698ca56a2e835a1af712121d4,True
us-ff1993/appendix_output/table9a_stock_alphas.csv,79075f37b72beb91012a805d27ee5ef4f7946e5401231a12d383473342c9c1c9,79075f37b72beb91012a805d27ee5ef4f7946e5401231a12d383473342c9c1c9,True
us-ff1993/appendix_output/table9c_joint_tests.csv,8f75dc3b60a6f51f848f3ca86ff662c465d8f1f9df8bc75b04ddba0d44c8232a,8f75dc3b60a6f51f848f3ca86ff662c465d8f1f9df8bc75b04ddba0d44c8232a,True
us-ff1993/build_submission.py,ea22be2ae74f458edfe615be87efaf2c87da1bba67c6310bd35fe431b6f24ff0,ea22be2ae74f458edfe615be87efaf2c87da1bba67c6310bd35fe431b6f24ff0,True
us-ff1993/data_sources.md,9245ac81d722ff4d7d5a215f9b0afff48176641d247668106782d317b25e815f,9245ac81d722ff4d7d5a215f9b0afff48176641d247668106782d317b25e815f,True
us-ff1993/docs/superpowers/plans/2026-05-15-crsp-hybrid-data-substitution.md,59082dac9f9df5bfd6320919f7df4e032a77fa36403e6036fa4e13f31478903a,59082dac9f9df5bfd6320919f7df4e032a77fa36403e6036fa4e13f31478903a,True
us-ff1993/docs/superpowers/specs/2026-05-15-crsp-hybrid-data-substitution-design.md,19b312f968219df1f491071e5b16a910043ea7f1d90adc51015090874acc953f,19b312f968219df1f491071e5b16a910043ea7f1d90adc51015090874acc953f,True
us-ff1993/requirements.txt,6b51da7c8f99bb81575a61a9420f3438cc35ee7a62ae50575dad942f8395c799,6b51da7c8f99bb81575a61a9420f3438cc35ee7a62ae50575dad942f8395c799,True
us-ff1993/src/01_section2_factors.py,9d4ccf726f6ceda828e092124d9456d65a2281c89b70f4b24fe5c89de4dd2cbc,9d4ccf726f6ceda828e092124d9456d65a2281c89b70f4b24fe5c89de4dd2cbc,True
us-ff1993/src/01b_section2_bond_factors.py,652e3874f80987f376ac7f675c79451735426d44ce492adde971f98c252361b4,652e3874f80987f376ac7f675c79451735426d44ce492adde971f98c252361b4,True
us-ff1993/src/02_section2_portfolios.py,a36979d26fefec7b3b6db32ce64f630fc6a838e4e7d543defb595756bcbaa378,a36979d26fefec7b3b6db32ce64f630fc6a838e4e7d543defb595756bcbaa378,True
us-ff1993/src/02b_section2_bond_portfolios.py,7230edda4a5462864ea51170c82dd741e12b451716e59e96a87dcf3ed8b4aa8d,7230edda4a5462864ea51170c82dd741e12b451716e59e96a87dcf3ed8b4aa8d,True
us-ff1993/src/03_section3_statistics.py,fe9b95af4c7a4aedf92bd46ab12be6451d1ace1c7336ca347c39cdee0008bcfa,fe9b95af4c7a4aedf92bd46ab12be6451d1ace1c7336ca347c39cdee0008bcfa,True
us-ff1993/src/04_section4_regressions.py,bff96dfae2293700ab57764069dade7eeb2fb56297399db9a04ff15d2146c2fa,bff96dfae2293700ab57764069dade7eeb2fb56297399db9a04ff15d2146c2fa,True
us-ff1993/src/04b_section4_five_factor.py,9eae09bddf995da24230a3f1d6e05e12d67a224f3171d4cf073cc87711d6c20e,9eae09bddf995da24230a3f1d6e05e12d67a224f3171d4cf073cc87711d6c20e,True
us-ff1993/src/05_section5_grs_test.py,94208103321834dd0d3c4ae1b1c1ec157dbe6fdd0266486a6c452344e6656b35,94208103321834dd0d3c4ae1b1c1ec157dbe6fdd0266486a6c452344e6656b35,True
us-ff1993/src/05b_section5_intercepts.py,9955f5e679db6ee74f94f371974d61154bf9e09d91c8e394fdbc5d970270b5e4,9955f5e679db6ee74f94f371974d61154bf9e09d91c8e394fdbc5d970270b5e4,True
us-ff1993/src/06_section6_conclusions.py,462b0d2c671a68963a982b96c846859c96f0a6d43ea4bfb48c27edb3cca40238,462b0d2c671a68963a982b96c846859c96f0a6d43ea4bfb48c27edb3cca40238,True
us-ff1993/src/06_section6_visualizations.py,868498df5347b1ee759bd6a3f6d181dba34976f228715da9475aa74d2e860e62,868498df5347b1ee759bd6a3f6d181dba34976f228715da9475aa74d2e860e62,True
us-ff1993/src/07_section0_descriptive_stats.py,afc20cd2bc1c88c1bd14a497e4455af965a34fb1067ebf08b9f0b38e98d5162b,afc20cd2bc1c88c1bd14a497e4455af965a34fb1067ebf08b9f0b38e98d5162b,True
us-ff1993/src/08_section8a_rmo_regressions.py,0309beaa38a6dd8eaa6cd753f94e5d2b6ef194f0c3e9ba26837d6fbb828ad7bc,0309beaa38a6dd8eaa6cd753f94e5d2b6ef194f0c3e9ba26837d6fbb828ad7bc,True
us-ff1993/src/09_section11_ep_dp_portfolios.py,889327237e764062a41c2efa8fbed197a74cb83421e4d938797dadb873ab0e5a,889327237e764062a41c2efa8fbed197a74cb83421e4d938797dadb873ab0e5a,True
us-ff1993/src/10_appendix_table_exports.py,9a8c2e47c4b1dfe5980a36bcdbbf0759100a47e01343d8602ccbfe1613acf3ea,9a8c2e47c4b1dfe5980a36bcdbbf0759100a47e01343d8602ccbfe1613acf3ea,True
us-ff1993/src/11_submission_visualizations.py,801eb1d7ea47ba4ee0eaf8f4d02b4f6064c540c58a7483d0f2c62195c51b377e,801eb1d7ea47ba4ee0eaf8f4d02b4f6064c540c58a7483d0f2c62195c51b377e,True
us-ff1993/src/compustat_portfolio_builder.py,bdd82bfd9dae4f309d1b6ce8b431c1e85a275a22262f87e4df341a5990b2c5c0,bdd82bfd9dae4f309d1b6ce8b431c1e85a275a22262f87e4df341a5990b2c5c0,True
us-ff1993/src/config.py,5bf1bdcca94d98fbdafb7b41800fb01c057f202125a227b762ae8bc5e71a07d9,5bf1bdcca94d98fbdafb7b41800fb01c057f202125a227b762ae8bc5e71a07d9,True
us-ff1993/src/data_loader.py,537e4abff6855d8b13a024d18f2498ac6be6c00a3e23cf49003a354989f13aca,537e4abff6855d8b13a024d18f2498ac6be6c00a3e23cf49003a354989f13aca,True
us-ff1993/src/download_data.py,b148661d5c37691c24e6fdaddab355c6c5625bbf4e4bdeb441c77d307bef6d48,b148661d5c37691c24e6fdaddab355c6c5625bbf4e4bdeb441c77d307bef6d48,True
us-ff1993/src/fred_bond_fetcher.py,7f0c83415b1c9cbd961c99dbe81fe50fbc1595021cb53e928a01ce536029a218,7f0c83415b1c9cbd961c99dbe81fe50fbc1595021cb53e928a01ce536029a218,True
us-ff1993/src/ken_french_parser.py,765658b811aeee59b99ffe4c1591832628bd9de7138180af787388eeb28b7e2c,765658b811aeee59b99ffe4c1591832628bd9de7138180af787388eeb28b7e2c,True
us-ff1993/src/regression_engine.py,6b9647d4e67706a36c01db3eea72bcccfaa829d039645005b0b9640517185e21,6b9647d4e67706a36c01db3eea72bcccfaa829d039645005b0b9640517185e21,True
us-ff1993/tests/conftest.py,81ee6762cf018a7ec28b9f2b1dd1cebc6879c034bb32128ddc78a79053f14584,81ee6762cf018a7ec28b9f2b1dd1cebc6879c034bb32128ddc78a79053f14584,True
us-ff1993/tests/test_compustat_data_replacement.py,2b6cb4700ccc1f405aef03d2012e2d7497c51e07abad6085ae220161f0cbc0dd,2b6cb4700ccc1f405aef03d2012e2d7497c51e07abad6085ae220161f0cbc0dd,True
us-ff1993/tests/test_compustat_portfolio_builder.py,13bfef3c32fe9ba0a6e4fc69dd5a2a5913a9e991d134eb0d74d77a528c58f1f4,13bfef3c32fe9ba0a6e4fc69dd5a2a5913a9e991d134eb0d74d77a528c58f1f4,True
us-ff1993/tests/test_download_data.py,68c2514d2f1e509f5659436561cd37fc25aea23adb0e55ce052faf5ee29885dd,68c2514d2f1e509f5659436561cd37fc25aea23adb0e55ce052faf5ee29885dd,True
us-ff1993/tests/test_fred_bond_fetcher.py,7d252ffaf8617721a23bec5e143e11896dd89fdae4b1608d9a4f76166cbdc4bc,7d252ffaf8617721a23bec5e143e11896dd89fdae4b1608d9a4f76166cbdc4bc,True
us-ff1993/tests/test_ken_french_parser.py,0dab1b6cd617a4bd406d483895601caf572cd280a0f5830761a18c2171a5728b,0dab1b6cd617a4bd406d483895601caf572cd280a0f5830761a18c2171a5728b,True
us-ff1993/tests/test_paper_comparison.py,d4fda2e4bce86ac80da38a14921265320c9679b06a8a135861203a2656b1d3e3,d4fda2e4bce86ac80da38a14921265320c9679b06a8a135861203a2656b1d3e3,True
us-ff1993/tests/test_regression_engine.py,dcdb2c6ab37272e365bbc2957c5a9cacfa0d55026e78f6cbc9501ee3c0ed4b7f,dcdb2c6ab37272e365bbc2957c5a9cacfa0d55026e78f6cbc9501ee3c0ed4b7f,True
us-ff1993/tests/test_scaffold.py,159867ede71b5fbac5b7c6b477c4479c474df55e4fcc5e99811cd5cb07c8f0aa,159867ede71b5fbac5b7c6b477c4479c474df55e4fcc5e99811cd5cb07c8f0aa,True
us-ff1993/tests/test_section2_bond_factors.py,3db45b01b8c6ac6ffe941628c8abd55c0e50eee4c05c24cc5bd824941b663e6e,3db45b01b8c6ac6ffe941628c8abd55c0e50eee4c05c24cc5bd824941b663e6e,True
us-ff1993/tests/test_section2_bond_portfolios.py,2d0251cf278e05e39d5f8d06adf99895997aa7c7f507da35c6bde87d3513a10b,2d0251cf278e05e39d5f8d06adf99895997aa7c7f507da35c6bde87d3513a10b,True
us-ff1993/tests/test_section2_factors.py,13789aedc95dc0fef45878f59f66bb5115d099a26d370202f4382dea8b3e1137,13789aedc95dc0fef45878f59f66bb5115d099a26d370202f4382dea8b3e1137,True
us-ff1993/tests/test_section2_stock_portfolios.py,0fd6c448de30cdb789de2e38a79efba12a3e5d64923916b6ca5b35dce6d331f4,0fd6c448de30cdb789de2e38a79efba12a3e5d64923916b6ca5b35dce6d331f4,True
us-ff1993/tests/test_section3_statistics.py,f2e374157eb859a73a2a85ed259416094c353216d987cceb3d4a465727d250e4,f2e374157eb859a73a2a85ed259416094c353216d987cceb3d4a465727d250e4,True
us-ff1993/tests/test_section4_five_factor.py,6846357ea8e6d04015a7379236a634d45dc9a52ab0cc4a8cbca03fb24c2e3256,6846357ea8e6d04015a7379236a634d45dc9a52ab0cc4a8cbca03fb24c2e3256,True
us-ff1993/tests/test_section4_regressions.py,9edab2216a38dfd680c1a478ef4b81f6e7fc15814e43036d0763b2943a1e9de7,9edab2216a38dfd680c1a478ef4b81f6e7fc15814e43036d0763b2943a1e9de7,True
us-ff1993/tests/test_section5_grs_test.py,e2046a8ce16bc158abc7bc78029f0506d5a8a29929cec1d1561059d6fd262477,e2046a8ce16bc158abc7bc78029f0506d5a8a29929cec1d1561059d6fd262477,True
us-ff1993/tests/test_section5_intercepts.py,1344be47996b2e4e5c59ad5869ab88723558fe9c84ab854010006961106798f2,1344be47996b2e4e5c59ad5869ab88723558fe9c84ab854010006961106798f2,True
us-ff1993/tests/test_section6_visualizations.py,b7fcef61f3a9ccccce41f883b33b11c9ccd4165544d738b83605df324867e8a6,b7fcef61f3a9ccccce41f883b33b11c9ccd4165544d738b83605df324867e8a6,True
