date,cell,n_formed,missing_return_count
2016-01-01,LowBM_LowG,0,0
2016-01-01,LowBM_HighG,0,0
2016-01-01,HighBM_LowG,0,0
2016-01-01,HighBM_HighG,0,0
2016-02-01,LowBM_LowG,0,0
2016-02-01,LowBM_HighG,0,0
2016-02-01,HighBM_LowG,0,0
2016-02-01,HighBM_HighG,0,0
2016-03-01,LowBM_LowG,0,0
2016-03-01,LowBM_HighG,0,0
2016-03-01,HighBM_LowG,0,0
2016-03-01,HighBM_HighG,0,0
2016-04-01,LowBM_LowG,0,0
2016-04-01,LowBM_HighG,0,0
2016-04-01,HighBM_LowG,0,0
2016-04-01,HighBM_HighG,0,0
2016-05-01,LowBM_LowG,0,0
2016-05-01,LowBM_HighG,0,0
2016-05-01,HighBM_LowG,0,0
2016-05-01,HighBM_HighG,0,0
2016-06-01,LowBM_LowG,0,0
2016-06-01,LowBM_HighG,0,0
2016-06-01,HighBM_LowG,0,0
2016-06-01,HighBM_HighG,0,0
2016-07-01,LowBM_LowG,0,0
2016-07-01,LowBM_HighG,0,0
2016-07-01,HighBM_LowG,0,0
2016-07-01,HighBM_HighG,0,0
2016-08-01,LowBM_LowG,0,0
2016-08-01,LowBM_HighG,0,0
2016-08-01,HighBM_LowG,0,0
2016-08-01,HighBM_HighG,0,0
2016-09-01,LowBM_LowG,0,0
2016-09-01,LowBM_HighG,0,0
2016-09-01,HighBM_LowG,0,0
2016-09-01,HighBM_HighG,0,0
2016-10-01,LowBM_LowG,0,0
2016-10-01,LowBM_HighG,0,0
2016-10-01,HighBM_LowG,0,0
2016-10-01,HighBM_HighG,0,0
2016-11-01,LowBM_LowG,0,0
2016-11-01,LowBM_HighG,0,0
2016-11-01,HighBM_LowG,0,0
2016-11-01,HighBM_HighG,0,0
2016-12-01,LowBM_LowG,0,0
2016-12-01,LowBM_HighG,0,0
2016-12-01,HighBM_LowG,0,0
2016-12-01,HighBM_HighG,0,0
2017-01-01,LowBM_LowG,0,0
2017-01-01,LowBM_HighG,0,0
2017-01-01,HighBM_LowG,0,0
2017-01-01,HighBM_HighG,0,0
2017-02-01,LowBM_LowG,0,0
2017-02-01,LowBM_HighG,0,0
2017-02-01,HighBM_LowG,0,0
2017-02-01,HighBM_HighG,0,0
2017-03-01,LowBM_LowG,0,0
2017-03-01,LowBM_HighG,0,0
2017-03-01,HighBM_LowG,0,0
2017-03-01,HighBM_HighG,0,0
2017-04-01,LowBM_LowG,0,0
2017-04-01,LowBM_HighG,0,0
2017-04-01,HighBM_LowG,0,0
2017-04-01,HighBM_HighG,0,0
2017-05-01,LowBM_LowG,0,0
2017-05-01,LowBM_HighG,0,0
2017-05-01,HighBM_LowG,0,0
2017-05-01,HighBM_HighG,0,0
2017-06-01,LowBM_LowG,0,0
2017-06-01,LowBM_HighG,0,0
2017-06-01,HighBM_LowG,0,0
2017-06-01,HighBM_HighG,0,0
2017-07-01,LowBM_LowG,0,0
2017-07-01,LowBM_HighG,0,0
2017-07-01,HighBM_LowG,0,0
2017-07-01,HighBM_HighG,0,0
2017-08-01,LowBM_LowG,0,0
2017-08-01,LowBM_HighG,0,0
2017-08-01,HighBM_LowG,0,0
2017-08-01,HighBM_HighG,0,0
2017-09-01,LowBM_LowG,0,0
2017-09-01,LowBM_HighG,0,0
2017-09-01,HighBM_LowG,0,0
2017-09-01,HighBM_HighG,0,0
2017-10-01,LowBM_LowG,0,0
2017-10-01,LowBM_HighG,0,0
2017-10-01,HighBM_LowG,0,0
2017-10-01,HighBM_HighG,0,0
2017-11-01,LowBM_LowG,0,0
2017-11-01,LowBM_HighG,0,0
2017-11-01,HighBM_LowG,0,0
2017-11-01,HighBM_HighG,0,0
2017-12-01,LowBM_LowG,0,0
2017-12-01,LowBM_HighG,0,0
2017-12-01,HighBM_LowG,0,0
2017-12-01,HighBM_HighG,0,0
2018-01-01,LowBM_LowG,0,0
2018-01-01,LowBM_HighG,0,0
2018-01-01,HighBM_LowG,0,0
2018-01-01,HighBM_HighG,0,0
2018-02-01,LowBM_LowG,0,0
2018-02-01,LowBM_HighG,0,0
2018-02-01,HighBM_LowG,0,0
2018-02-01,HighBM_HighG,0,0
2018-03-01,LowBM_LowG,0,0
2018-03-01,LowBM_HighG,0,0
2018-03-01,HighBM_LowG,0,0
2018-03-01,HighBM_HighG,0,0
2018-04-01,LowBM_LowG,0,0
2018-04-01,LowBM_HighG,0,0
2018-04-01,HighBM_LowG,0,0
2018-04-01,HighBM_HighG,0,0
2018-05-01,LowBM_LowG,0,0
2018-05-01,LowBM_HighG,0,0
2018-05-01,HighBM_LowG,0,0
2018-05-01,HighBM_HighG,0,0
2018-06-01,LowBM_LowG,0,0
2018-06-01,LowBM_HighG,0,0
2018-06-01,HighBM_LowG,0,0
2018-06-01,HighBM_HighG,0,0
2018-07-01,LowBM_LowG,0,0
2018-07-01,LowBM_HighG,0,0
2018-07-01,HighBM_LowG,0,0
2018-07-01,HighBM_HighG,0,0
2018-08-01,LowBM_LowG,0,0
2018-08-01,LowBM_HighG,0,0
2018-08-01,HighBM_LowG,0,0
2018-08-01,HighBM_HighG,0,0
2018-09-01,LowBM_LowG,0,0
2018-09-01,LowBM_HighG,0,0
2018-09-01,HighBM_LowG,0,0
2018-09-01,HighBM_HighG,0,0
2018-10-01,LowBM_LowG,0,0
2018-10-01,LowBM_HighG,0,0
2018-10-01,HighBM_LowG,0,0
2018-10-01,HighBM_HighG,0,0
2018-11-01,LowBM_LowG,0,0
2018-11-01,LowBM_HighG,0,0
2018-11-01,HighBM_LowG,0,0
2018-11-01,HighBM_HighG,0,0
2018-12-01,LowBM_LowG,0,0
2018-12-01,LowBM_HighG,0,0
2018-12-01,HighBM_LowG,0,0
2018-12-01,HighBM_HighG,0,0
2019-01-01,LowBM_LowG,0,0
2019-01-01,LowBM_HighG,0,0
2019-01-01,HighBM_LowG,0,0
2019-01-01,HighBM_HighG,0,0
2019-02-01,LowBM_LowG,0,0
2019-02-01,LowBM_HighG,0,0
2019-02-01,HighBM_LowG,0,0
2019-02-01,HighBM_HighG,0,0
2019-03-01,LowBM_LowG,0,0
2019-03-01,LowBM_HighG,0,0
2019-03-01,HighBM_LowG,0,0
2019-03-01,HighBM_HighG,0,0
2019-04-01,LowBM_LowG,0,0
2019-04-01,LowBM_HighG,0,0
2019-04-01,HighBM_LowG,0,0
2019-04-01,HighBM_HighG,0,0
2019-05-01,LowBM_LowG,0,0
2019-05-01,LowBM_HighG,0,0
2019-05-01,HighBM_LowG,0,0
2019-05-01,HighBM_HighG,0,0
2019-06-01,LowBM_LowG,0,0
2019-06-01,LowBM_HighG,0,0
2019-06-01,HighBM_LowG,0,0
2019-06-01,HighBM_HighG,0,0
2019-07-01,LowBM_LowG,0,0
2019-07-01,LowBM_HighG,0,0
2019-07-01,HighBM_LowG,0,0
2019-07-01,HighBM_HighG,0,0
2019-08-01,LowBM_LowG,0,0
2019-08-01,LowBM_HighG,0,0
2019-08-01,HighBM_LowG,0,0
2019-08-01,HighBM_HighG,0,0
2019-09-01,LowBM_LowG,0,0
2019-09-01,LowBM_HighG,0,0
2019-09-01,HighBM_LowG,0,0
2019-09-01,HighBM_HighG,0,0
2019-10-01,LowBM_LowG,0,0
2019-10-01,LowBM_HighG,0,0
2019-10-01,HighBM_LowG,0,0
2019-10-01,HighBM_HighG,0,0
2019-11-01,LowBM_LowG,0,0
2019-11-01,LowBM_HighG,0,0
2019-11-01,HighBM_LowG,0,0
2019-11-01,HighBM_HighG,0,0
2019-12-01,LowBM_LowG,0,0
2019-12-01,LowBM_HighG,0,0
2019-12-01,HighBM_LowG,0,0
2019-12-01,HighBM_HighG,0,0
2020-01-01,LowBM_LowG,0,0
2020-01-01,LowBM_HighG,0,0
2020-01-01,HighBM_LowG,0,0
2020-01-01,HighBM_HighG,0,0
2020-02-01,LowBM_LowG,0,0
2020-02-01,LowBM_HighG,0,0
2020-02-01,HighBM_LowG,0,0
2020-02-01,HighBM_HighG,0,0
2020-03-01,LowBM_LowG,0,0
2020-03-01,LowBM_HighG,0,0
2020-03-01,HighBM_LowG,0,0
2020-03-01,HighBM_HighG,0,0
2020-04-01,LowBM_LowG,0,0
2020-04-01,LowBM_HighG,0,0
2020-04-01,HighBM_LowG,0,0
2020-04-01,HighBM_HighG,0,0
2020-05-01,LowBM_LowG,0,0
2020-05-01,LowBM_HighG,0,0
2020-05-01,HighBM_LowG,0,0
2020-05-01,HighBM_HighG,0,0
2020-06-01,LowBM_LowG,0,0
2020-06-01,LowBM_HighG,0,0
2020-06-01,HighBM_LowG,0,0
2020-06-01,HighBM_HighG,0,0
2020-07-01,LowBM_LowG,0,0
2020-07-01,LowBM_HighG,0,0
2020-07-01,HighBM_LowG,0,0
2020-07-01,HighBM_HighG,0,0
2020-08-01,LowBM_LowG,0,0
2020-08-01,LowBM_HighG,0,0
2020-08-01,HighBM_LowG,0,0
2020-08-01,HighBM_HighG,0,0
2020-09-01,LowBM_LowG,0,0
2020-09-01,LowBM_HighG,0,0
2020-09-01,HighBM_LowG,0,0
2020-09-01,HighBM_HighG,0,0
2020-10-01,LowBM_LowG,0,0
2020-10-01,LowBM_HighG,0,0
2020-10-01,HighBM_LowG,0,0
2020-10-01,HighBM_HighG,0,0
2020-11-01,LowBM_LowG,0,0
2020-11-01,LowBM_HighG,0,0
2020-11-01,HighBM_LowG,0,0
2020-11-01,HighBM_HighG,0,0
2020-12-01,LowBM_LowG,0,0
2020-12-01,LowBM_HighG,0,0
2020-12-01,HighBM_LowG,0,0
2020-12-01,HighBM_HighG,0,0
2021-01-01,LowBM_LowG,0,0
2021-01-01,LowBM_HighG,0,0
2021-01-01,HighBM_LowG,0,0
2021-01-01,HighBM_HighG,0,0
2021-02-01,LowBM_LowG,0,0
2021-02-01,LowBM_HighG,0,0
2021-02-01,HighBM_LowG,0,0
2021-02-01,HighBM_HighG,0,0
2021-03-01,LowBM_LowG,0,0
2021-03-01,LowBM_HighG,0,0
2021-03-01,HighBM_LowG,0,0
2021-03-01,HighBM_HighG,0,0
2021-04-01,LowBM_LowG,0,0
2021-04-01,LowBM_HighG,0,0
2021-04-01,HighBM_LowG,0,0
2021-04-01,HighBM_HighG,0,0
2021-05-01,LowBM_LowG,0,0
2021-05-01,LowBM_HighG,0,0
2021-05-01,HighBM_LowG,0,0
2021-05-01,HighBM_HighG,0,0
2021-06-01,LowBM_LowG,0,0
2021-06-01,LowBM_HighG,0,0
2021-06-01,HighBM_LowG,0,0
2021-06-01,HighBM_HighG,0,0
2021-07-01,LowBM_LowG,31,0
2021-07-01,LowBM_HighG,29,0
2021-07-01,HighBM_LowG,30,0
2021-07-01,HighBM_HighG,30,0
2021-08-01,LowBM_LowG,31,0
2021-08-01,LowBM_HighG,29,0
2021-08-01,HighBM_LowG,30,0
2021-08-01,HighBM_HighG,30,0
2021-09-01,LowBM_LowG,31,0
2021-09-01,LowBM_HighG,29,0
2021-09-01,HighBM_LowG,30,0
2021-09-01,HighBM_HighG,30,0
2021-10-01,LowBM_LowG,31,0
2021-10-01,LowBM_HighG,29,0
2021-10-01,HighBM_LowG,30,0
2021-10-01,HighBM_HighG,30,0
2021-11-01,LowBM_LowG,31,0
2021-11-01,LowBM_HighG,29,0
2021-11-01,HighBM_LowG,30,0
2021-11-01,HighBM_HighG,30,0
2021-12-01,LowBM_LowG,31,0
2021-12-01,LowBM_HighG,29,0
2021-12-01,HighBM_LowG,30,0
2021-12-01,HighBM_HighG,30,0
2022-01-01,LowBM_LowG,31,0
2022-01-01,LowBM_HighG,29,0
2022-01-01,HighBM_LowG,30,0
2022-01-01,HighBM_HighG,30,0
2022-02-01,LowBM_LowG,31,0
2022-02-01,LowBM_HighG,29,0
2022-02-01,HighBM_LowG,30,0
2022-02-01,HighBM_HighG,30,0
2022-03-01,LowBM_LowG,31,0
2022-03-01,LowBM_HighG,29,0
2022-03-01,HighBM_LowG,30,0
2022-03-01,HighBM_HighG,30,0
2022-04-01,LowBM_LowG,31,0
2022-04-01,LowBM_HighG,29,0
2022-04-01,HighBM_LowG,30,0
2022-04-01,HighBM_HighG,30,0
2022-05-01,LowBM_LowG,31,0
2022-05-01,LowBM_HighG,30,0
2022-05-01,HighBM_LowG,30,0
2022-05-01,HighBM_HighG,30,0
2022-06-01,LowBM_LowG,31,0
2022-06-01,LowBM_HighG,30,0
2022-06-01,HighBM_LowG,30,0
2022-06-01,HighBM_HighG,30,0
2022-07-01,LowBM_LowG,28,0
2022-07-01,LowBM_HighG,27,0
2022-07-01,HighBM_LowG,32,0
2022-07-01,HighBM_HighG,22,1
2022-08-01,LowBM_LowG,27,0
2022-08-01,LowBM_HighG,27,0
2022-08-01,HighBM_LowG,33,0
2022-08-01,HighBM_HighG,21,0
2022-09-01,LowBM_LowG,27,0
2022-09-01,LowBM_HighG,27,0
2022-09-01,HighBM_LowG,33,0
2022-09-01,HighBM_HighG,21,0
2022-10-01,LowBM_LowG,27,0
2022-10-01,LowBM_HighG,27,0
2022-10-01,HighBM_LowG,33,0
2022-10-01,HighBM_HighG,21,0
2022-11-01,LowBM_LowG,27,0
2022-11-01,LowBM_HighG,27,0
2022-11-01,HighBM_LowG,33,0
2022-11-01,HighBM_HighG,21,0
2022-12-01,LowBM_LowG,27,0
2022-12-01,LowBM_HighG,27,0
2022-12-01,HighBM_LowG,33,0
2022-12-01,HighBM_HighG,21,0
2023-01-01,LowBM_LowG,27,0
2023-01-01,LowBM_HighG,27,0
2023-01-01,HighBM_LowG,33,0
2023-01-01,HighBM_HighG,21,0
2023-02-01,LowBM_LowG,27,0
2023-02-01,LowBM_HighG,27,0
2023-02-01,HighBM_LowG,33,0
2023-02-01,HighBM_HighG,21,0
2023-03-01,LowBM_LowG,27,1
2023-03-01,LowBM_HighG,27,0
2023-03-01,HighBM_LowG,33,0
2023-03-01,HighBM_HighG,21,0
2023-04-01,LowBM_LowG,29,0
2023-04-01,LowBM_HighG,25,0
2023-04-01,HighBM_LowG,28,0
2023-04-01,HighBM_HighG,26,0
2023-05-01,LowBM_LowG,29,0
2023-05-01,LowBM_HighG,25,0
2023-05-01,HighBM_LowG,28,0
2023-05-01,HighBM_HighG,26,0
2023-06-01,LowBM_LowG,29,0
2023-06-01,LowBM_HighG,25,0
2023-06-01,HighBM_LowG,28,1
2023-06-01,HighBM_HighG,26,0
2023-07-01,LowBM_LowG,31,0
2023-07-01,LowBM_HighG,29,0
2023-07-01,HighBM_LowG,32,1
2023-07-01,HighBM_HighG,27,0
2023-08-01,LowBM_LowG,31,0
2023-08-01,LowBM_HighG,29,0
2023-08-01,HighBM_LowG,32,0
2023-08-01,HighBM_HighG,27,0
2023-09-01,LowBM_LowG,31,0
2023-09-01,LowBM_HighG,29,0
2023-09-01,HighBM_LowG,32,0
2023-09-01,HighBM_HighG,27,0
2023-10-01,LowBM_LowG,31,0
2023-10-01,LowBM_HighG,29,0
2023-10-01,HighBM_LowG,32,0
2023-10-01,HighBM_HighG,27,0
2023-11-01,LowBM_LowG,31,0
2023-11-01,LowBM_HighG,29,0
2023-11-01,HighBM_LowG,32,0
2023-11-01,HighBM_HighG,27,0
2023-12-01,LowBM_LowG,31,0
2023-12-01,LowBM_HighG,29,0
2023-12-01,HighBM_LowG,32,0
2023-12-01,HighBM_HighG,27,0
2024-01-01,LowBM_LowG,31,0
2024-01-01,LowBM_HighG,29,0
2024-01-01,HighBM_LowG,32,0
2024-01-01,HighBM_HighG,27,0
2024-02-01,LowBM_LowG,31,0
2024-02-01,LowBM_HighG,29,0
2024-02-01,HighBM_LowG,32,0
2024-02-01,HighBM_HighG,27,0
2024-03-01,LowBM_LowG,31,0
2024-03-01,LowBM_HighG,29,0
2024-03-01,HighBM_LowG,32,1
2024-03-01,HighBM_HighG,27,0
2024-04-01,LowBM_LowG,36,0
2024-04-01,LowBM_HighG,23,0
2024-04-01,HighBM_LowG,33,0
2024-04-01,HighBM_HighG,26,0
2024-05-01,LowBM_LowG,36,0
2024-05-01,LowBM_HighG,23,0
2024-05-01,HighBM_LowG,34,0
2024-05-01,HighBM_HighG,25,0
2024-06-01,LowBM_LowG,36,0
2024-06-01,LowBM_HighG,23,0
2024-06-01,HighBM_LowG,34,0
2024-06-01,HighBM_HighG,25,0
2024-07-01,LowBM_LowG,37,0
2024-07-01,LowBM_HighG,27,1
2024-07-01,HighBM_LowG,37,0
2024-07-01,HighBM_HighG,26,0
2024-08-01,LowBM_LowG,37,0
2024-08-01,LowBM_HighG,26,0
2024-08-01,HighBM_LowG,37,0
2024-08-01,HighBM_HighG,26,0
2024-09-01,LowBM_LowG,37,0
2024-09-01,LowBM_HighG,26,0
2024-09-01,HighBM_LowG,37,0
2024-09-01,HighBM_HighG,26,0
2024-10-01,LowBM_LowG,37,0
2024-10-01,LowBM_HighG,26,0
2024-10-01,HighBM_LowG,37,0
2024-10-01,HighBM_HighG,26,0
2024-11-01,LowBM_LowG,37,0
2024-11-01,LowBM_HighG,26,0
2024-11-01,HighBM_LowG,37,0
2024-11-01,HighBM_HighG,26,0
2024-12-01,LowBM_LowG,37,0
2024-12-01,LowBM_HighG,26,0
2024-12-01,HighBM_LowG,37,0
2024-12-01,HighBM_HighG,26,0
2025-01-01,LowBM_LowG,37,0
2025-01-01,LowBM_HighG,26,0
2025-01-01,HighBM_LowG,37,0
2025-01-01,HighBM_HighG,26,0
2025-02-01,LowBM_LowG,37,0
2025-02-01,LowBM_HighG,26,0
2025-02-01,HighBM_LowG,37,0
2025-02-01,HighBM_HighG,26,0
2025-03-01,LowBM_LowG,37,0
2025-03-01,LowBM_HighG,26,0
2025-03-01,HighBM_LowG,37,0
2025-03-01,HighBM_HighG,26,0
2025-04-01,LowBM_LowG,37,0
2025-04-01,LowBM_HighG,26,0
2025-04-01,HighBM_LowG,37,0
2025-04-01,HighBM_HighG,26,0
2025-05-01,LowBM_LowG,37,0
2025-05-01,LowBM_HighG,26,0
2025-05-01,HighBM_LowG,37,0
2025-05-01,HighBM_HighG,26,0
2025-06-01,LowBM_LowG,37,0
2025-06-01,LowBM_HighG,26,0
2025-06-01,HighBM_LowG,37,0
2025-06-01,HighBM_HighG,26,0
2025-07-01,LowBM_LowG,29,0
2025-07-01,LowBM_HighG,27,0
2025-07-01,HighBM_LowG,34,0
2025-07-01,HighBM_HighG,21,0
2025-08-01,LowBM_LowG,29,0
2025-08-01,LowBM_HighG,27,0
2025-08-01,HighBM_LowG,34,0
2025-08-01,HighBM_HighG,21,0
2025-09-01,LowBM_LowG,29,0
2025-09-01,LowBM_HighG,27,0
2025-09-01,HighBM_LowG,34,0
2025-09-01,HighBM_HighG,21,0
2025-10-01,LowBM_LowG,29,0
2025-10-01,LowBM_HighG,27,0
2025-10-01,HighBM_LowG,34,0
2025-10-01,HighBM_HighG,21,0
2025-11-01,LowBM_LowG,29,1
2025-11-01,LowBM_HighG,27,0
2025-11-01,HighBM_LowG,34,0
2025-11-01,HighBM_HighG,21,0
2025-12-01,LowBM_LowG,29,0
2025-12-01,LowBM_HighG,27,0
2025-12-01,HighBM_LowG,34,0
2025-12-01,HighBM_HighG,21,0
2026-01-01,LowBM_LowG,29,2
2026-01-01,LowBM_HighG,27,0
2026-01-01,HighBM_LowG,34,0
2026-01-01,HighBM_HighG,21,0
2026-02-01,LowBM_LowG,28,0
2026-02-01,LowBM_HighG,27,0
2026-02-01,HighBM_LowG,34,0
2026-02-01,HighBM_HighG,21,0
2026-03-01,LowBM_LowG,28,0
2026-03-01,LowBM_HighG,27,0
2026-03-01,HighBM_LowG,34,0
2026-03-01,HighBM_HighG,21,0
2026-04-01,LowBM_LowG,33,1
2026-04-01,LowBM_HighG,22,2
2026-04-01,HighBM_LowG,32,1
2026-04-01,HighBM_HighG,23,0
2026-05-01,LowBM_LowG,33,0
2026-05-01,LowBM_HighG,22,0
2026-05-01,HighBM_LowG,32,0
2026-05-01,HighBM_HighG,23,0
