spec_id,cohort,role,parameters_pre_registered,sample_design_after_availability_audit,spread_mean_pct,notes,status,n_months,start,end,alpha_monthly_decimal,alpha_monthly_pct,t_hac,t_ols,p_hac,ci95_low_pct,ci95_high_pct,beta_mkt,beta_smb,beta_hml,r_squared,condition_number,rf_subtracted,hac_lags,gross_mean_pct_same_valid_cost_months,not_estimated_reason,effect_type,g_slope_pct
pilot_base,fixed_stage150,supplementary_exploratory,True,True,1.389667719952361,all variants shown; only N>=24 infer; no original primary replacement,estimated,24,2024-04-01,2026-03-01,0.005145235174688073,0.5145235174688073,0.8808933564279193,0.5419590295754778,0.38883897998851424,-0.7038728325170767,1.7329198674546913,0.42766005906125776,0.16431322526928752,0.22871561902651744,0.4020163150816165,44.929523313333945,False,3.0,,,,
pilot_cost_10bp,fixed_stage150,supplementary_exploratory,True,,1.5409910468840815,"23 months only; compare with same-month gross, not 24-month base; unknown turnover not filled; no borrow/financing/liquidity validation",not_estimated,23,,,,,,,,,,,,,,,,,1.551329101083198,insufficient_common_months,,
pilot_cost_30bp,fixed_stage150,supplementary_exploratory,True,,1.5203149384858479,"23 months only; compare with same-month gross, not 24-month base; unknown turnover not filled; no borrow/financing/liquidity validation",not_estimated,23,,,,,,,,,,,,,,,,,1.551329101083198,insufficient_common_months,,
pilot_equal_weight,fixed_stage150,supplementary_exploratory,True,True,0.9983271550741142,all variants shown; only N>=24 infer; no original primary replacement,estimated,24,2024-04-01,2026-03-01,0.0025855373977004114,0.25855373977004115,0.602106580858726,0.4571727066569382,0.5538686651096921,-0.6371907471030255,1.1542982266431077,0.1647026640361801,-0.0019137893275991205,0.26650626191437915,0.42994169835125284,44.929523313333945,False,3.0,,,,
pilot_g_cut_30,fixed_stage150,supplementary_exploratory,True,True,1.4390201884414602,all variants shown; only N>=24 infer; no original primary replacement,estimated,24,2024-04-01,2026-03-01,0.003095287036465878,0.3095287036465878,0.38289943446615904,0.3585326226882935,0.7058335557200675,-1.3767249273794322,1.9957823346726078,0.6747953768417931,0.32164147255356934,0.3124060888818453,0.622373598855333,44.929523313333945,False,3.0,,,,
pilot_g_cut_70,fixed_stage150,supplementary_exploratory,True,True,-0.9924213814696726,all variants shown; only N>=24 infer; no original primary replacement,estimated,24,2024-04-01,2026-03-01,0.0012282740382974597,0.12282740382974597,0.19017863577951744,0.11663659837096425,0.8510861895389654,-1.2243979228281492,1.4700527304876414,0.4783043926367018,0.6190153732768469,-0.39270631555867264,0.23601742182172758,44.929523313333945,False,3.0,,,,
pilot_exclude_top5,fixed_stage150,supplementary_exploratory,True,True,1.636504474554033,all variants shown; only N>=24 infer; no original primary replacement,estimated,24,2024-04-01,2026-03-01,0.0065916792307156025,0.6591679230715602,0.9161142582559799,0.7454293822161785,0.37052176353969557,-0.8417367738546064,2.1600726199977274,0.6137525196748944,0.32246961504992167,0.3253320964604557,0.5483218374505496,44.929523313333945,False,3.0,,,,
pilot_legacy_FF3,fixed_stage150,supplementary_exploratory,True,True,1.389667719952361,all variants shown; only N>=24 infer; no original primary replacement,estimated,24,2024-04-01,2026-03-01,0.00420290447708724,0.420290447708724,0.7325611470731547,0.474573461644843,0.4723249124572438,-0.7764840668259018,1.6170649622433495,0.48373235038117035,0.16105567007916596,0.36339038215420616,0.4424645974585981,43.773343665053815,False,3.0,,,,
pilot_hac6,fixed_stage150,supplementary_exploratory,True,True,1.389667719952361,all variants shown; only N>=24 infer; no original primary replacement,estimated,24,2024-04-01,2026-03-01,0.005145235174688073,0.5145235174688073,0.9734588687086202,0.5419590295754778,0.3419528129362257,-0.5880163891452121,1.6170634240828268,0.42766005906125776,0.16431322526928752,0.22871561902651744,0.4020163150816165,44.929523313333945,False,6.0,,,,
pilot_stale_365_days,fixed_stage150,supplementary_exploratory,True,True,0.9242515158823392,all variants shown; only N>=24 infer; no original primary replacement,estimated,24,2024-04-01,2026-03-01,0.004385272310293857,0.43852723102938573,0.6140563388712706,0.6016711595905376,0.5461002327852291,-1.051159816643577,1.9282142787023484,0.3588232768508879,0.11319880702160967,-0.10646945976961429,0.44287266642237666,44.929523313333945,False,3.0,,,,
pilot_kospi_reported_only,fixed_stage150,supplementary_exploratory,True,True,1.5155383677652354,all variants shown; only N>=24 infer; no original primary replacement,estimated,24,2024-04-01,2026-03-01,0.00745633423375447,0.745633423375447,1.0524291276545776,0.7898960572551519,0.305152717694392,-0.7322466783347252,2.2235135250856195,0.4519372211750867,0.2093602839864049,0.20393041137029533,0.3873036995457252,44.929523313333945,False,3.0,,,,
pilot_kosdaq_reported_only,fixed_stage150,supplementary_exploratory,True,True,,all variants shown; only N>=24 infer; no original primary replacement,not_estimated,0,,,,,,,,,,,,,,,,,,insufficient_common_months,,
pilot_quarterly_rebalance,fixed_stage150,supplementary_exploratory,True,True,1.3831835896052354,all variants shown; only N>=24 infer; no original primary replacement,estimated,24,2024-04-01,2026-03-01,0.005105521404862768,0.5105521404862768,0.8666944463546814,0.539718165875812,0.39638857509228714,-0.7182466679716322,1.7393509489441856,0.43021403264047414,0.16637800676349257,0.22616179081428128,0.4046746490749208,44.929523313333945,False,3.0,,,,
pilot_annual_rebalance,fixed_stage150,supplementary_exploratory,True,True,1.4592714579409365,all variants shown; only N>=24 infer; no original primary replacement,not_estimated,21,,,,,,,,,,,,,,,,,,insufficient_common_months,,
pilot_verified_ROE_size_BM_leverage_controls,fixed_stage150,supplementary_exploratory,True,,,,estimated,24,,,,,,,0.39983448517883347,,,,,,,,,,,,monthly_cross_section_G_coefficient_not_portfolio_alpha,1.1042468426786574
