cohort,cell,n_months,missing_months,mean_monthly_pct,annualized_vol_pct,compounded_spread_index_pct,max_drawdown_index_pct,path_status,note
all_two_leg_available,LowBM_LowG,6,2,1.2766276407513868,25.274903438524603,,,missing_months_cannot_compound,"LowBM cells can have missing months; N disclosed individually. Spread index is a gross normalized diagnostic, not feasible wealth."
all_two_leg_available,LowBM_HighG,6,2,2.1359904104191556,12.582376879103741,,,missing_months_cannot_compound,"LowBM cells can have missing months; N disclosed individually. Spread index is a gross normalized diagnostic, not feasible wealth."
all_two_leg_available,HighBM_LowG,8,0,3.0373688917483097,15.318369885274377,26.22595604740734,-2.865358509780336,complete_normalized_index,"LowBM cells can have missing months; N disclosed individually. Spread index is a gross normalized diagnostic, not feasible wealth."
all_two_leg_available,HighBM_HighG,8,0,3.2510424471168573,17.177077272685874,28.14640640924051,-2.438077796518423,complete_normalized_index,"LowBM cells can have missing months; N disclosed individually. Spread index is a gross normalized diagnostic, not feasible wealth."
all_two_leg_available,spread,8,0,0.21367355536854707,10.562227600138787,1.3911082417655818,-6.470629216044532,complete_normalized_index,"LowBM cells can have missing months; N disclosed individually. Spread index is a gross normalized diagnostic, not feasible wealth."
fixed_stage150_two_leg_available,LowBM_LowG,22,2,-2.6551251189404166,24.772459468523415,,,missing_months_cannot_compound,"LowBM cells can have missing months; N disclosed individually. Spread index is a gross normalized diagnostic, not feasible wealth."
fixed_stage150_two_leg_available,LowBM_HighG,23,1,6.027999095242893,50.44805899492133,,,missing_months_cannot_compound,"LowBM cells can have missing months; N disclosed individually. Spread index is a gross normalized diagnostic, not feasible wealth."
fixed_stage150_two_leg_available,HighBM_LowG,24,0,0.6133490428987958,17.331357235703944,12.610054913573787,-13.910822337675132,complete_normalized_index,"LowBM cells can have missing months; N disclosed individually. Spread index is a gross normalized diagnostic, not feasible wealth."
fixed_stage150_two_leg_available,HighBM_HighG,24,0,2.0030167628511566,28.968052167182474,49.1296506646779,-17.54614510850806,complete_normalized_index,"LowBM cells can have missing months; N disclosed individually. Spread index is a gross normalized diagnostic, not feasible wealth."
fixed_stage150_two_leg_available,spread,24,0,1.389667719952361,17.107562500755375,35.571742533245335,-7.345560583194832,complete_normalized_index,"LowBM cells can have missing months; N disclosed individually. Spread index is a gross normalized diagnostic, not feasible wealth."
